id,label,ts_in,ts_out,dim_0,dim_1,dim_2,dim_3,dim_4
1,product-1,116,148,177,26,22,25,19
2,product-2,173,249,143,137,137,135,62
3,product-3,156,210,65,133,64,69,62
4,product-4,74,97,1,0,0,0,204
5,product-5,108,182,121,79,117,121,117
6,product-6,104,117,41,156,164,159,159
7,product-7,199,218,79,85,82,82,116
8,product-8,204,211,184,20,184,179,177
9,product-9,64,84,143,152,52,149,145
10,product-10,36,126,220,0,0,0,0
11,product-11,167,169,152,143,53,148,149
12,product-12,125,167,73,73,71,66,129
13,product-13,39,134,97,98,102,95,99
14,product-14,129,136,188,191,190,8,196
15,product-15,39,78,33,35,34,167,37
16,product-16,106,147,88,88,87,114,90
17,product-17,86,147,65,69,71,134,66
18,product-18,111,151,83,122,112,117,117
19,product-19,195,211,171,172,165,30,172
20,product-20,77,84,17,185,19,10,12
21,product-21,74,79,83,116,84,80,84
22,product-22,143,193,163,41,42,41,40
23,product-23,163,254,19,178,183,181,176
24,product-24,70,98,3,11,11,9,193
25,product-25,33,54,0,0,203,0,1
26,product-26,131,171,139,136,138,61,142
27,product-27,70,161,147,151,148,154,50
28,product-28,62,161,62,59,138,60,57
29,product-29,163,254,53,143,53,56,54
30,product-30,221,236,44,157,45,44,41
31,product-31,136,210,102,107,105,96,106
32,product-32,154,205,191,12,7,6,14
33,product-33,86,107,120,83,122,118,117
34,product-34,217,228,159,152,46,156,149
35,product-35,237,325,70,75,76,126,69
36,product-36,27,45,0,0,0,206,0
37,product-37,72,90,87,94,109,94,87
38,product-38,69,77,31,32,29,167,30
39,product-39,144,189,181,180,176,179,22
40,product-40,172,222,96,97,88,95,108
41,product-41,83,87,34,161,44,44,36
42,product-42,139,154,25,28,22,20,175
43,product-43,227,276,125,124,117,118,78
44,product-44,73,137,95,105,100,96,97
45,product-45,158,197,0,0,202,0,0
46,product-46,173,226,170,163,164,167,35
47,product-47,19,77,68,137,136,129,133
48,product-48,161,164,134,127,125,71,133
49,product-49,131,163,75,121,120,125,124
50,product-50,138,177,0,0,252,0,0
51,product-51,49,134,0,0,247,0,0
52,product-52,114,127,135,60,67,64,63
53,product-53,77,94,136,137,128,130,68
54,product-54,125,209,68,69,61,134,63
55,product-55,163,211,9,192,9,10,5
56,product-56,153,201,189,9,12,15,8
57,product-57,188,203,142,60,142,142,137
58,product-58,51,136,73,72,79,78,126
59,product-59,163,197,87,90,87,88,114
60,product-60,68,109,39,41,34,164,34
61,product-61,45,58,8,195,187,188,191
62,product-62,82,176,159,156,156,46,159
63,product-63,117,163,10,192,190,186,188
64,product-64,85,175,29,170,30,27,32
65,product-65,75,165,140,65,56,55,55
66,product-66,105,197,127,126,71,133,133
67,product-67,227,307,31,35,29,167,31
68,product-68,233,249,119,85,115,120,116
69,product-69,97,127,3,201,0,1,0
70,product-70,216,216,109,105,112,110,93
71,product-71,126,202,7,4,11,7,194
72,product-72,164,249,102,94,103,111,106
73,product-73,142,199,142,55,53,58,54
74,product-74,23,64,31,29,28,29,167
75,product-75,212,309,23,21,17,23,182
76,product-76,63,155,139,61,64,65,65
77,product-77,149,155,99,101,98,98,102
78,product-78,70,128,95,95,94,97,105
79,product-79,68,156,30,165,169,169,173
80,product-80,173,228,12,12,191,12,14
81,product-81,42,117,169,168,32,171,172
82,product-82,160,184,117,86,115,116,117
83,product-83,162,210,174,171,173,174,25
84,product-84,142,224,38,40,39,160,44
85,product-85,245,313,151,151,159,44,153
86,product-86,145,236,97,105,105,98,100
87,product-87,136,161,0,224,0,0,0
88,product-88,149,154,10,187,9,10,16
89,product-89,63,109,149,46,54,50,50
90,product-90,68,82,131,66,136,139,132
91,product-91,107,112,159,162,43,160,160
92,product-92,134,194,0,0,0,234,0
93,product-93,200,200,36,165,168,160,165
94,product-94,73,166,133,69,71,63,62
95,product-95,82,109,147,140,145,141,57
96,product-96,171,249,134,137,67,136,137
97,product-97,197,202,189,6,7,15,14
98,product-98,114,157,16,17,188,8,15
99,product-99,155,172,136,143,60,140,135
100,product-100,112,165,127,126,77,128,125
101,product-101,221,239,148,49,52,52,57
102,product-102,33,46,45,45,41,160,44
103,product-103,205,208,116,112,115,89,115
104,product-104,108,114,60,136,135,141,144
105,product-105,201,262,14,6,13,190,9
106,product-106,90,124,239,0,0,0,0
107,product-107,180,229,124,81,81,77,80
108,product-108,20,93,178,176,27,168,171
109,product-109,210,227,0,213,0,0,0
110,product-110,255,318,113,91,89,89,83
111,product-111,121,191,2,0,198,3,0
112,product-112,60,124,110,95,102,106,110
113,product-113,186,223,50,155,146,151,147
114,product-114,110,131,16,12,185,19,11
115,product-115,84,161,249,0,0,0,0
116,product-116,226,273,0,200,4,2,0
117,product-117,198,203,23,182,18,14,17
118,product-118,165,248,160,156,42,154,158
119,product-119,136,160,61,143,61,62,56
120,product-120,234,256,83,82,113,84,83
121,product-121,179,256,114,117,115,83,120
122,product-122,177,263,88,88,116,79,83
123,product-123,220,221,157,42,38,44,46
124,product-124,81,149,102,93,103,104,107
125,product-125,177,205,259,0,0,0,0
126,product-126,97,122,6,189,13,11,10
127,product-127,31,32,116,89,111,107,110
128,product-128,189,210,116,123,79,124,123
129,product-129,56,80,164,166,169,160,36
130,product-130,104,142,170,26,34,25,34
131,product-131,90,115,96,109,87,90,86
132,product-132,9,19,121,81,75,76,82
133,product-133,108,188,97,90,89,89,108
134,product-134,158,236,0,0,0,205,0
135,product-135,218,306,6,6,196,8,4
136,product-136,130,176,35,166,167,161,170
137,product-137,154,190,45,47,154,50,46
138,product-138,154,168,89,110,110,115,111
139,product-139,207,216,191,4,5,14,14
140,product-140,194,270,190,12,9,15,11
141,product-141,196,279,71,134,63,68,65
142,product-142,123,184,81,115,117,117,124
143,product-143,120,145,139,134,140,140,61
144,product-144,59,86,127,69,72,73,71
145,product-145,151,218,194,192,186,188,11
146,product-146,218,311,120,125,119,121,80
147,product-147,62,103,183,188,187,17,180
148,product-148,71,160,107,92,88,96,92
149,product-149,42,77,7,12,9,10,192
150,product-150,56,92,129,67,129,130,132
151,product-151,129,139,42,153,43,52,47
152,product-152,136,198,45,35,160,42,38
153,product-153,61,118,30,172,23,24,28
154,product-154,44,121,184,19,185,180,184
155,product-155,146,147,15,14,185,19,12
156,product-156,155,184,106,91,106,113,111
157,product-157,210,270,0,0,0,0,207
158,product-158,90,143,25,27,172,32,31
159,product-159,50,82,54,54,150,52,46
160,product-160,150,166,32,33,31,37,166
161,product-161,30,78,58,62,60,139,58
162,product-162,63,112,158,47,152,157,158
163,product-163,119,142,95,95,95,99,106
164,product-164,49,97,35,165,37,31,33
165,product-165,192,282,24,176,20,19,24
166,product-166,118,140,41,39,41,156,47
167,product-167,45,100,112,120,112,83,122
168,product-168,199,210,141,134,134,136,64
169,product-169,68,128,144,144,145,139,60
170,product-170,41,101,21,180,16,23,19
171,product-171,262,284,117,109,117,114,88
172,product-172,157,237,128,75,129,121,125
173,product-173,134,223,169,31,33,29,29
174,product-174,184,254,207,0,0,0,0
175,product-175,83,158,136,62,136,136,138
176,product-176,173,209,142,136,140,143,60
177,product-177,99,157,119,124,124,118,77
178,product-178,144,161,35,32,31,165,31
179,product-179,23,114,179,18,20,22,24
180,product-180,175,229,62,141,133,139,143
181,product-181,82,111,102,93,99,103,97
182,product-182,254,324,185,13,13,10,16
183,product-183,43,118,15,14,181,22,18
184,product-184,184,188,33,33,23,172,32
185,product-185,178,224,31,34,33,32,169
186,product-186,114,169,0,0,0,216,0
187,product-187,110,190,0,221,0,0,0
188,product-188,87,98,42,39,161,41,39
189,product-189,136,166,0,0,212,0,0
190,product-190,70,78,33,34,30,167,31
191,product-191,15,84,111,112,88,111,111
192,product-192,204,270,170,172,163,167,33
193,product-193,185,212,175,24,28,30,25
194,product-194,53,132,24,23,23,180,15
195,product-195,245,304,166,38,36,30,39
196,product-196,33,116,17,21,18,11,184
197,product-197,182,225,108,112,105,112,92
198,product-198,237,333,102,96,102,101,100
199,product-199,254,303,114,83,116,115,115
200,product-200,174,196,75,127,123,122,120
201,product-201,39,96,79,74,71,72,124
202,product-202,109,189,119,80,120,120,116
203,product-203,67,99,60,55,61,141,54
204,product-204,204,243,100,94,91,105,96
205,product-205,74,151,118,78,118,126,126
206,product-206,74,141,158,45,41,37,43
207,product-207,189,245,105,100,95,93,94
208,product-208,75,78,65,63,132,63,73
209,product-209,64,102,15,16,18,10,186
210,product-210,30,76,188,14,186,181,181
211,product-211,44,94,151,44,154,154,156
212,product-212,175,191,0,235,0,0,0
213,product-213,160,222,155,156,157,48,157
214,product-214,205,259,84,118,120,119,117
215,product-215,37,114,19,25,25,23,178
216,product-216,191,277,34,166,32,29,33
217,product-217,75,75,0,0,204,0,0
218,product-218,192,254,87,108,108,112,109
219,product-219,109,120,149,49,47,53,46
220,product-220,207,220,213,0,0,0,0
221,product-221,36,59,99,105,94,92,98
222,product-222,137,211,65,136,136,131,134
223,product-223,80,112,107,110,109,94,106
224,product-224,142,204,17,24,25,27,178
225,product-225,90,150,173,32,164,171,165
226,product-226,180,211,114,81,81,85,86
227,product-227,22,90,0,217,0,0,0
228,product-228,211,288,72,129,74,66,66
229,product-229,151,238,121,75,124,130,129
230,product-230,158,215,123,75,76,78,72
231,product-231,191,280,102,100,109,109,95
232,product-232,127,166,0,207,0,0,0
233,product-233,151,197,90,87,108,92,97
234,product-234,64,159,116,86,117,115,114
235,product-235,48,103,40,36,161,41,41
236,product-236,146,179,86,117,109,114,109
237,product-237,182,236,52,46,51,149,48
238,product-238,54,74,56,142,58,63,56
239,product-239,134,145,70,130,66,70,70
240,product-240,187,259,24,176,181,175,179
241,product-241,184,279,93,107,97,89,89
242,product-242,83,160,0,0,208,0,0
243,product-243,84,140,162,39,35,39,34
244,product-244,104,120,67,61,65,61,138
245,product-245,130,212,31,34,34,170,31
246,product-246,20,63,9,10,190,12,14
247,product-247,61,109,197,1,6,3,1
248,product-248,104,168,97,92,97,99,105
249,product-249,64,141,68,128,130,130,130
250,product-250,114,137,0,0,0,217,0
251,product-251,51,110,62,134,137,142,140
252,product-252,64,81,44,35,38,160,42
253,product-253,165,229,49,149,156,151,154
254,product-254,216,294,26,33,26,30,169
255,product-255,97,135,155,152,149,149,50
256,product-256,142,161,0,210,0,0,0
257,product-257,176,266,150,51,55,49,55
258,product-258,220,280,105,103,109,106,96
259,product-259,124,144,79,126,122,125,120
260,product-260,69,88,226,0,0,0,0
261,product-261,138,219,66,133,68,69,68
262,product-262,80,160,165,167,164,33,167
263,product-263,36,63,141,55,146,145,146
264,product-264,99,168,22,31,21,29,174
265,product-265,229,247,0,0,0,207,0
266,product-266,156,222,41,44,156,45,49
267,product-267,260,310,78,122,80,80,82
268,product-268,123,205,140,136,140,65,131
269,product-269,203,214,120,128,119,119,77
270,product-270,192,228,41,154,41,46,48
271,product-271,195,276,89,88,88,86,116
272,product-272,150,196,39,164,40,36,36
273,product-273,178,252,82,83,88,115,84
274,product-274,100,107,45,51,44,53,151
275,product-275,221,295,47,47,53,150,55
276,product-276,47,68,0,0,220,0,0
277,product-277,164,247,67,130,128,130,131
278,product-278,14,33,19,27,25,24,177
279,product-279,22,111,31,28,169,29,29
280,product-280,54,145,77,121,122,127,128
281,product-281,195,277,69,72,65,130,70
282,product-282,65,99,87,111,89,89,86
283,product-283,14,106,118,120,120,115,82
284,product-284,46,90,0,0,0,0,220
285,product-285,82,101,0,0,0,0,244
286,product-286,200,291,72,75,75,128,69
287,product-287,45,64,82,85,92,92,113
288,product-288,37,129,40,163,34,42,34
289,product-289,10,92,0,231,0,0,0
290,product-290,206,281,0,0,0,0,215
291,product-291,139,175,10,20,185,17,17
292,product-292,106,114,224,0,0,0,0
293,product-293,182,208,88,87,90,90,114
294,product-294,56,89,2,6,8,6,193
295,product-295,189,238,152,43,158,162,158
296,product-296,161,252,88,94,108,92,89
297,product-297,92,145,13,16,10,15,189
298,product-298,20,50,47,156,40,45,41
299,product-299,68,137,65,65,63,63,136
300,product-300,186,207,109,113,87,115,108
301,product-301,68,92,65,67,75,74,130
302,product-302,133,142,75,121,125,122,130
303,product-303,31,44,14,12,6,8,190
304,product-304,73,101,58,141,55,61,64
305,product-305,114,207,8,7,192,13,13
306,product-306,84,146,6,195,196,198,193
307,product-307,115,172,129,122,124,123,75
308,product-308,192,218,55,62,58,143,55
309,product-309,109,189,38,37,41,42,161
310,product-310,141,162,146,147,148,146,55
311,product-311,14,93,62,61,64,139,65
312,product-312,147,239,173,31,25,22,25
313,product-313,150,228,91,104,111,109,110
314,product-314,155,229,0,0,0,0,215
315,product-315,71,123,205,0,0,0,0
316,product-316,159,174,229,0,0,0,0
317,product-317,133,198,21,25,25,175,26
318,product-318,86,151,180,174,24,172,175
319,product-319,115,163,182,14,16,20,21
320,product-320,159,170,23,177,21,22,28
321,product-321,177,263,22,18,12,18,183
322,product-322,8,73,167,168,175,170,29
323,product-323,74,136,123,121,74,123,130
324,product-324,26,112,24,175,30,30,26
325,product-325,188,248,75,123,128,127,123
326,product-326,124,213,136,68,129,135,137
327,product-327,146,167,0,0,0,208,0
328,product-328,22,23,130,69,67,75,69
329,product-329,105,156,29,172,24,24,29
330,product-330,185,206,201,0,0,1,1
331,product-331,84,144,23,24,179,26,17
332,product-332,256,262,129,127,125,70,132
333,product-333,138,204,55,149,55,46,47
334,product-334,36,54,43,152,43,51,44
335,product-335,139,222,162,158,162,43,153
336,product-336,181,220,142,54,146,143,143
337,product-337,72,154,158,38,166,162,163
338,product-338,28,113,97,107,96,95,89
339,product-339,132,221,98,102,95,100,96
340,product-340,154,176,154,150,153,50,152
341,product-341,169,232,27,22,19,20,177
342,product-342,206,260,24,25,32,32,172
343,product-343,113,161,62,142,57,55,59
344,product-344,77,79,105,112,115,115,90
345,product-345,152,239,172,30,25,33,27
346,product-346,162,201,58,56,59,140,63
347,product-347,162,251,78,79,82,78,123
348,product-348,111,116,5,5,0,4,200
349,product-349,102,173,193,189,184,184,11
350,product-350,176,215,88,111,116,113,115
351,product-351,103,178,42,160,154,154,153
352,product-352,88,162,58,57,144,57,56
353,product-353,263,334,34,165,161,168,166
354,product-354,213,244,51,52,56,55,146
355,product-355,189,279,0,203,0,0,1
356,product-356,224,263,84,87,118,78,84
357,product-357,99,178,0,0,0,245,0
358,product-358,240,323,89,83,112,88,86
359,product-359,190,216,2,194,10,6,1
360,product-360,51,58,34,35,165,39,33
361,product-361,176,231,76,82,76,119,76
362,product-362,126,147,95,101,102,109,110
363,product-363,278,299,59,142,141,145,138
364,product-364,165,237,21,25,21,18,179
365,product-365,44,55,41,41,44,161,38
366,product-366,165,255,102,100,105,101,95
367,product-367,95,125,47,149,49,53,47
368,product-368,135,168,61,57,63,140,60
369,product-369,64,66,27,26,173,29,30
370,product-370,122,136,69,136,134,130,132
371,product-371,196,230,163,37,42,41,39
372,product-372,28,39,192,8,195,192,189
373,product-373,52,98,262,0,0,0,0
374,product-374,128,192,156,157,153,48,147
375,product-375,228,284,0,0,248,0,0
376,product-376,73,81,210,0,0,0,0
377,product-377,149,168,134,126,135,134,70
378,product-378,28,50,103,101,107,97,103
379,product-379,220,253,132,69,68,70,63
380,product-380,131,140,0,0,218,0,0
381,product-381,206,215,150,148,143,55,148
382,product-382,12,65,27,175,170,169,172
383,product-383,119,195,115,82,80,90,81
384,product-384,111,138,35,165,164,161,163
385,product-385,59,98,80,84,120,76,81
386,product-386,205,205,49,50,53,148,57
387,product-387,127,153,148,148,140,56,144
388,product-388,194,218,120,79,119,121,122
389,product-389,232,324,80,118,125,117,116
390,product-390,103,136,49,45,51,45,150
391,product-391,64,66,190,188,10,190,195
392,product-392,189,248,148,145,152,53,151
393,product-393,152,160,139,57,56,60,65
394,product-394,146,212,10,14,187,12,16
395,product-395,137,190,0,234,0,0,0
396,product-396,109,188,125,80,123,122,115
397,product-397,17,74,0,0,0,0,216
398,product-398,104,158,148,152,49,151,146
399,product-399,24,109,0,0,0,0,210
400,product-400,167,181,51,61,58,144,58
401,product-401,114,202,23,30,28,22,173
402,product-402,89,168,0,0,0,232,0
403,product-403,82,113,140,149,141,141,55
404,product-404,188,216,51,148,53,56,50
405,product-405,191,225,124,72,74,73,73
406,product-406,8,18,42,157,48,38,43
407,product-407,166,190,34,36,166,37,33
408,product-408,145,185,181,19,184,178,185
409,product-409,131,144,57,59,62,56,139
410,product-410,129,153,45,47,157,45,42
411,product-411,202,229,18,184,184,182,183
412,product-412,166,261,194,199,199,200,5
413,product-413,24,69,41,156,162,160,156
414,product-414,83,117,23,21,175,28,21
415,product-415,71,80,133,69,130,127,131
416,product-416,163,168,0,0,204,0,0
417,product-417,139,209,17,24,23,179,19
418,product-418,169,243,0,0,0,0,224
419,product-419,231,270,135,126,133,129,69
420,product-420,22,50,87,79,77,118,82
421,product-421,174,251,0,0,0,208,0
422,product-422,83,180,3,11,10,192,10
423,product-423,130,215,163,154,42,158,155
424,product-424,173,248,0,257,0,0,0
425,product-425,82,138,148,147,150,51,144
426,product-426,40,61,140,60,65,56,57
427,product-427,164,203,101,107,101,96,101
428,product-428,75,160,8,9,187,17,10
429,product-429,152,221,12,183,18,13,20
430,product-430,82,140,215,0,0,0,0
431,product-431,90,171,237,0,0,0,0
432,product-432,70,111,0,0,0,207,0
433,product-433,119,131,110,109,112,112,91
434,product-434,172,242,37,29,29,168,35
435,product-435,223,271,69,70,77,78,126
436,product-436,100,101,141,140,61,142,144
437,product-437,75,114,0,0,0,0,208
438,product-438,193,261,29,33,28,170,30
439,product-439,160,199,181,173,176,176,22
440,product-440,86,144,131,132,71,128,128
441,product-441,140,154,173,31,174,165,170
442,product-442,183,191,60,62,136,61,65
443,product-443,78,131,3,4,0,198,6
444,product-444,196,238,48,156,150,155,152
445,product-445,184,194,90,106,94,92,96
446,product-446,118,139,146,59,54,52,53
447,product-447,84,136,22,24,24,27,173
448,product-448,236,243,77,126,124,118,128
449,product-449,114,184,57,62,61,60,139
450,product-450,89,114,98,102,99,107,101
451,product-451,125,180,193,197,191,5,197
452,product-452,42,97,132,73,131,125,132
453,product-453,186,236,29,171,34,30,30
454,product-454,117,117,0,0,0,236,0
455,product-455,177,246,156,150,160,45,152
456,product-456,80,167,56,55,59,143,62
457,product-457,133,212,87,117,78,83,83
458,product-458,183,217,54,60,142,56,60
459,product-459,103,168,27,20,21,177,23
460,product-460,162,201,5,0,197,0,6
461,product-461,117,198,129,132,131,72,127
462,product-462,75,80,36,34,161,40,42
463,product-463,123,197,94,111,91,92,88
464,product-464,58,118,84,82,80,80,120
465,product-465,150,220,45,37,46,158,41
466,product-466,160,197,0,276,0,0,0
467,product-467,199,282,165,40,35,30,30
468,product-468,55,85,107,92,109,104,106
469,product-469,145,179,9,187,191,194,190
470,product-470,93,187,128,75,68,77,77
471,product-471,224,287,131,70,68,66,69
472,product-472,43,59,28,31,27,168,29
473,product-473,98,136,91,96,96,91,107
474,product-474,216,232,74,125,74,74,78
475,product-475,82,110,96,105,108,102,105
476,product-476,161,208,150,55,144,149,147
477,product-477,238,269,0,0,0,0,210
478,product-478,120,205,180,20,16,23,15
479,product-479,103,188,54,51,145,60,56
480,product-480,35,64,82,85,115,82,80
481,product-481,223,254,84,121,77,81,76
482,product-482,152,153,0,230,0,0,0
483,product-483,86,115,43,42,47,40,155
484,product-484,219,272,88,108,116,116,107
485,product-485,62,66,74,83,77,75,122
486,product-486,111,177,123,76,75,82,82
487,product-487,96,147,5,9,196,7,0
488,product-488,182,201,0,0,0,0,229
489,product-489,97,123,52,57,58,145,53
490,product-490,144,208,85,114,89,91,89
491,product-491,99,154,200,190,196,5,198
492,product-492,233,313,0,0,0,204,1
493,product-493,15,26,152,53,45,52,53
494,product-494,192,194,130,131,67,135,133
495,product-495,37,123,159,161,158,41,163
496,product-496,198,199,96,105,104,109,101
497,product-497,14,22,83,83,113,84,84
498,product-498,120,218,50,49,150,45,55
499,product-499,153,234,129,122,76,120,124
500,product-500,73,140,0,250,0,0,0
501,product-501,124,155,55,55,140,61,58
502,product-502,129,151,0,232,0,0,0
503,product-503,55,85,216,0,0,0,0
504,product-504,172,176,41,47,45,158,44
505,product-505,68,112,92,109,107,107,111
506,product-506,106,173,56,61,140,57,60
507,product-507,46,141,81,76,78,121,75
508,product-508,150,234,121,127,78,118,117
509,product-509,222,299,0,0,0,0,265
510,product-510,100,113,44,53,49,152,53
511,product-511,50,134,46,44,46,50,153
512,product-512,45,62,93,90,90,95,110
513,product-513,188,266,56,53,54,58,143
514,product-514,102,186,22,14,17,181,15
515,product-515,66,129,54,56,58,61,143
516,product-516,42,136,3,0,195,5,7
517,product-517,160,251,64,137,136,131,135
518,product-518,147,185,167,33,29,30,29
519,product-519,229,261,153,52,147,153,145
520,product-520,127,142,0,0,236,0,0
521,product-521,107,110,153,48,45,42,44
522,product-522,131,169,108,104,107,94,105
523,product-523,125,127,151,50,52,44,45
524,product-524,169,251,45,43,155,47,46
525,product-525,77,150,120,116,114,81,122
526,product-526,9,25,123,119,77,124,124
527,product-527,136,231,0,208,0,0,0
528,product-528,86,115,74,76,72,125,76
529,product-529,90,146,173,172,178,26,170
530,product-530,186,214,0,241,0,0,0
531,product-531,129,205,48,151,156,147,156
532,product-532,178,252,120,117,120,84,113
533,product-533,185,255,153,44,51,44,50
534,product-534,167,247,29,35,168,30,33
535,product-535,67,102,191,12,186,192,188
536,product-536,96,188,29,172,171,166,174
537,product-537,74,154,0,0,0,239,0
538,product-538,210,303,34,170,168,163,169
539,product-539,105,189,85,117,116,117,120
540,product-540,59,106,85,76,119,79,85
541,product-541,20,98,31,174,166,173,172
542,product-542,106,167,141,64,61,63,57
543,product-543,227,276,234,0,0,0,0
544,product-544,148,207,91,104,98,94,94
545,product-545,126,217,51,57,56,148,47
546,product-546,48,107,34,38,36,166,32
547,product-547,96,126,82,80,118,86,86
548,product-548,207,299,124,129,126,73,123
549,product-549,102,141,157,156,45,155,156
550,product-550,16,72,77,73,123,75,82
551,product-551,63,150,66,134,139,136,131
552,product-552,151,188,81,74,75,123,80
553,product-553,86,98,35,30,165,31,34
554,product-554,123,215,0,0,206,0,0
555,product-555,196,226,31,165,40,37,38
556,product-556,235,329,44,37,161,35,42
557,product-557,198,288,184,17,178,187,188
558,product-558,186,265,106,105,99,97,104
559,product-559,195,276,50,43,152,47,53
560,product-560,158,237,62,135,135,137,142
561,product-561,251,291,61,142,57,60,63
562,product-562,112,138,158,154,155,44,161
563,product-563,238,245,150,51,51,46,47
564,product-564,66,72,0,0,211,0,0
565,product-565,58,151,123,79,78,80,80
566,product-566,157,235,168,163,163,170,35
567,product-567,186,234,47,148,50,55,49
568,product-568,209,221,72,128,130,123,123
569,product-569,19,81,133,64,133,132,131
570,product-570,191,199,159,153,43,158,160
571,product-571,55,119,90,95,93,108,94
572,product-572,111,155,0,209,0,0,0
573,product-573,185,213,64,139,139,141,138
574,product-574,67,109,193,2,6,12,3
575,product-575,187,281,248,0,0,0,0
576,product-576,177,197,111,116,110,119,86
577,product-577,50,51,0,0,0,208,0
578,product-578,8,43,143,61,140,144,144
579,product-579,80,140,70,66,66,75,129
580,product-580,215,289,33,36,29,37,167
581,product-581,138,204,0,0,0,0,206
582,product-582,242,286,88,89,82,87,115
583,product-583,45,77,4,10,1,5,194
584,product-584,145,236,30,169,32,33,32
585,product-585,14,103,0,218,0,0,0
586,product-586,259,311,7,192,190,190,195
587,product-587,225,307,79,72,80,76,123
588,product-588,149,167,150,53,144,150,150
589,product-589,157,187,163,160,38,163,166
590,product-590,12,80,165,165,166,39,156
591,product-591,192,278,45,48,50,43,152
592,product-592,102,172,117,115,115,82,123
593,product-593,35,115,157,162,43,158,156
594,product-594,57,86,24,24,25,22,173
595,product-595,119,131,22,19,18,179,25
596,product-596,173,235,109,95,110,108,106
597,product-597,184,199,40,41,43,40,156
598,product-598,138,144,167,36,35,35,28
599,product-599,150,215,163,157,38,158,163
600,product-600,165,217,0,0,0,0,211
601,product-601,85,110,172,174,24,181,178
602,product-602,159,223,165,33,39,36,33
603,product-603,159,248,60,64,56,64,141
604,product-604,77,111,117,79,79,85,82
605,product-605,232,295,21,175,29,30,29
606,product-606,165,230,84,88,93,88,112
607,product-607,49,86,80,80,79,122,82
608,product-608,92,117,54,60,59,54,142
609,product-609,97,103,4,201,0,0,0
610,product-610,224,313,65,65,63,134,63
611,product-611,42,71,40,158,164,155,164
612,product-612,148,148,0,205,0,0,0
613,product-613,138,215,47,50,152,53,51
614,product-614,122,145,52,55,147,57,54
615,product-615,31,48,15,190,6,13,12
616,product-616,131,135,195,195,188,193,9
617,product-617,168,172,70,75,129,71,69
618,product-618,26,60,132,130,125,131,71
619,product-619,161,239,0,203,0,0,2
620,product-620,188,215,59,59,144,60,56
621,product-621,175,234,123,129,127,120,75
622,product-622,57,98,18,20,12,15,185
623,product-623,212,261,97,92,104,91,98
624,product-624,133,186,113,86,113,110,112
625,product-625,122,172,45,45,44,47,156
626,product-626,105,148,71,133,65,65,69
627,product-627,34,118,18,178,24,23,22
628,product-628,86,101,136,136,65,137,130
629,product-629,99,155,126,125,76,123,125
630,product-630,158,248,1,0,4,199,0
631,product-631,224,281,35,33,33,165,35
632,product-632,104,112,100,103,102,101,99
633,product-633,120,161,184,184,180,20,180
634,product-634,134,170,191,193,194,196,7
635,product-635,111,165,144,135,61,134,139
636,product-636,140,173,64,131,64,71,69
637,product-637,16,92,210,0,0,0,0
638,product-638,118,121,123,77,78,81,77
639,product-639,126,153,52,144,58,54,61
640,product-640,193,225,41,41,44,43,157
641,product-641,188,202,64,61,137,62,68
642,product-642,37,67,29,26,173,23,27
643,product-643,173,204,17,21,18,180,18
644,product-644,190,275,96,92,86,109,90
645,product-645,144,180,171,27,30,27,32
646,product-646,236,335,85,120,116,112,115
647,product-647,108,174,0,0,210,0,0
648,product-648,37,82,48,147,48,56,58
649,product-649,63,148,200,3,0,5,1
650,product-650,212,248,94,92,95,110,88
651,product-651,84,174,69,132,72,73,67
652,product-652,135,140,79,120,84,85,82
653,product-653,152,194,177,28,26,18,21
654,product-654,171,242,53,50,58,145,60
655,product-655,28,64,86,81,86,85,114
656,product-656,270,317,117,113,85,118,112
657,product-657,89,118,113,86,110,118,114
658,product-658,82,109,29,169,172,176,175
659,product-659,173,193,6,9,2,196,0
660,product-660,164,236,99,94,98,105,90
661,product-661,191,195,184,181,179,20,177
662,product-662,65,144,173,27,25,23,24
663,product-663,160,216,142,150,150,53,146
664,product-664,105,113,148,47,47,49,49
665,product-665,135,212,146,137,137,58,144
666,product-666,231,318,178,26,25,19,22
667,product-667,177,221,159,159,163,37,164
668,product-668,190,266,66,132,69,69,68
669,product-669,80,107,55,140,147,145,143
670,product-670,198,232,143,148,148,55,143
671,product-671,176,223,89,85,87,111,85
672,product-672,173,239,3,3,6,197,0
673,product-673,177,212,209,0,0,0,0
674,product-674,30,76,64,71,61,71,134
675,product-675,220,238,91,85,83,114,84
676,product-676,65,84,11,189,15,14,13
677,product-677,112,174,101,94,107,105,105
678,product-678,164,196,87,115,115,112,116
679,product-679,147,174,169,166,170,34,170
680,product-680,79,81,0,208,0,0,0
681,product-681,130,171,3,1,0,199,0
682,product-682,12,49,46,155,44,46,40
683,product-683,164,229,126,70,127,133,130
684,product-684,231,303,83,87,80,118,77
685,product-685,192,194,73,70,73,78,126
686,product-686,136,180,160,35,168,165,162
687,product-687,108,162,158,162,166,165,39
688,product-688,58,59,168,29,172,174,170
689,product-689,202,210,156,48,147,154,147
690,product-690,44,94,33,34,39,39,163
691,product-691,4,61,0,5,1,0,197
692,product-692,166,256,59,54,143,58,62
693,product-693,67,88,105,98,96,99,106
694,product-694,83,83,72,133,68,66,65
695,product-695,73,137,39,156,41,47,49
696,product-696,73,157,124,122,77,124,123
697,product-697,207,215,93,104,103,106,110
698,product-698,36,94,70,125,129,135,125
699,product-699,23,23,118,84,84,87,84
700,product-700,87,116,114,117,85,111,117
701,product-701,195,235,20,27,25,23,177
702,product-702,33,67,161,42,36,43,35
703,product-703,65,149,88,92,88,110,89
704,product-704,264,289,71,130,134,126,130
705,product-705,46,125,45,50,42,154,41
706,product-706,84,148,157,155,154,159,45
707,product-707,115,115,95,90,105,96,94
708,product-708,185,196,139,133,131,139,66
709,product-709,67,156,196,4,0,2,0
710,product-710,71,82,129,68,132,135,131
711,product-711,110,182,11,5,10,10,191
712,product-712,120,157,25,29,32,29,173
713,product-713,121,164,114,81,115,120,123
714,product-714,67,129,95,98,100,93,102
715,product-715,154,178,112,105,109,91,106
716,product-716,59,109,68,128,127,130,128
717,product-717,61,125,74,122,79,77,74
718,product-718,73,74,158,40,165,159,161
719,product-719,177,263,170,172,29,167,169
720,product-720,92,99,125,128,125,126,70
721,product-721,91,183,87,118,81,77,85
722,product-722,8,25,171,169,33,165,167
723,product-723,95,120,46,53,55,150,48
724,product-724,42,86,13,182,13,14,13
725,product-725,159,210,26,30,25,26,171
726,product-726,181,266,179,179,183,22,183
727,product-727,23,81,0,0,0,0,260
728,product-728,129,137,18,179,181,184,179
729,product-729,175,232,0,0,7,4,196
730,product-730,124,152,32,39,165,30,33
731,product-731,78,129,0,0,0,227,0
732,product-732,149,221,106,95,109,109,108
733,product-733,139,233,4,193,4,11,11
734,product-734,146,151,34,32,31,167,31
735,product-735,92,189,70,63,69,73,132
736,product-736,130,180,127,68,128,131,129
737,product-737,116,186,148,140,142,149,56
738,product-738,103,186,156,160,152,45,152
739,product-739,207,276,10,189,190,190,193
740,product-740,25,72,78,81,78,122,78
741,product-741,191,218,0,0,0,0,213
742,product-742,54,84,94,92,98,104,93
743,product-743,134,140,232,0,0,0,0
744,product-744,93,178,196,0,6,7,3
745,product-745,37,68,94,103,101,102,100
746,product-746,122,155,239,0,0,0,0
747,product-747,246,334,54,54,62,142,55
748,product-748,63,84,97,103,100,100,100
749,product-749,182,221,0,215,0,0,0
750,product-750,157,181,65,131,138,139,130
751,product-751,150,237,126,79,76,77,74
752,product-752,61,107,51,51,55,144,60
753,product-753,124,207,95,98,99,100,96
754,product-754,156,222,96,107,108,105,101
755,product-755,16,45,13,22,20,182,20
756,product-756,183,207,121,116,119,81,115
757,product-757,167,182,67,65,70,134,69
758,product-758,138,141,77,124,123,127,119
759,product-759,126,185,189,8,12,11,9
760,product-760,16,21,45,46,39,159,40
761,product-761,109,149,73,126,122,129,123
762,product-762,180,204,78,120,121,120,121
763,product-763,128,148,40,40,164,32,41
764,product-764,131,193,80,119,122,116,123
765,product-765,147,199,112,103,93,112,103
766,product-766,151,207,95,90,95,108,91
767,product-767,66,156,109,87,89,92,93
768,product-768,27,47,60,64,137,63,61
769,product-769,158,192,0,212,0,0,0
770,product-770,119,136,94,93,107,91,96
771,product-771,138,139,43,46,42,43,153
772,product-772,207,298,38,37,161,37,34
773,product-773,72,102,49,58,55,146,56
774,product-774,224,267,74,73,68,68,130
775,product-775,187,242,74,65,68,73,131
776,product-776,126,128,49,153,151,156,153
777,product-777,193,277,117,118,87,115,118
778,product-778,165,260,149,148,155,154,47
779,product-779,124,149,93,88,95,96,108
780,product-780,6,85,150,45,151,150,152
781,product-781,8,33,120,121,77,119,127
782,product-782,96,148,144,142,139,56,142
783,product-783,124,147,188,190,185,192,13
784,product-784,104,167,34,163,34,40,34
785,product-785,147,190,112,87,115,111,111
786,product-786,68,99,78,81,123,76,82
787,product-787,168,172,141,141,60,136,137
788,product-788,161,178,55,50,145,59,52
789,product-789,155,156,146,52,59,54,52
790,product-790,62,134,68,65,65,134,67
791,product-791,71,84,95,93,104,96,101
792,product-792,181,212,43,36,37,159,41
793,product-793,116,187,159,153,46,159,157
794,product-794,77,86,124,120,127,120,75
795,product-795,152,170,157,164,165,39,158
796,product-796,265,313,28,173,24,24,26
797,product-797,81,154,0,0,240,0,0
798,product-798,42,52,139,62,61,62,61
799,product-799,209,263,57,62,140,55,61
800,product-800,61,76,42,37,43,40,159
801,product-801,147,158,0,0,0,0,205
802,product-802,151,238,95,101,96,97,96
803,product-803,153,199,5,200,193,198,192
804,product-804,164,207,199,4,6,0,5
805,product-805,125,170,72,123,80,82,76
806,product-806,10,46,8,12,14,190,15
807,product-807,170,206,168,162,160,163,36
808,product-808,183,227,152,157,154,45,159
809,product-809,115,133,86,109,91,90,90
810,product-810,86,106,31,172,29,31,27
811,product-811,179,252,178,177,176,168,27
812,product-812,202,225,0,0,229,0,0
813,product-813,202,272,94,106,92,92,97
814,product-814,156,244,46,159,150,159,158
815,product-815,52,131,0,225,0,0,0
816,product-816,70,102,48,57,53,148,55
817,product-817,79,89,0,0,232,0,0
818,product-818,142,198,20,183,22,14,14
819,product-819,66,117,132,134,128,125,71
820,product-820,52,94,0,0,0,0,241
821,product-821,55,123,174,25,21,27,23
822,product-822,124,221,160,159,161,162,37
823,product-823,79,95,104,94,108,103,101
824,product-824,85,162,13,15,9,12,187
825,product-825,50,135,196,0,3,7,1
826,product-826,101,117,97,103,99,98,99
827,product-827,27,39,114,113,111,89,114
828,product-828,113,163,97,107,99,102,102
829,product-829,141,207,151,52,152,146,146
830,product-830,159,170,132,131,72,129,131
831,product-831,168,208,39,165,159,159,162
832,product-832,120,200,48,57,49,51,148
833,product-833,103,141,168,164,36,165,163
834,product-834,51,129,58,141,144,145,141
835,product-835,162,204,168,173,30,172,166
836,product-836,65,97,65,58,66,139,57
837,product-837,137,156,140,135,64,139,137
838,product-838,95,121,1,0,203,1,0
839,product-839,138,175,138,64,61,62,65
840,product-840,138,144,211,0,0,0,0
841,product-841,121,204,171,172,169,27,176
842,product-842,152,159,172,33,27,32,28
843,product-843,33,87,21,24,26,179,23
844,product-844,51,90,108,102,101,97,102
845,product-845,5,28,0,3,5,198,0
846,product-846,208,262,89,107,113,112,110
847,product-847,81,106,139,140,136,61,137
848,product-848,237,301,135,64,68,61,65
849,product-849,187,191,134,70,132,132,125
850,product-850,189,237,0,0,5,0,200
851,product-851,13,71,0,0,0,220,0
852,product-852,164,215,0,0,0,0,207
853,product-853,14,89,97,102,104,96,99
854,product-854,138,174,174,26,29,27,21
855,product-855,184,200,0,0,236,0,0
856,product-856,152,223,77,77,79,119,78
857,product-857,110,122,40,156,46,44,42
858,product-858,37,49,139,57,63,63,61
859,product-859,245,316,114,90,86,85,88
860,product-860,186,188,0,0,207,0,0
861,product-861,160,238,22,183,17,16,20
862,product-862,194,257,64,140,134,136,139
863,product-863,248,250,77,123,81,74,81
864,product-864,226,311,116,118,119,82,115
865,product-865,175,204,72,74,68,131,73
866,product-866,101,105,0,0,0,0,262
867,product-867,128,216,0,0,202,0,0
868,product-868,154,174,4,5,5,197,0
869,product-869,170,256,0,0,0,0,222
870,product-870,104,114,144,59,52,54,52
871,product-871,197,282,115,87,114,118,116
872,product-872,135,189,104,100,99,97,101
873,product-873,106,200,0,0,204,0,0
874,product-874,134,140,143,138,144,144,61
875,product-875,121,132,171,173,174,25,172
876,product-876,210,241,9,194,193,190,190
877,product-877,131,139,64,134,137,137,132
878,product-878,60,119,162,33,172,162,167
879,product-879,117,163,19,20,180,25,16
880,product-880,79,90,57,62,63,56,139
881,product-881,30,104,3,1,5,199,0
882,product-882,69,82,79,77,124,75,71
883,product-883,117,171,0,0,0,210,0
884,product-884,137,206,196,3,7,6,0
885,product-885,145,204,0,0,240,0,0
886,product-886,160,231,73,80,78,74,122
887,product-887,144,210,187,15,16,18,15
888,product-888,103,142,28,18,26,177,27
889,product-889,249,255,78,68,77,127,76
890,product-890,66,151,176,182,180,21,179
891,product-891,138,171,143,148,145,147,53
892,product-892,55,120,145,58,139,143,143
893,product-893,189,214,54,145,58,57,58
894,product-894,178,278,146,148,138,57,145
895,product-895,235,313,68,72,72,66,133
896,product-896,135,161,95,96,94,105,96
897,product-897,57,75,162,158,37,159,166
898,product-898,167,224,2,197,7,0,0
899,product-899,237,256,18,21,178,18,22
900,product-900,39,119,74,76,77,127,74
901,product-901,118,195,172,176,176,25,175
902,product-902,146,153,18,183,16,21,14
903,product-903,80,131,103,102,96,99,99
904,product-904,96,172,82,113,82,82,88
905,product-905,174,182,112,88,93,86,86
906,product-906,74,80,68,73,71,132,70
907,product-907,182,227,182,180,23,173,182
908,product-908,44,141,102,98,98,97,100
909,product-909,179,206,5,6,4,194,3
910,product-910,80,133,180,23,173,173,177
911,product-911,200,204,13,188,7,16,13
912,product-912,144,178,4,8,191,4,8
913,product-913,39,78,93,102,93,96,99
914,product-914,116,191,99,97,105,101,105
915,product-915,44,140,8,8,9,7,194
916,product-916,150,219,141,63,58,56,62
917,product-917,24,64,26,24,19,19,176
918,product-918,250,282,0,0,206,0,0
919,product-919,227,253,0,0,212,0,0
920,product-920,91,147,140,150,144,143,55
921,product-921,150,193,160,165,162,39,156
922,product-922,135,138,164,164,163,36,159
923,product-923,167,237,126,127,73,127,127
924,product-924,185,190,0,0,0,223,0
925,product-925,169,254,50,54,49,55,147
926,product-926,203,208,141,63,58,64,59
927,product-927,46,128,99,97,102,101,108
928,product-928,186,209,22,13,15,23,182
929,product-929,45,50,112,114,116,118,86
930,product-930,203,211,138,130,136,67,132
931,product-931,57,83,60,59,143,55,60
932,product-932,145,213,159,42,154,157,153
933,product-933,109,173,134,133,130,66,133
934,product-934,182,207,126,119,123,78,117
935,product-935,136,136,166,30,171,174,174
936,product-936,73,166,114,111,114,113,89
937,product-937,76,104,61,63,69,135,66
938,product-938,169,216,124,127,74,125,122
939,product-939,112,129,146,54,143,148,143
940,product-940,155,216,45,154,45,47,51
941,product-941,195,264,81,122,79,83,82
942,product-942,183,253,105,93,91,91,98
943,product-943,136,159,173,168,171,28,168
944,product-944,16,74,33,171,172,168,165
945,product-945,97,184,0,211,0,0,0
946,product-946,180,184,15,8,14,187,17
947,product-947,156,159,47,49,153,43,49
948,product-948,109,143,102,93,102,97,97
949,product-949,183,210,36,168,30,28,28
950,product-950,120,211,113,116,89,116,106
951,product-951,95,158,176,23,174,182,181
952,product-952,32,75,0,0,0,0,229
953,product-953,171,244,128,131,69,127,126
954,product-954,152,181,11,8,10,188,9
955,product-955,47,135,161,158,154,42,154
956,product-956,107,123,176,176,171,168,28
957,product-957,127,192,69,65,70,134,68
958,product-958,229,287,243,0,0,0,0
959,product-959,148,213,18,27,20,178,26
960,product-960,189,246,161,41,37,42,35
961,product-961,236,328,40,42,49,48,156
962,product-962,132,135,134,138,138,135,66
963,product-963,84,134,38,164,34,36,40
964,product-964,263,324,92,94,95,106,94
965,product-965,152,239,50,52,54,56,149
966,product-966,51,102,1,198,194,200,200
967,product-967,197,244,33,37,39,40,163
968,product-968,148,206,110,113,111,89,113
969,product-969,178,196,166,166,38,161,158
970,product-970,93,153,140,138,135,145,60
971,product-971,242,309,110,85,95,85,89
972,product-972,16,108,50,51,148,56,56
973,product-973,189,272,189,190,185,181,14
974,product-974,77,99,185,185,182,18,181
975,product-975,102,160,16,23,180,15,15
976,product-976,77,136,184,19,11,18,12
977,product-977,184,226,100,98,94,97,102
978,product-978,34,101,36,160,38,36,40
979,product-979,85,169,0,0,215,0,0
980,product-980,141,159,28,33,28,25,171
981,product-981,98,183,61,60,144,61,60
982,product-982,179,209,132,128,67,134,128
983,product-983,179,250,0,0,0,0,218
984,product-984,53,90,133,132,127,71,124
985,product-985,97,128,178,187,184,18,183
986,product-986,171,227,0,0,0,212,0
987,product-987,94,135,90,85,89,113,90
988,product-988,188,232,108,93,90,88,89
989,product-989,22,41,142,54,53,63,56
990,product-990,110,198,63,140,132,142,142
991,product-991,197,274,17,18,16,180,22
992,product-992,71,165,70,65,61,134,70
993,product-993,117,139,93,90,88,92,108
994,product-994,17,42,110,90,86,95,85
995,product-995,173,240,150,50,49,53,48
996,product-996,164,252,189,181,182,183,15
997,product-997,45,91,93,109,96,95,89
998,product-998,85,96,0,0,287,0,0
999,product-999,156,246,3,195,8,9,6
1000,product-1000,183,194,150,150,150,49,155
