id,label,ts_in,ts_out,dim_0,dim_1,dim_2,dim_3,dim_4,dim_5,dim_6
1,customer-1,151,168,21,198,20,187,86,101,186
2,customer-2,51,108,233,103,152,72,44,22,148
3,customer-3,193,232,115,22,168,230,151,130,138
4,customer-4,140,148,40,122,45,92,210,131,95
5,customer-5,40,118,132,140,158,98,100,53,147
6,customer-6,105,166,58,164,52,23,155,158,69
7,customer-7,56,61,70,14,82,268,44,129,129
8,customer-8,164,182,101,130,164,160,131,99,268
9,customer-9,65,87,37,120,136,178,86,216,206
10,customer-10,115,198,181,173,102,93,139,138,154
11,customer-11,83,125,68,240,151,202,140,67,193
12,customer-12,63,113,201,147,65,127,156,69,166
13,customer-13,138,164,46,21,145,214,213,63,208
14,customer-14,90,116,190,140,96,125,123,170,200
15,customer-15,190,279,121,68,206,29,144,190,98
16,customer-16,80,148,93,91,99,120,192,164,152
17,customer-17,15,74,183,93,167,98,208,192,131
18,customer-18,132,133,79,137,177,85,64,220,118
19,customer-19,206,253,20,40,168,164,144,199,187
20,customer-20,259,281,233,117,46,159,124,39,39
21,customer-21,115,178,63,231,159,166,208,249,103
22,customer-22,172,246,134,27,130,163,66,202,136
23,customer-23,190,263,214,34,118,175,198,79,174
24,customer-24,118,121,136,227,177,139,133,84,177
25,customer-25,175,253,84,105,80,89,129,38,196
26,customer-26,173,191,228,125,105,235,113,64,181
27,customer-27,176,245,201,81,153,94,157,25,142
28,customer-28,249,289,111,275,183,83,132,116,35
29,customer-29,48,109,158,150,109,60,229,47,69
30,customer-30,35,73,166,193,194,103,102,135,54
31,customer-31,48,88,193,57,101,13,51,57,54
32,customer-32,65,88,176,263,78,163,55,8,80
33,customer-33,222,316,204,149,46,176,157,94,83
34,customer-34,215,276,82,44,141,184,192,260,133
35,customer-35,168,222,138,146,69,191,236,188,15
36,customer-36,110,128,143,37,118,157,124,160,146
37,customer-37,157,200,156,206,53,153,139,1,245
38,customer-38,6,56,63,19,64,108,124,249,14
39,customer-39,122,188,145,30,87,171,50,157,70
40,customer-40,187,219,36,127,32,235,208,107,217
41,customer-41,93,173,108,161,111,47,142,183,111
42,customer-42,154,174,110,139,69,140,128,260,209
43,customer-43,187,265,119,140,131,137,157,242,171
44,customer-44,187,195,121,256,57,165,201,143,14
45,customer-45,234,272,250,137,57,136,44,103,95
46,customer-46,157,183,174,193,111,29,56,84,151
47,customer-47,173,192,85,175,134,280,189,214,71
48,customer-48,83,102,196,135,229,48,76,109,123
49,customer-49,146,179,187,87,103,84,154,49,165
50,customer-50,163,198,111,122,174,207,167,89,24
51,customer-51,88,120,214,120,168,27,173,207,74
52,customer-52,74,100,193,132,188,50,78,172,165
53,customer-53,93,158,150,173,63,104,198,21,194
54,customer-54,26,125,69,157,159,187,80,144,150
55,customer-55,125,197,81,211,242,182,146,111,132
56,customer-56,102,152,73,20,106,79,84,92,116
57,customer-57,230,271,123,144,121,208,242,200,126
58,customer-58,195,268,180,28,175,86,191,65,84
59,customer-59,117,185,13,78,25,156,13,44,157
60,customer-60,76,155,96,68,72,55,71,176,114
61,customer-61,181,205,147,37,81,66,74,256,135
62,customer-62,227,292,189,110,178,114,60,134,72
63,customer-63,126,202,212,214,80,251,153,45,23
64,customer-64,190,209,112,136,152,166,111,95,84
65,customer-65,187,284,89,84,225,207,205,185,138
66,customer-66,3,33,34,179,112,239,154,47,187
67,customer-67,118,184,247,116,184,95,117,164,208
68,customer-68,223,250,93,90,28,82,120,248,210
69,customer-69,141,159,121,138,234,37,61,168,65
70,customer-70,279,288,188,14,53,45,104,113,182
71,customer-71,102,157,141,197,63,107,171,197,131
72,customer-72,152,158,162,182,203,121,134,4,161
73,customer-73,13,47,92,121,135,61,145,195,181
74,customer-74,183,190,151,151,160,49,203,72,43
75,customer-75,72,159,221,184,128,220,47,64,120
76,customer-76,3,21,129,183,151,26,161,88,150
77,customer-77,68,77,26,130,212,145,245,129,90
78,customer-78,163,211,131,94,195,102,199,169,178
79,customer-79,144,211,81,101,101,193,202,158,121
80,customer-80,43,57,195,181,78,164,173,113,67
81,customer-81,207,277,202,35,187,127,212,184,131
82,customer-82,137,180,44,75,85,120,152,135,31
83,customer-83,147,153,9,153,181,154,95,171,103
84,customer-84,50,64,122,171,54,204,76,227,45
85,customer-85,83,170,60,144,88,132,138,225,192
86,customer-86,117,207,53,86,53,17,174,74,15
87,customer-87,120,158,193,104,135,143,184,181,170
88,customer-88,97,150,41,11,206,52,122,47,141
89,customer-89,180,233,71,90,205,43,134,99,82
90,customer-90,11,36,35,119,148,100,218,193,193
91,customer-91,182,195,34,137,172,191,196,117,219
92,customer-92,128,179,140,162,45,78,115,79,60
93,customer-93,53,145,88,258,82,62,106,58,163
94,customer-94,196,263,181,171,26,61,80,122,177
95,customer-95,160,174,26,69,43,187,191,148,232
96,customer-96,199,239,208,9,213,129,96,30,197
97,customer-97,159,180,171,102,101,130,132,152,51
98,customer-98,72,130,126,18,203,234,189,98,186
99,customer-99,143,148,108,178,209,104,167,149,190
100,customer-100,81,99,140,52,170,103,92,85,173
101,customer-101,127,169,191,189,56,126,159,206,212
102,customer-102,172,219,85,53,216,134,79,196,221
103,customer-103,185,256,141,122,49,156,38,207,115
104,customer-104,246,339,145,30,126,236,15,77,42
105,customer-105,178,246,108,86,173,191,123,127,165
106,customer-106,30,34,157,135,197,162,165,135,200
107,customer-107,209,303,211,120,72,168,47,158,82
108,customer-108,128,194,180,150,128,173,50,10,165
109,customer-109,168,214,156,212,145,235,42,198,130
110,customer-110,151,192,10,91,181,78,250,249,32
111,customer-111,206,286,41,138,184,185,88,72,24
112,customer-112,155,250,186,127,51,195,144,35,11
113,customer-113,130,211,57,155,117,94,52,225,58
114,customer-114,202,286,82,74,115,17,92,23,54
115,customer-115,148,215,137,65,17,75,27,117,158
116,customer-116,62,91,107,13,150,156,223,184,90
117,customer-117,50,87,127,157,51,114,77,168,113
118,customer-118,37,99,112,195,27,198,13,22,47
119,customer-119,197,269,67,143,190,96,157,173,66
120,customer-120,146,186,88,78,164,141,87,33,165
121,customer-121,123,171,117,48,165,137,190,113,249
122,customer-122,76,145,98,40,150,12,24,103,147
123,customer-123,100,188,204,38,191,201,118,119,16
124,customer-124,171,260,45,12,107,156,86,252,141
125,customer-125,181,234,186,219,124,86,120,187,41
126,customer-126,80,150,203,28,196,173,91,116,152
127,customer-127,179,192,147,169,150,152,207,107,120
128,customer-128,60,136,229,97,106,194,105,44,71
129,customer-129,34,125,63,202,155,27,161,213,56
130,customer-130,65,108,109,208,202,146,65,80,126
131,customer-131,91,109,101,140,47,77,161,208,88
132,customer-132,69,168,119,227,86,104,40,129,194
133,customer-133,123,174,146,167,105,202,137,74,41
134,customer-134,5,25,133,168,204,100,64,188,149
135,customer-135,217,230,130,33,215,99,113,233,216
136,customer-136,210,250,154,161,19,128,54,105,88
137,customer-137,197,243,35,218,180,162,191,191,163
138,customer-138,206,268,106,52,198,126,183,93,199
139,customer-139,228,232,60,136,168,65,98,68,74
140,customer-140,248,265,186,190,117,132,26,120,49
141,customer-141,90,125,183,111,192,51,13,214,39
142,customer-142,79,125,202,21,158,89,95,225,171
143,customer-143,71,86,97,86,209,216,196,42,228
144,customer-144,127,133,201,121,81,86,140,207,65
145,customer-145,143,184,88,73,72,118,109,46,86
146,customer-146,157,168,69,141,196,4,174,191,137
147,customer-147,106,120,219,45,112,50,104,168,79
148,customer-148,167,218,212,80,88,44,248,182,215
149,customer-149,132,180,185,205,139,151,194,90,94
150,customer-150,9,76,66,191,45,25,25,126,180
151,customer-151,136,179,107,39,39,100,135,57,39
152,customer-152,156,196,224,99,110,131,3,77,106
153,customer-153,152,199,186,95,103,155,207,121,35
154,customer-154,78,127,188,39,167,171,182,122,153
155,customer-155,206,235,101,22,75,209,128,204,197
156,customer-156,182,238,216,124,19,138,99,71,2
157,customer-157,150,217,123,123,22,52,207,127,219
158,customer-158,136,183,266,136,105,38,205,128,180
159,customer-159,157,232,90,176,217,106,163,72,183
160,customer-160,178,258,40,199,76,43,86,87,82
161,customer-161,71,129,257,135,196,191,139,148,115
162,customer-162,44,109,84,52,81,107,66,53,98
163,customer-163,120,171,122,44,124,190,127,182,260
164,customer-164,93,116,156,129,106,243,233,29,101
165,customer-165,157,181,101,85,132,178,23,200,159
166,customer-166,109,193,35,39,212,231,191,15,224
167,customer-167,97,111,47,154,22,58,151,29,77
168,customer-168,141,213,252,149,168,67,161,164,140
169,customer-169,139,159,255,140,92,232,137,146,187
170,customer-170,53,83,173,104,48,29,68,37,208
171,customer-171,134,182,130,151,77,11,176,200,43
172,customer-172,71,103,157,67,34,52,226,105,91
173,customer-173,69,158,218,57,109,57,66,143,208
174,customer-174,161,170,165,36,207,168,16,135,128
175,customer-175,104,187,118,58,7,108,143,163,43
176,customer-176,190,227,193,142,47,110,210,33,91
177,customer-177,212,233,153,208,113,34,64,204,91
178,customer-178,222,304,97,219,44,193,188,150,157
179,customer-179,42,88,82,117,52,75,172,170,121
180,customer-180,192,218,82,221,85,199,201,121,192
181,customer-181,68,136,36,149,82,209,147,169,94
182,customer-182,131,158,173,102,158,76,171,183,154
183,customer-183,75,145,76,181,83,74,68,135,146
184,customer-184,14,41,16,53,18,90,230,250,39
185,customer-185,100,189,148,38,87,143,148,23,102
186,customer-186,44,68,187,146,70,27,64,158,175
187,customer-187,200,279,129,167,181,63,115,55,75
188,customer-188,16,79,63,56,61,190,46,91,81
189,customer-189,133,195,67,151,117,180,193,51,84
190,customer-190,130,175,29,80,192,189,17,132,114
191,customer-191,137,214,174,126,44,117,61,63,179
192,customer-192,71,111,24,247,172,123,156,202,198
193,customer-193,106,183,83,64,78,103,144,77,182
194,customer-194,95,186,121,182,171,69,164,173,158
195,customer-195,16,57,82,160,91,67,150,31,220
196,customer-196,105,174,82,58,167,42,104,143,179
197,customer-197,264,267,92,122,97,93,88,20,127
198,customer-198,202,202,168,188,108,189,262,7,161
199,customer-199,200,283,90,58,110,88,64,97,91
200,customer-200,138,159,141,149,192,86,56,170,71
201,customer-201,95,105,176,87,55,43,128,71,107
202,customer-202,37,115,108,123,250,204,106,68,13
203,customer-203,148,203,51,99,153,121,239,175,24
204,customer-204,185,232,199,157,181,9,202,161,231
205,customer-205,188,246,155,11,133,68,49,25,51
206,customer-206,11,19,146,104,200,157,92,89,203
207,customer-207,19,33,119,55,111,124,212,7,194
208,customer-208,190,244,27,38,131,167,63,8,220
209,customer-209,236,308,136,37,191,166,60,108,169
210,customer-210,189,196,230,165,37,116,153,135,121
211,customer-211,214,218,125,173,214,154,168,198,202
212,customer-212,13,105,156,224,126,145,127,135,150
213,customer-213,52,141,206,130,174,126,21,43,70
214,customer-214,87,132,154,82,200,167,213,184,123
215,customer-215,80,122,183,91,203,214,201,200,62
216,customer-216,101,116,59,166,106,43,206,165,120
217,customer-217,145,231,183,164,240,66,91,46,18
218,customer-218,8,105,93,113,173,137,100,62,70
219,customer-219,106,185,70,205,147,32,136,123,226
220,customer-220,221,288,142,64,161,53,107,30,163
221,customer-221,139,173,153,63,7,108,62,200,21
222,customer-222,83,92,86,173,181,82,213,142,111
223,customer-223,126,180,170,238,183,153,92,49,35
224,customer-224,99,142,168,7,61,187,182,193,250
225,customer-225,108,148,53,210,178,72,193,138,68
226,customer-226,70,76,40,183,7,94,112,97,157
227,customer-227,225,280,43,207,148,44,196,183,136
228,customer-228,206,212,124,130,26,95,146,177,147
229,customer-229,50,91,127,77,101,71,199,220,52
230,customer-230,138,216,193,60,46,182,144,132,26
231,customer-231,183,259,135,14,116,154,83,150,127
232,customer-232,200,274,88,98,109,73,115,62,235
233,customer-233,139,154,97,221,83,51,195,233,76
234,customer-234,28,31,250,99,68,78,173,215,119
235,customer-235,138,182,189,127,110,127,99,48,53
236,customer-236,99,176,108,134,71,82,13,68,206
237,customer-237,36,90,114,155,153,195,206,156,8
238,customer-238,135,146,182,128,150,166,105,118,131
239,customer-239,28,61,151,92,227,19,76,203,231
240,customer-240,100,139,126,159,144,111,18,30,148
241,customer-241,94,113,127,186,63,192,138,241,36
242,customer-242,115,181,238,155,123,171,104,212,79
243,customer-243,87,147,246,80,68,62,51,122,148
244,customer-244,186,230,112,198,275,68,53,35,81
245,customer-245,16,80,69,35,172,189,199,199,127
246,customer-246,199,240,131,218,150,108,98,102,161
247,customer-247,168,187,105,56,201,220,77,111,94
248,customer-248,86,158,146,157,106,57,39,147,159
249,customer-249,28,66,101,234,156,216,176,29,160
250,customer-250,163,220,121,54,127,198,85,133,115
251,customer-251,167,189,29,8,190,36,80,196,106
252,customer-252,94,136,195,73,55,5,190,161,31
253,customer-253,99,138,43,81,73,214,163,211,17
254,customer-254,137,203,212,153,91,53,92,155,150
255,customer-255,99,186,123,185,63,38,110,203,131
256,customer-256,117,117,183,135,69,39,21,162,152
257,customer-257,30,81,148,159,104,74,45,82,142
258,customer-258,22,70,116,45,21,107,240,34,179
259,customer-259,45,86,68,178,21,105,99,46,81
260,customer-260,13,101,116,81,152,157,203,137,122
261,customer-261,230,245,46,156,159,81,44,107,32
262,customer-262,231,282,121,68,127,117,234,154,80
263,customer-263,115,139,97,130,75,22,184,137,148
264,customer-264,149,191,20,26,70,112,32,130,128
265,customer-265,147,162,192,191,61,198,130,58,181
266,customer-266,128,181,130,191,139,145,76,198,163
267,customer-267,83,148,72,253,170,109,145,237,207
268,customer-268,39,53,118,199,45,65,36,155,43
269,customer-269,178,263,89,207,137,163,153,153,138
270,customer-270,158,243,135,9,51,55,160,179,143
271,customer-271,157,189,72,142,188,178,29,40,193
272,customer-272,63,105,3,196,96,189,66,193,184
273,customer-273,38,54,80,154,170,29,116,86,227
274,customer-274,91,137,208,130,220,165,68,48,39
275,customer-275,67,111,71,54,134,75,158,203,199
276,customer-276,141,216,169,147,52,150,69,162,102
277,customer-277,152,185,189,196,105,67,123,90,221
278,customer-278,43,92,175,71,219,207,165,107,11
279,customer-279,173,175,136,115,157,137,180,74,165
280,customer-280,167,177,36,73,45,132,46,212,40
281,customer-281,206,243,121,87,138,10,165,182,70
282,customer-282,208,259,133,227,203,10,66,41,94
283,customer-283,107,107,194,233,37,32,198,74,261
284,customer-284,54,136,201,51,198,101,50,199,274
285,customer-285,151,189,189,127,130,93,82,59,17
286,customer-286,68,159,190,139,142,218,24,48,172
287,customer-287,146,231,23,39,62,122,37,193,86
288,customer-288,87,160,89,181,61,197,116,71,164
289,customer-289,200,272,153,206,207,146,33,27,178
290,customer-290,117,180,57,114,172,108,33,245,17
291,customer-291,202,294,143,108,103,71,139,145,183
292,customer-292,156,178,108,141,118,208,83,154,60
293,customer-293,140,149,89,119,143,204,178,100,214
294,customer-294,204,300,91,231,54,187,109,200,73
295,customer-295,35,70,127,138,203,61,48,21,100
296,customer-296,67,151,153,22,141,76,88,165,199
297,customer-297,30,68,274,138,243,215,86,149,118
298,customer-298,193,224,185,40,176,77,156,141,84
299,customer-299,200,201,38,125,199,93,212,44,224
300,customer-300,115,140,47,91,134,50,174,155,44
301,customer-301,77,136,133,160,91,44,6,22,200
302,customer-302,61,110,141,113,130,176,51,70,170
303,customer-303,176,177,145,102,125,148,206,107,191
304,customer-304,53,86,152,204,239,106,89,227,179
305,customer-305,73,127,112,79,255,66,144,247,119
306,customer-306,89,121,165,61,220,92,48,94,81
307,customer-307,229,245,212,268,135,96,93,225,256
308,customer-308,165,166,178,123,132,109,78,197,169
309,customer-309,218,234,12,84,102,151,89,211,221
310,customer-310,64,97,181,49,169,201,206,38,162
311,customer-311,152,179,99,90,117,126,97,110,96
312,customer-312,89,158,80,59,202,146,190,82,121
313,customer-313,48,72,202,93,192,124,54,135,194
314,customer-314,90,148,58,204,79,106,98,225,159
315,customer-315,42,107,134,120,150,186,8,188,161
316,customer-316,97,138,93,160,222,10,192,79,99
317,customer-317,213,257,171,187,227,127,46,96,156
318,customer-318,7,15,48,187,193,121,95,157,158
319,customer-319,123,189,34,190,191,222,168,179,71
320,customer-320,37,86,110,132,32,140,132,149,42
321,customer-321,181,265,228,69,201,143,33,183,165
322,customer-322,198,231,63,154,57,151,211,176,28
323,customer-323,102,106,156,197,102,133,72,48,79
324,customer-324,71,138,75,81,130,123,55,223,35
325,customer-325,193,208,145,185,77,210,51,142,186
326,customer-326,67,155,173,140,213,162,152,152,72
327,customer-327,201,265,175,112,9,22,23,200,170
328,customer-328,44,120,58,137,81,37,77,165,38
329,customer-329,136,232,106,98,73,43,38,166,177
330,customer-330,103,142,86,60,50,38,78,256,193
331,customer-331,61,141,208,185,126,208,130,54,24
332,customer-332,186,266,58,59,215,116,161,141,139
333,customer-333,158,164,73,197,150,107,172,53,61
334,customer-334,168,261,150,6,51,127,121,127,61
335,customer-335,29,36,142,105,114,176,37,87,82
336,customer-336,127,198,32,177,113,137,136,94,153
337,customer-337,50,56,192,95,168,64,136,34,139
338,customer-338,232,272,179,148,55,43,68,211,187
339,customer-339,224,270,54,129,100,112,199,221,45
340,customer-340,23,78,167,40,104,128,195,90,114
341,customer-341,189,239,280,199,202,100,86,39,151
342,customer-342,188,266,164,31,122,175,201,47,151
343,customer-343,151,233,79,234,86,38,207,181,92
344,customer-344,100,145,186,47,120,86,104,149,217
345,customer-345,122,144,67,91,68,95,127,98,204
346,customer-346,169,254,163,73,150,162,114,134,70
347,customer-347,202,222,127,178,98,142,178,115,178
348,customer-348,73,119,124,270,192,64,15,160,138
349,customer-349,34,127,217,259,102,196,47,225,71
350,customer-350,160,239,105,184,96,162,101,54,188
351,customer-351,86,112,206,203,74,81,123,65,63
352,customer-352,123,161,159,151,83,185,214,82,177
353,customer-353,138,188,127,68,44,51,103,157,152
354,customer-354,93,96,86,129,18,185,105,197,170
355,customer-355,113,127,113,120,168,86,155,193,61
356,customer-356,168,212,36,125,200,22,224,45,97
357,customer-357,140,212,62,201,183,193,160,50,147
358,customer-358,167,199,50,80,171,148,225,105,32
359,customer-359,156,170,40,29,33,213,49,74,27
360,customer-360,144,154,71,190,164,164,170,195,207
361,customer-361,173,234,184,196,36,200,176,28,35
362,customer-362,68,131,213,164,57,129,176,112,107
363,customer-363,53,91,75,194,216,101,157,206,166
364,customer-364,145,218,243,29,204,5,161,116,50
365,customer-365,42,103,249,161,58,30,178,183,218
366,customer-366,24,86,112,86,78,169,181,45,206
367,customer-367,125,163,15,97,221,67,39,162,96
368,customer-368,168,233,144,194,182,195,6,156,34
369,customer-369,29,50,115,22,208,107,200,97,125
370,customer-370,194,280,59,127,255,182,85,74,98
371,customer-371,121,161,225,172,56,89,42,186,160
372,customer-372,14,15,129,57,188,171,125,86,193
373,customer-373,29,81,30,80,136,165,109,55,108
374,customer-374,192,277,136,44,227,116,169,150,62
375,customer-375,27,29,167,64,2,93,208,105,189
376,customer-376,109,166,216,113,146,149,148,160,89
377,customer-377,101,189,165,125,193,111,67,144,182
378,customer-378,78,104,141,92,133,26,121,199,130
379,customer-379,77,165,147,175,107,104,259,186,181
380,customer-380,232,256,184,190,109,163,154,173,85
381,customer-381,45,48,185,164,64,206,189,53,90
382,customer-382,27,82,35,50,110,62,240,95,183
383,customer-383,162,224,75,84,211,41,153,186,162
384,customer-384,174,197,182,197,168,113,16,57,154
385,customer-385,172,175,69,146,76,115,145,138,148
386,customer-386,178,186,39,166,182,24,192,83,103
387,customer-387,48,72,201,209,152,130,85,7,52
388,customer-388,16,99,130,143,78,199,91,56,165
389,customer-389,134,216,72,144,173,57,52,47,182
390,customer-390,126,188,190,171,208,80,191,111,251
391,customer-391,193,251,200,148,123,161,247,89,175
392,customer-392,96,152,71,120,128,62,43,5,114
393,customer-393,70,91,110,113,81,89,177,225,114
394,customer-394,78,163,36,190,83,239,72,101,153
395,customer-395,207,263,106,157,37,73,156,161,87
396,customer-396,92,171,38,163,197,108,199,163,120
397,customer-397,110,201,180,150,31,43,193,181,40
398,customer-398,47,64,79,103,188,114,143,56,209
399,customer-399,137,191,228,196,124,167,126,134,151
400,customer-400,144,187,41,205,63,101,199,200,192
401,customer-401,52,76,195,117,98,36,90,184,96
402,customer-402,137,183,18,110,194,51,59,114,217
403,customer-403,203,292,270,92,131,113,70,103,69
404,customer-404,234,298,66,176,178,95,185,45,169
405,customer-405,103,125,55,132,161,186,181,193,187
406,customer-406,75,106,36,146,98,45,45,159,56
407,customer-407,157,229,51,60,116,97,149,44,196
408,customer-408,23,116,181,202,101,152,125,102,186
409,customer-409,85,159,54,24,190,89,172,53,159
410,customer-410,123,134,218,18,124,75,68,34,101
411,customer-411,200,281,223,162,93,119,190,60,175
412,customer-412,122,136,168,191,32,77,185,39,52
413,customer-413,90,114,63,184,55,100,34,12,89
414,customer-414,20,80,131,200,188,105,90,103,116
415,customer-415,77,103,148,136,140,138,16,99,231
416,customer-416,117,189,93,111,247,87,67,66,15
417,customer-417,99,165,58,226,133,63,201,44,176
418,customer-418,205,207,6,39,42,127,144,29,176
419,customer-419,76,146,140,142,181,46,86,229,156
420,customer-420,155,193,118,176,181,144,111,208,215
421,customer-421,109,199,229,132,179,85,154,195,111
422,customer-422,175,246,162,81,140,55,35,161,186
423,customer-423,180,216,104,195,226,241,94,169,155
424,customer-424,125,132,121,145,205,22,190,182,150
425,customer-425,158,210,125,77,134,53,161,132,199
426,customer-426,53,77,6,168,101,98,95,105,207
427,customer-427,162,170,175,116,153,141,40,181,78
428,customer-428,103,170,198,173,175,180,177,199,144
429,customer-429,128,166,232,191,56,170,123,216,58
430,customer-430,227,295,174,173,112,190,160,79,68
431,customer-431,114,119,173,140,91,158,147,138,147
432,customer-432,25,113,110,65,34,170,59,233,106
433,customer-433,116,210,157,106,41,72,158,102,124
434,customer-434,6,12,205,67,107,231,137,166,215
435,customer-435,62,142,14,30,160,149,205,87,191
436,customer-436,130,147,190,44,152,186,82,181,233
437,customer-437,58,139,174,144,61,57,94,70,204
438,customer-438,213,237,123,189,81,22,70,175,238
439,customer-439,224,311,136,193,76,122,112,93,44
440,customer-440,237,280,177,187,60,187,63,72,98
441,customer-441,139,182,61,185,161,15,97,96,125
442,customer-442,123,194,56,99,22,6,43,176,120
443,customer-443,67,138,21,82,167,114,146,148,148
444,customer-444,175,252,154,35,45,206,201,163,132
445,customer-445,182,214,174,195,141,137,206,176,42
446,customer-446,108,163,136,168,44,49,76,163,71
447,customer-447,159,194,198,69,179,113,35,133,74
448,customer-448,98,121,138,75,165,101,155,140,88
449,customer-449,157,228,140,166,73,31,175,51,227
450,customer-450,35,54,66,144,90,115,177,40,49
451,customer-451,85,116,212,124,154,139,33,149,98
452,customer-452,168,237,127,188,5,36,161,23,192
453,customer-453,175,269,151,96,195,251,72,115,31
454,customer-454,27,27,65,48,205,20,47,80,187
455,customer-455,125,210,200,81,43,53,181,79,226
456,customer-456,100,179,124,153,159,113,205,214,186
457,customer-457,189,235,92,206,268,232,62,48,68
458,customer-458,184,224,102,127,47,121,162,165,111
459,customer-459,157,204,23,43,37,196,67,171,131
460,customer-460,68,118,49,198,220,180,38,85,196
461,customer-461,22,66,189,163,165,220,139,271,193
462,customer-462,186,211,12,77,156,96,97,212,47
463,customer-463,92,160,38,81,181,67,140,101,62
464,customer-464,18,44,71,53,156,23,60,79,137
465,customer-465,141,152,57,68,117,214,65,98,82
466,customer-466,68,81,176,191,131,56,166,219,104
467,customer-467,116,200,65,146,62,51,62,65,218
468,customer-468,19,40,202,43,66,165,159,109,79
469,customer-469,169,204,179,91,70,187,189,81,105
470,customer-470,83,118,90,224,6,164,221,200,82
471,customer-471,196,242,153,17,83,176,193,193,42
472,customer-472,178,180,57,212,242,21,184,41,224
473,customer-473,124,205,125,136,124,13,74,7,64
474,customer-474,47,130,14,167,197,152,80,218,75
475,customer-475,175,176,96,148,35,27,20,56,183
476,customer-476,110,110,76,52,187,226,101,89,127
477,customer-477,101,187,158,235,226,94,14,35,166
478,customer-478,77,84,11,166,159,204,87,68,109
479,customer-479,174,178,133,139,130,63,59,69,137
480,customer-480,124,133,103,207,160,203,85,200,182
481,customer-481,102,164,192,101,226,119,55,140,89
482,customer-482,225,275,156,141,19,122,16,40,58
483,customer-483,22,112,76,51,145,52,39,229,171
484,customer-484,130,221,57,156,183,175,102,79,189
485,customer-485,185,261,242,169,116,258,114,89,105
486,customer-486,150,203,191,43,250,136,77,156,178
487,customer-487,38,136,195,188,115,32,209,56,142
488,customer-488,94,121,243,135,207,61,14,155,108
489,customer-489,160,207,214,21,200,147,223,84,92
490,customer-490,152,215,150,164,74,118,150,25,198
491,customer-491,203,206,153,196,184,129,81,57,150
492,customer-492,186,260,196,158,233,124,50,216,151
493,customer-493,108,173,185,180,192,66,4,200,91
494,customer-494,131,164,191,173,229,220,197,15,47
495,customer-495,114,165,191,36,156,30,158,39,159
496,customer-496,172,226,99,111,192,112,65,140,42
497,customer-497,164,214,188,135,129,175,71,90,4
498,customer-498,169,178,197,67,189,107,8,42,148
499,customer-499,33,41,152,197,83,64,32,174,218
500,customer-500,139,154,213,119,145,131,78,232,235
501,customer-501,23,100,50,68,117,32,269,120,30
502,customer-502,36,87,231,64,98,37,84,122,71
503,customer-503,141,209,172,42,102,139,149,210,231
504,customer-504,177,234,189,92,34,50,15,115,230
505,customer-505,100,146,188,80,160,232,154,186,15
506,customer-506,168,206,43,207,51,97,3,59,103
507,customer-507,140,193,233,170,72,108,212,176,183
508,customer-508,233,290,93,95,103,122,213,160,62
509,customer-509,248,273,150,80,146,147,110,48,191
510,customer-510,126,203,59,218,45,74,174,100,34
511,customer-511,111,167,12,77,187,162,109,204,173
512,customer-512,107,162,25,108,138,104,79,178,120
513,customer-513,180,215,47,30,177,50,104,92,115
514,customer-514,95,147,79,39,171,44,197,181,75
515,customer-515,183,259,135,160,210,155,139,58,88
516,customer-516,158,181,125,216,149,135,247,133,128
517,customer-517,23,58,91,103,82,138,38,58,91
518,customer-518,234,267,121,215,103,140,80,98,9
519,customer-519,72,81,123,164,135,171,199,171,170
520,customer-520,85,86,53,168,115,197,7,76,92
521,customer-521,133,220,187,130,134,198,43,202,89
522,customer-522,85,144,207,87,213,215,216,114,115
523,customer-523,126,191,144,158,159,35,94,57,200
524,customer-524,200,226,150,66,67,203,187,131,119
525,customer-525,102,182,139,91,190,145,18,78,33
526,customer-526,224,291,75,276,184,51,93,193,150
527,customer-527,117,162,128,160,83,83,107,68,177
528,customer-528,217,302,103,184,225,185,196,75,98
529,customer-529,139,184,2,212,10,99,189,50,180
530,customer-530,183,269,49,199,162,155,82,94,249
531,customer-531,153,162,111,184,62,100,47,12,154
532,customer-532,98,102,57,93,206,139,128,137,67
533,customer-533,105,131,38,139,92,211,227,152,127
534,customer-534,215,218,42,163,88,200,162,119,59
535,customer-535,137,172,180,137,146,156,175,169,170
536,customer-536,71,83,32,110,130,212,40,32,151
537,customer-537,242,303,157,195,83,198,118,176,98
538,customer-538,191,265,114,91,173,107,86,69,148
539,customer-539,226,261,162,42,99,70,53,178,30
540,customer-540,57,95,98,103,5,43,22,190,115
541,customer-541,205,228,95,21,166,167,87,212,40
542,customer-542,161,250,44,196,184,99,117,124,230
543,customer-543,169,251,190,38,78,176,50,122,113
544,customer-544,203,287,121,198,78,43,146,34,192
545,customer-545,146,184,95,130,149,274,114,196,168
546,customer-546,165,180,75,175,157,125,221,139,207
547,customer-547,68,79,129,220,119,86,80,199,59
548,customer-548,235,271,161,254,101,100,168,216,115
549,customer-549,162,199,203,44,100,176,140,235,26
550,customer-550,194,197,203,236,100,47,201,166,135
551,customer-551,53,101,155,18,57,111,124,230,208
552,customer-552,233,318,80,194,197,36,71,199,75
553,customer-553,104,190,34,87,173,227,38,122,91
554,customer-554,158,254,200,92,49,118,227,159,147
555,customer-555,267,351,49,29,176,209,101,71,92
556,customer-556,64,130,222,78,203,108,131,158,103
557,customer-557,140,232,115,114,179,112,154,64,158
558,customer-558,64,109,233,187,107,82,58,148,6
559,customer-559,189,212,34,129,146,107,5,129,186
560,customer-560,122,134,106,50,128,82,116,15,138
561,customer-561,16,59,92,226,93,197,27,191,134
562,customer-562,230,276,51,111,209,164,155,48,59
563,customer-563,101,194,63,92,49,14,103,111,130
564,customer-564,110,111,191,3,152,215,240,176,193
565,customer-565,118,195,34,33,150,135,187,48,220
566,customer-566,200,223,63,82,20,50,101,118,39
567,customer-567,41,69,76,251,82,85,140,86,24
568,customer-568,42,111,88,28,148,67,75,210,118
569,customer-569,122,185,210,120,76,112,77,206,176
570,customer-570,52,126,10,148,114,188,169,226,79
571,customer-571,76,100,136,171,178,144,197,200,112
572,customer-572,208,272,130,141,170,211,50,87,28
573,customer-573,32,85,182,157,122,168,46,46,61
574,customer-574,13,17,33,56,99,145,167,236,153
575,customer-575,161,234,208,96,37,44,104,225,172
576,customer-576,24,94,43,41,91,77,116,107,11
577,customer-577,202,222,236,176,141,19,130,101,38
578,customer-578,196,200,149,166,54,187,176,47,173
579,customer-579,154,238,122,185,217,223,176,192,116
580,customer-580,111,178,157,134,73,101,72,119,169
581,customer-581,85,101,196,159,7,73,109,154,71
582,customer-582,181,237,36,148,197,178,112,148,189
583,customer-583,135,155,105,24,5,134,131,154,145
584,customer-584,102,187,186,181,186,21,34,152,31
585,customer-585,32,59,229,120,27,180,78,127,115
586,customer-586,138,168,148,150,176,8,70,47,182
587,customer-587,109,152,99,142,27,95,112,156,74
588,customer-588,192,278,96,137,42,68,131,71,251
589,customer-589,225,230,59,123,232,54,155,156,185
590,customer-590,132,213,68,160,126,93,264,157,104
591,customer-591,208,261,79,157,144,168,46,89,7
592,customer-592,90,95,211,177,156,203,156,89,145
593,customer-593,131,182,69,79,33,2,172,18,186
594,customer-594,114,147,55,102,183,142,139,152,45
595,customer-595,170,181,65,215,257,115,232,192,200
596,customer-596,100,131,108,128,51,148,83,62,72
597,customer-597,60,72,97,171,179,170,184,174,151
598,customer-598,208,261,105,191,145,64,47,88,95
599,customer-599,186,267,241,183,128,168,56,45,84
600,customer-600,142,171,139,144,186,68,39,193,73
601,customer-601,217,256,71,90,190,56,73,94,78
602,customer-602,208,301,113,71,207,164,175,28,67
603,customer-603,110,112,174,143,4,166,148,60,139
604,customer-604,180,222,74,149,201,115,196,180,148
605,customer-605,29,60,40,195,41,30,104,94,195
606,customer-606,136,142,163,203,35,13,198,58,89
607,customer-607,194,230,183,110,199,63,94,96,77
608,customer-608,112,207,206,166,18,52,70,103,41
609,customer-609,173,204,34,71,30,154,93,59,240
610,customer-610,84,128,18,60,203,72,107,186,24
611,customer-611,125,153,83,28,98,156,85,177,180
612,customer-612,186,239,150,146,155,98,82,116,65
613,customer-613,204,244,203,114,131,207,52,261,139
614,customer-614,179,183,236,174,122,149,49,122,96
615,customer-615,29,89,131,122,84,195,224,163,28
616,customer-616,192,283,97,153,214,83,86,40,146
617,customer-617,130,191,87,220,20,41,239,104,131
618,customer-618,156,201,39,45,173,213,148,180,148
619,customer-619,56,68,7,74,177,23,174,166,184
620,customer-620,64,125,5,138,118,26,42,199,150
621,customer-621,184,212,159,126,60,187,58,70,51
622,customer-622,166,222,150,195,202,68,139,150,53
623,customer-623,154,231,86,171,88,250,205,105,161
624,customer-624,101,125,118,154,35,46,74,49,178
625,customer-625,91,91,155,62,88,91,214,165,145
626,customer-626,136,146,41,124,212,109,113,138,201
627,customer-627,48,147,193,112,43,69,45,180,74
628,customer-628,24,86,203,137,193,166,141,75,229
629,customer-629,211,233,166,138,258,168,166,129,172
630,customer-630,70,115,65,86,196,163,55,58,39
631,customer-631,36,70,46,241,73,181,158,162,35
632,customer-632,262,289,152,63,94,197,65,121,118
633,customer-633,249,326,66,181,48,119,212,100,71
634,customer-634,53,151,157,94,62,142,59,170,160
635,customer-635,112,142,81,50,173,176,196,46,96
636,customer-636,71,81,159,170,99,93,193,222,84
637,customer-637,136,191,218,166,176,160,74,63,180
638,customer-638,100,114,25,34,54,145,96,29,108
639,customer-639,185,259,153,81,108,196,223,88,186
640,customer-640,81,115,69,32,202,90,169,95,179
641,customer-641,78,131,180,190,189,117,64,240,69
642,customer-642,193,241,109,114,254,166,215,243,192
643,customer-643,141,142,92,119,125,194,88,36,87
644,customer-644,205,267,120,191,174,171,71,173,211
645,customer-645,2,55,106,66,39,142,195,122,120
646,customer-646,175,259,91,158,98,73,99,119,188
647,customer-647,144,145,232,67,161,95,120,62,135
648,customer-648,194,202,142,84,103,157,193,140,131
649,customer-649,140,144,280,135,40,51,231,166,44
650,customer-650,201,247,107,37,42,148,42,176,108
651,customer-651,42,127,85,197,192,155,116,32,80
652,customer-652,39,86,20,75,83,145,160,152,114
653,customer-653,63,160,132,8,135,120,57,142,198
654,customer-654,176,183,173,75,183,201,178,81,183
655,customer-655,114,207,17,276,37,111,113,111,78
656,customer-656,76,124,95,58,219,139,17,68,31
657,customer-657,177,275,111,135,30,121,66,88,92
658,customer-658,168,218,188,205,189,198,121,83,70
659,customer-659,220,299,132,126,115,156,43,74,169
660,customer-660,75,159,4,171,56,192,225,185,172
661,customer-661,101,187,34,91,25,204,205,133,120
662,customer-662,184,231,193,43,229,134,105,183,230
663,customer-663,54,148,127,251,215,165,113,181,82
664,customer-664,153,236,216,115,67,51,115,272,162
665,customer-665,161,221,46,163,186,274,48,74,189
666,customer-666,68,157,199,130,78,240,61,174,171
667,customer-667,216,277,75,53,53,133,172,11,55
668,customer-668,205,223,78,186,264,167,93,184,219
669,customer-669,78,147,144,157,27,104,144,157,189
670,customer-670,148,150,215,112,43,165,244,186,165
671,customer-671,195,202,79,46,87,49,83,97,78
672,customer-672,124,138,174,45,37,211,52,177,121
673,customer-673,173,198,115,172,45,36,9,74,24
674,customer-674,161,242,67,58,140,102,118,169,107
675,customer-675,172,202,185,91,183,205,220,113,199
676,customer-676,102,156,114,244,93,151,125,48,51
677,customer-677,175,268,132,254,213,182,140,51,141
678,customer-678,206,237,238,128,174,87,216,141,61
679,customer-679,73,87,157,76,253,120,242,70,36
680,customer-680,213,304,105,95,202,175,95,146,10
681,customer-681,132,215,251,158,88,140,98,131,163
682,customer-682,93,133,19,137,207,115,55,85,12
683,customer-683,87,91,126,86,47,158,199,48,206
684,customer-684,21,39,35,159,174,52,163,174,50
685,customer-685,122,187,188,109,204,113,184,110,70
686,customer-686,52,65,202,96,131,13,8,74,93
687,customer-687,103,112,17,179,62,58,163,164,111
688,customer-688,166,194,205,112,123,122,101,30,209
689,customer-689,176,237,132,126,89,184,275,120,45
690,customer-690,171,266,109,81,113,145,115,98,179
691,customer-691,214,229,191,164,148,131,156,76,209
692,customer-692,165,212,116,189,94,153,71,48,183
693,customer-693,36,133,142,208,72,204,247,100,84
694,customer-694,131,177,233,67,148,83,98,99,126
695,customer-695,17,40,127,81,108,161,130,169,108
696,customer-696,235,308,229,132,60,153,21,62,5
697,customer-697,112,175,29,259,62,117,120,89,28
698,customer-698,26,49,84,111,118,174,160,35,5
699,customer-699,183,255,90,57,116,185,198,168,94
700,customer-700,6,36,52,174,201,204,55,36,170
701,customer-701,90,117,59,172,114,118,219,63,144
702,customer-702,67,162,108,214,6,101,167,190,185
703,customer-703,176,228,44,146,78,172,195,162,208
704,customer-704,193,287,18,84,92,186,16,127,119
705,customer-705,42,111,13,16,147,120,109,61,175
706,customer-706,8,52,88,146,131,186,201,172,135
707,customer-707,244,305,203,31,271,132,157,135,57
708,customer-708,55,124,103,58,140,180,124,210,49
709,customer-709,197,278,21,66,65,117,34,147,254
710,customer-710,109,117,186,168,108,116,61,193,189
711,customer-711,167,236,181,63,211,133,165,182,122
712,customer-712,173,232,230,142,248,98,176,185,76
713,customer-713,49,68,19,78,120,194,19,131,193
714,customer-714,125,145,39,203,159,218,97,129,202
715,customer-715,140,177,236,108,92,58,217,194,171
716,customer-716,155,191,222,101,110,56,187,122,107
717,customer-717,191,250,200,44,194,130,143,41,160
718,customer-718,186,252,103,160,20,55,156,254,117
719,customer-719,220,227,159,110,96,127,210,112,112
720,customer-720,81,124,131,112,173,20,84,255,141
721,customer-721,108,128,251,180,51,126,221,216,126
722,customer-722,197,238,23,216,175,192,66,84,49
723,customer-723,201,202,49,34,17,75,168,102,53
724,customer-724,23,71,183,154,164,122,190,49,33
725,customer-725,115,182,194,62,183,205,132,202,62
726,customer-726,166,187,229,204,205,75,43,93,141
727,customer-727,119,166,179,207,8,9,150,189,40
728,customer-728,40,49,93,162,19,100,138,28,149
729,customer-729,134,207,200,60,191,234,90,71,146
730,customer-730,145,204,272,166,160,121,252,216,157
731,customer-731,16,99,36,118,86,86,53,27,120
732,customer-732,93,142,202,228,59,123,118,186,164
733,customer-733,178,277,155,225,83,56,188,74,192
734,customer-734,213,248,108,115,200,160,44,54,128
735,customer-735,212,231,80,186,78,2,133,44,99
736,customer-736,163,249,173,143,124,52,81,112,91
737,customer-737,38,95,177,42,211,61,35,9,37
738,customer-738,192,222,134,25,119,216,104,80,232
739,customer-739,99,107,52,215,183,118,156,193,28
740,customer-740,136,203,173,192,99,143,184,207,80
741,customer-741,192,264,105,199,109,133,89,232,121
742,customer-742,151,247,205,193,236,73,13,5,183
743,customer-743,82,166,147,163,84,45,146,110,87
744,customer-744,229,284,133,66,153,120,107,143,82
745,customer-745,224,258,40,108,71,189,176,70,181
746,customer-746,168,211,78,11,240,199,195,123,135
747,customer-747,69,114,34,182,113,87,101,179,182
748,customer-748,44,99,187,65,131,49,37,85,232
749,customer-749,127,183,117,82,133,125,64,49,179
750,customer-750,177,181,16,53,182,23,203,197,143
751,customer-751,140,219,114,109,87,182,191,98,190
752,customer-752,122,208,146,188,17,107,140,213,60
753,customer-753,121,203,190,73,108,169,207,163,212
754,customer-754,83,100,66,63,174,132,44,42,82
755,customer-755,160,217,120,112,110,54,78,153,83
756,customer-756,68,133,5,165,46,14,139,86,61
757,customer-757,56,114,56,138,60,231,165,39,218
758,customer-758,155,215,87,197,169,226,116,166,118
759,customer-759,204,289,198,94,125,169,75,52,212
760,customer-760,36,133,209,106,46,108,202,155,168
761,customer-761,130,219,212,39,69,75,87,137,200
762,customer-762,137,211,18,123,170,197,175,59,247
763,customer-763,104,158,33,54,168,114,85,29,199
764,customer-764,165,172,214,56,145,145,64,44,210
765,customer-765,21,21,146,167,85,175,108,59,78
766,customer-766,63,153,40,194,225,183,174,174,22
767,customer-767,223,261,111,212,116,68,98,207,107
768,customer-768,170,183,111,159,55,70,77,110,203
769,customer-769,51,63,179,39,36,81,94,102,170
770,customer-770,45,92,60,142,71,141,143,202,143
771,customer-771,163,195,33,180,62,71,216,103,24
772,customer-772,16,52,134,65,89,154,93,187,106
773,customer-773,235,241,68,110,148,195,126,91,75
774,customer-774,115,116,17,225,113,25,25,93,175
775,customer-775,87,119,159,152,138,55,46,160,43
776,customer-776,89,126,24,59,8,274,70,100,20
777,customer-777,140,230,43,112,59,59,171,212,55
778,customer-778,74,125,158,104,197,67,171,107,97
779,customer-779,239,291,143,135,14,127,164,202,142
780,customer-780,162,178,44,115,267,150,144,120,159
781,customer-781,197,257,153,41,195,74,82,144,177
782,customer-782,188,220,93,163,149,48,165,2,197
783,customer-783,232,248,61,80,123,264,38,202,184
784,customer-784,66,79,55,109,49,186,84,55,170
785,customer-785,60,154,106,56,257,144,185,94,22
786,customer-786,211,276,93,101,172,79,189,128,40
787,customer-787,118,153,193,201,27,201,152,177,242
788,customer-788,105,180,188,70,220,75,176,148,71
789,customer-789,19,85,189,104,72,155,70,36,216
790,customer-790,187,224,220,33,40,102,185,96,135
791,customer-791,15,31,103,67,202,96,174,158,90
792,customer-792,70,111,99,247,205,40,55,167,101
793,customer-793,53,101,188,97,71,43,135,159,121
794,customer-794,40,61,33,194,191,104,112,136,215
795,customer-795,113,121,118,205,213,136,202,205,43
796,customer-796,85,173,216,131,201,219,87,7,157
797,customer-797,263,356,81,88,11,150,159,53,54
798,customer-798,13,57,74,165,179,225,64,113,68
799,customer-799,97,168,50,170,93,107,180,111,71
800,customer-800,220,222,94,219,108,12,78,191,54
801,customer-801,234,316,84,194,215,60,85,54,194
802,customer-802,180,228,39,57,157,79,121,147,68
803,customer-803,173,231,60,13,97,19,174,24,170
804,customer-804,21,96,203,182,63,120,182,116,109
805,customer-805,158,173,40,115,250,211,240,9,115
806,customer-806,85,85,188,117,84,146,244,229,109
807,customer-807,18,31,51,192,191,79,166,21,175
808,customer-808,109,135,148,108,124,56,72,92,73
809,customer-809,40,138,211,178,33,190,132,78,106
810,customer-810,50,137,96,23,85,78,147,188,208
811,customer-811,66,72,234,199,134,80,99,75,196
812,customer-812,55,131,81,182,70,206,225,203,76
813,customer-813,124,126,106,53,173,48,94,164,170
814,customer-814,132,228,187,158,134,35,162,239,89
815,customer-815,33,61,169,207,11,182,161,119,115
816,customer-816,77,144,189,77,230,33,32,221,130
817,customer-817,33,41,122,38,166,242,153,195,126
818,customer-818,238,319,139,21,66,113,14,38,82
819,customer-819,56,139,158,191,178,76,64,180,46
820,customer-820,65,110,203,40,137,142,98,119,59
821,customer-821,258,334,32,156,80,126,43,138,81
822,customer-822,95,111,44,45,231,74,85,175,133
823,customer-823,204,244,83,62,151,134,216,165,108
824,customer-824,145,192,206,42,165,20,83,103,88
825,customer-825,102,189,28,62,48,98,118,131,99
826,customer-826,62,112,18,127,109,65,19,67,206
827,customer-827,210,292,63,156,98,96,186,221,179
828,customer-828,152,239,119,94,25,103,121,211,12
829,customer-829,221,296,146,54,120,162,205,107,65
830,customer-830,194,199,214,45,210,44,126,181,163
831,customer-831,197,253,89,107,64,78,120,184,105
832,customer-832,46,46,55,173,110,212,74,51,30
833,customer-833,51,132,228,88,29,225,149,202,138
834,customer-834,54,101,181,39,62,267,19,63,184
835,customer-835,158,166,193,60,133,22,168,67,61
836,customer-836,177,189,130,65,181,38,54,50,137
837,customer-837,141,210,192,59,177,64,94,112,75
838,customer-838,166,205,146,149,221,170,141,73,143
839,customer-839,136,154,175,136,163,263,25,88,167
840,customer-840,30,39,128,80,28,86,124,178,39
841,customer-841,37,103,109,142,213,65,210,37,80
842,customer-842,109,170,179,94,136,122,53,21,73
843,customer-843,109,186,92,52,197,71,161,30,26
844,customer-844,129,166,56,125,139,189,106,40,164
845,customer-845,175,219,159,100,204,187,37,132,128
846,customer-846,96,171,253,71,81,185,34,36,82
847,customer-847,134,165,107,52,90,84,9,168,163
848,customer-848,50,68,171,249,200,46,105,203,24
849,customer-849,152,218,93,179,170,119,251,19,243
850,customer-850,165,197,97,124,196,244,109,80,86
851,customer-851,149,160,179,194,285,203,56,22,19
852,customer-852,119,119,186,77,118,207,84,107,193
853,customer-853,229,269,80,164,8,215,180,155,111
854,customer-854,56,67,32,201,82,39,86,89,135
855,customer-855,113,155,72,128,162,123,214,111,133
856,customer-856,108,165,186,67,103,41,108,133,204
857,customer-857,70,92,191,117,28,151,96,119,38
858,customer-858,72,152,89,248,146,177,39,155,164
859,customer-859,204,230,172,204,63,137,159,43,88
860,customer-860,83,159,85,240,22,85,91,141,194
861,customer-861,208,212,187,80,61,151,94,215,62
862,customer-862,152,158,179,77,24,116,202,131,191
863,customer-863,113,125,110,198,148,149,85,109,175
864,customer-864,56,116,197,184,64,24,110,27,78
865,customer-865,201,209,71,174,226,165,117,197,127
866,customer-866,159,166,58,29,243,142,56,162,104
867,customer-867,171,254,207,212,84,143,234,191,198
868,customer-868,163,219,203,114,56,104,176,50,184
869,customer-869,267,289,199,194,113,57,55,71,144
870,customer-870,239,323,95,236,181,171,88,48,221
871,customer-871,232,238,55,138,42,114,77,135,68
872,customer-872,121,192,150,22,61,186,143,186,190
873,customer-873,23,59,163,234,60,70,175,153,58
874,customer-874,146,195,203,85,162,150,116,56,133
875,customer-875,219,306,45,218,125,205,143,147,74
876,customer-876,165,244,58,88,59,54,156,137,120
877,customer-877,62,80,77,228,201,60,237,179,104
878,customer-878,120,172,23,76,133,189,193,213,203
879,customer-879,163,177,63,236,89,126,213,99,128
880,customer-880,64,122,128,204,68,178,81,190,65
881,customer-881,177,267,199,70,189,139,140,28,58
882,customer-882,229,278,95,110,133,168,172,54,152
883,customer-883,151,171,57,172,193,125,121,190,174
884,customer-884,16,75,283,50,199,4,70,174,165
885,customer-885,192,289,183,97,235,186,175,14,156
886,customer-886,49,126,97,127,107,114,83,37,172
887,customer-887,205,216,115,205,94,193,103,83,160
888,customer-888,97,121,137,73,48,134,137,104,162
889,customer-889,269,323,243,56,187,131,67,110,56
890,customer-890,234,321,199,211,171,118,147,247,202
891,customer-891,132,164,141,55,167,73,214,108,166
892,customer-892,72,159,96,178,185,140,39,76,216
893,customer-893,78,132,90,66,142,120,142,217,83
894,customer-894,174,211,66,154,179,89,63,122,128
895,customer-895,189,262,50,188,49,239,132,200,147
896,customer-896,202,266,176,95,33,75,84,142,139
897,customer-897,204,236,46,63,68,144,57,61,178
898,customer-898,71,157,85,7,90,91,120,55,206
899,customer-899,195,236,144,170,110,201,91,196,99
900,customer-900,68,140,139,55,50,8,195,208,224
901,customer-901,101,122,99,178,84,203,125,50,173
902,customer-902,161,195,63,96,103,40,132,156,56
903,customer-903,77,122,34,215,120,138,104,47,206
904,customer-904,53,117,45,155,132,182,113,107,174
905,customer-905,190,204,141,52,211,103,162,118,151
906,customer-906,86,150,110,162,57,193,185,146,144
907,customer-907,19,51,197,93,142,198,113,157,32
908,customer-908,175,262,132,196,118,70,201,144,11
909,customer-909,145,201,260,41,162,110,198,26,174
910,customer-910,127,166,131,247,191,69,110,150,103
911,customer-911,166,264,58,195,82,183,235,140,181
912,customer-912,170,182,8,89,70,158,91,120,186
913,customer-913,123,211,141,200,23,39,136,195,8
914,customer-914,165,210,129,201,10,216,38,110,49
915,customer-915,176,182,10,20,85,169,145,117,161
916,customer-916,76,162,25,157,165,210,96,225,133
917,customer-917,138,222,175,187,84,117,75,42,51
918,customer-918,38,52,192,48,154,12,148,62,37
919,customer-919,167,216,180,16,200,79,65,125,168
920,customer-920,69,129,85,125,141,35,164,156,66
921,customer-921,55,144,199,194,124,99,198,66,128
922,customer-922,105,198,148,206,145,61,68,137,72
923,customer-923,10,80,147,63,48,25,125,19,108
924,customer-924,94,124,81,182,99,212,197,92,80
925,customer-925,111,126,130,136,85,74,260,120,139
926,customer-926,98,106,35,62,202,60,185,61,120
927,customer-927,161,194,55,168,149,139,164,105,129
928,customer-928,97,102,60,87,118,127,87,84,57
929,customer-929,117,205,110,209,96,55,207,144,170
930,customer-930,180,186,106,158,177,211,144,125,124
931,customer-931,123,163,136,23,191,117,176,159,2
932,customer-932,109,207,205,141,110,285,167,14,219
933,customer-933,159,191,248,127,81,103,52,104,268
934,customer-934,171,216,32,78,212,175,78,84,73
935,customer-935,234,268,181,13,117,38,90,204,263
936,customer-936,41,48,150,118,91,63,208,8,32
937,customer-937,116,183,161,113,216,18,14,55,150
938,customer-938,171,174,34,62,215,85,61,33,159
939,customer-939,21,82,160,51,172,198,141,122,145
940,customer-940,195,218,77,179,68,33,137,109,68
941,customer-941,56,57,176,79,211,169,143,189,66
942,customer-942,113,160,194,211,150,175,197,118,190
943,customer-943,101,171,239,207,156,168,146,196,134
944,customer-944,192,228,178,161,17,175,26,192,103
945,customer-945,36,62,128,130,190,66,198,39,32
946,customer-946,240,327,197,120,8,172,111,104,29
947,customer-947,48,134,54,29,151,260,215,66,15
948,customer-948,35,95,180,18,114,148,171,105,17
949,customer-949,94,174,96,221,62,179,65,50,54
950,customer-950,56,136,108,95,197,180,180,69,75
951,customer-951,262,337,9,36,138,42,241,36,72
952,customer-952,55,118,42,89,133,157,131,18,34
953,customer-953,96,149,83,31,54,88,5,77,45
954,customer-954,215,216,207,77,143,158,173,85,81
955,customer-955,170,200,193,170,78,177,220,123,147
956,customer-956,11,88,219,152,66,86,45,117,54
957,customer-957,201,250,153,134,62,28,116,146,146
958,customer-958,29,68,134,89,147,87,75,129,25
959,customer-959,198,293,102,71,75,135,122,91,38
960,customer-960,211,229,219,137,163,219,143,114,101
961,customer-961,216,277,182,153,21,240,80,95,95
962,customer-962,71,112,72,120,43,268,83,135,66
963,customer-963,104,131,18,22,67,138,139,47,100
964,customer-964,209,299,196,192,199,62,52,115,147
965,customer-965,185,252,128,190,202,46,11,215,18
966,customer-966,30,83,161,154,163,133,199,106,204
967,customer-967,197,270,42,60,121,199,185,165,241
968,customer-968,29,70,164,128,83,93,252,189,170
969,customer-969,245,249,108,169,141,131,46,50,125
970,customer-970,118,212,33,76,147,40,179,93,40
971,customer-971,129,168,59,173,95,118,59,106,56
972,customer-972,144,220,82,196,151,145,236,117,44
973,customer-973,109,152,96,221,144,94,139,188,68
974,customer-974,186,205,149,84,205,112,100,76,188
975,customer-975,25,111,50,207,170,42,200,142,104
976,customer-976,38,114,55,154,106,53,122,125,141
977,customer-977,112,132,139,217,68,184,191,135,212
978,customer-978,96,100,107,192,159,145,202,180,218
979,customer-979,96,139,285,204,96,157,70,24,81
980,customer-980,151,222,161,80,34,196,19,202,133
981,customer-981,163,178,142,156,211,109,81,164,146
982,customer-982,63,145,20,53,135,173,73,170,18
983,customer-983,91,124,124,66,33,88,122,158,96
984,customer-984,80,111,109,66,183,18,211,127,175
985,customer-985,16,62,191,116,150,66,193,100,176
986,customer-986,120,201,192,157,60,49,145,91,63
987,customer-987,65,93,33,83,180,127,108,149,198
988,customer-988,205,237,89,69,229,46,155,93,149
989,customer-989,197,267,119,129,69,151,138,87,94
990,customer-990,213,243,66,151,73,188,9,129,167
991,customer-991,111,165,77,120,199,145,201,153,121
992,customer-992,173,244,127,20,199,3,101,147,177
993,customer-993,30,78,200,138,3,62,151,45,71
994,customer-994,70,137,38,189,143,135,34,165,92
995,customer-995,53,143,114,55,243,4,206,195,116
996,customer-996,66,132,163,183,84,47,150,140,86
997,customer-997,57,121,30,131,219,172,126,191,106
998,customer-998,107,191,91,150,182,246,136,111,208
999,customer-999,188,271,177,75,28,35,44,159,228
1000,customer-1000,88,121,123,240,93,85,164,56,141
