id,label,ts_in,ts_out,dim_0,dim_1,dim_2
1,product-1,171,181,59,186,53
2,product-2,208,292,107,63,82
3,product-3,214,309,11,183,124
4,product-4,115,134,89,100,76
5,product-5,150,204,81,112,150
6,product-6,158,170,84,40,177
7,product-7,217,243,165,179,69
8,product-8,130,220,170,92,54
9,product-9,98,128,21,6,12
10,product-10,71,94,113,181,182
11,product-11,56,149,137,189,201
12,product-12,77,118,59,15,45
13,product-13,162,250,171,212,158
14,product-14,158,174,247,122,252
15,product-15,206,248,159,31,51
16,product-16,52,88,71,75,182
17,product-17,92,158,132,28,68
18,product-18,111,165,44,77,71
19,product-19,29,99,212,74,53
20,product-20,23,53,118,191,13
21,product-21,212,269,67,223,50
22,product-22,138,141,131,165,107
23,product-23,156,199,135,175,225
24,product-24,180,209,33,72,92
25,product-25,249,305,110,22,262
26,product-26,17,56,102,41,195
27,product-27,75,124,243,49,215
28,product-28,202,243,30,50,180
29,product-29,111,181,224,170,163
30,product-30,172,192,126,107,195
31,product-31,81,93,195,97,98
32,product-32,180,247,44,102,123
33,product-33,58,101,55,40,14
34,product-34,104,164,13,141,49
35,product-35,163,166,60,121,94
36,product-36,142,241,84,148,193
37,product-37,206,230,143,162,158
38,product-38,183,227,70,60,110
39,product-39,49,103,166,137,28
40,product-40,83,97,138,193,140
41,product-41,178,195,228,175,116
42,product-42,203,229,34,89,227
43,product-43,45,50,129,163,83
44,product-44,229,257,85,116,228
45,product-45,29,38,59,99,147
46,product-46,173,191,89,22,194
47,product-47,105,145,213,37,64
48,product-48,172,189,145,227,184
49,product-49,163,163,18,197,139
50,product-50,136,180,9,157,207
51,product-51,203,221,186,207,123
52,product-52,74,153,241,42,51
53,product-53,87,152,59,90,165
54,product-54,216,300,39,149,53
55,product-55,135,225,227,195,75
56,product-56,91,108,189,43,169
57,product-57,218,239,158,91,144
58,product-58,150,213,196,139,102
59,product-59,185,185,84,214,135
60,product-60,139,218,64,191,220
61,product-61,175,256,159,92,218
62,product-62,90,126,70,246,246
63,product-63,45,136,26,193,162
64,product-64,198,204,69,189,31
65,product-65,81,181,237,84,43
66,product-66,214,285,1,109,209
67,product-67,168,244,225,151,147
68,product-68,108,199,150,13,119
69,product-69,148,160,28,67,44
70,product-70,136,167,104,88,50
71,product-71,190,236,54,26,179
72,product-72,168,243,179,48,161
73,product-73,170,217,77,226,38
74,product-74,67,139,257,194,193
75,product-75,139,231,75,167,53
76,product-76,31,33,180,41,201
77,product-77,58,111,83,102,71
78,product-78,43,83,112,94,48
79,product-79,125,216,201,41,118
80,product-80,99,158,36,194,188
81,product-81,190,256,162,167,42
82,product-82,38,61,120,108,26
83,product-83,112,119,90,127,95
84,product-84,159,174,16,95,71
85,product-85,171,210,179,182,120
86,product-86,86,129,152,113,112
87,product-87,30,56,102,55,228
88,product-88,143,202,46,187,126
89,product-89,190,229,26,89,167
90,product-90,35,114,90,50,96
91,product-91,125,131,209,58,50
92,product-92,206,272,122,183,82
93,product-93,192,270,187,56,121
94,product-94,76,159,66,162,229
95,product-95,121,145,173,110,21
96,product-96,148,247,148,180,99
97,product-97,111,193,19,88,71
98,product-98,141,146,164,33,209
99,product-99,138,209,98,153,175
100,product-100,227,317,37,85,72
101,product-101,118,138,48,72,73
102,product-102,116,176,69,128,200
103,product-103,93,130,47,130,73
104,product-104,88,166,138,125,125
105,product-105,174,201,146,44,26
106,product-106,110,157,41,239,153
107,product-107,221,237,154,170,203
108,product-108,111,177,61,221,83
109,product-109,173,257,143,126,120
110,product-110,86,95,132,159,112
111,product-111,13,14,150,30,221
112,product-112,103,144,110,247,195
113,product-113,178,262,82,166,159
114,product-114,154,165,58,243,86
115,product-115,36,111,181,104,165
116,product-116,104,142,11,35,42
117,product-117,182,197,101,13,54
118,product-118,154,188,183,108,241
119,product-119,26,112,76,132,173
120,product-120,236,313,150,47,48
121,product-121,28,97,4,62,50
122,product-122,121,173,59,231,42
123,product-123,157,178,288,64,59
124,product-124,126,212,105,89,167
125,product-125,256,308,99,174,166
126,product-126,67,124,153,67,127
127,product-127,67,156,77,108,169
128,product-128,157,206,111,169,214
129,product-129,48,130,117,147,147
130,product-130,27,85,141,183,143
131,product-131,57,121,239,194,61
132,product-132,134,142,130,266,3
133,product-133,102,155,25,145,196
134,product-134,32,59,98,20,191
135,product-135,149,178,102,156,161
136,product-136,29,91,175,45,112
137,product-137,36,84,189,182,72
138,product-138,141,146,35,152,210
139,product-139,160,245,94,53,130
140,product-140,67,70,176,142,175
141,product-141,196,244,137,120,90
142,product-142,100,134,111,206,99
143,product-143,157,228,26,190,68
144,product-144,85,153,82,113,146
145,product-145,114,158,94,27,182
146,product-146,37,81,100,208,64
147,product-147,18,46,137,137,113
148,product-148,87,150,85,197,187
149,product-149,181,232,28,39,157
150,product-150,119,138,157,70,97
151,product-151,112,167,75,118,77
152,product-152,103,116,13,80,42
153,product-153,155,236,50,9,174
154,product-154,178,227,269,104,71
155,product-155,163,232,30,86,218
156,product-156,152,209,174,9,196
157,product-157,101,185,153,115,35
158,product-158,219,309,87,238,112
159,product-159,95,145,155,88,174
160,product-160,60,123,55,82,115
161,product-161,159,200,100,95,37
162,product-162,148,207,23,140,76
163,product-163,23,107,146,222,195
164,product-164,212,236,102,130,198
165,product-165,155,223,189,107,192
166,product-166,199,203,225,148,90
167,product-167,192,263,16,155,187
168,product-168,14,33,17,134,198
169,product-169,124,168,100,214,93
170,product-170,127,180,34,197,202
171,product-171,30,69,6,16,198
172,product-172,187,217,65,219,173
173,product-173,114,206,108,245,146
174,product-174,62,72,116,97,82
175,product-175,94,175,179,238,20
176,product-176,199,239,269,55,172
177,product-177,152,196,189,124,78
178,product-178,177,212,207,48,49
179,product-179,115,161,141,118,110
180,product-180,30,124,69,152,57
181,product-181,181,216,190,146,108
182,product-182,202,240,200,149,199
183,product-183,27,124,64,269,59
184,product-184,132,143,51,132,200
185,product-185,205,286,232,185,106
186,product-186,203,255,112,81,126
187,product-187,18,66,79,7,197
188,product-188,113,137,211,103,19
189,product-189,87,117,165,167,71
190,product-190,208,217,78,220,26
191,product-191,70,170,18,72,188
192,product-192,240,312,125,184,10
193,product-193,10,87,82,151,63
194,product-194,52,67,220,69,77
195,product-195,173,181,102,156,52
196,product-196,44,129,59,180,213
197,product-197,101,181,78,64,14
198,product-198,72,103,14,26,87
199,product-199,96,119,148,164,191
200,product-200,82,116,269,123,19
201,product-201,201,287,126,24,219
202,product-202,226,294,167,108,147
203,product-203,70,162,107,119,149
204,product-204,251,285,71,88,146
205,product-205,131,204,94,120,23
206,product-206,154,201,210,96,84
207,product-207,141,185,40,33,225
208,product-208,47,75,199,133,66
209,product-209,171,249,65,190,109
210,product-210,56,109,45,126,15
211,product-211,171,215,24,93,203
212,product-212,191,233,51,273,193
213,product-213,133,192,86,159,39
214,product-214,163,175,146,135,159
215,product-215,165,239,148,180,51
216,product-216,256,308,52,109,16
217,product-217,136,206,223,152,47
218,product-218,33,102,120,137,212
219,product-219,230,276,153,166,56
220,product-220,214,282,52,183,72
221,product-221,228,307,229,147,204
222,product-222,34,48,14,27,145
223,product-223,126,190,156,115,144
224,product-224,186,199,160,114,91
225,product-225,193,203,249,45,210
226,product-226,190,277,47,147,156
227,product-227,92,113,272,140,195
228,product-228,96,99,104,117,211
229,product-229,118,118,132,121,19
230,product-230,88,150,221,186,165
231,product-231,102,195,226,134,106
232,product-232,232,281,29,140,92
233,product-233,86,129,194,186,166
234,product-234,160,237,212,62,57
235,product-235,207,218,51,92,200
236,product-236,89,179,161,57,75
237,product-237,243,305,144,36,117
238,product-238,61,74,182,169,138
239,product-239,31,57,43,161,26
240,product-240,83,148,273,67,24
241,product-241,115,149,42,132,173
242,product-242,142,203,190,186,74
243,product-243,114,186,184,128,123
244,product-244,184,232,192,153,34
245,product-245,100,166,230,228,87
246,product-246,186,274,176,91,131
247,product-247,110,133,173,52,86
248,product-248,196,258,20,47,194
249,product-249,90,119,175,143,115
250,product-250,168,204,62,156,121
251,product-251,135,164,148,144,67
252,product-252,49,79,146,119,85
253,product-253,46,76,135,136,208
254,product-254,154,217,92,81,38
255,product-255,120,146,168,61,139
256,product-256,206,218,134,178,85
257,product-257,66,73,123,100,101
258,product-258,100,134,181,116,201
259,product-259,208,287,111,80,224
260,product-260,131,188,197,116,136
261,product-261,261,282,126,246,71
262,product-262,64,80,206,11,71
263,product-263,87,135,63,77,25
264,product-264,38,57,225,125,166
265,product-265,63,108,82,67,48
266,product-266,61,97,128,113,22
267,product-267,181,206,145,69,150
268,product-268,22,32,199,92,46
269,product-269,159,237,44,56,39
270,product-270,167,222,79,259,46
271,product-271,77,154,36,126,65
272,product-272,168,188,157,63,56
273,product-273,37,62,86,199,46
274,product-274,59,98,52,104,181
275,product-275,241,279,49,51,186
276,product-276,143,206,14,258,90
277,product-277,122,193,84,86,177
278,product-278,120,216,43,36,153
279,product-279,90,189,133,23,229
280,product-280,84,91,177,198,132
281,product-281,185,224,64,104,162
282,product-282,113,202,165,190,270
283,product-283,203,206,93,157,107
284,product-284,125,126,111,224,59
285,product-285,199,257,167,98,42
286,product-286,131,166,170,73,96
287,product-287,112,116,181,120,83
288,product-288,50,60,117,173,104
289,product-289,122,216,173,85,212
290,product-290,180,184,78,118,49
291,product-291,145,158,63,191,63
292,product-292,246,327,182,187,47
293,product-293,46,62,131,172,48
294,product-294,18,99,196,211,212
295,product-295,237,334,150,131,26
296,product-296,100,173,26,168,184
297,product-297,237,258,55,75,18
298,product-298,107,155,138,115,28
299,product-299,103,136,178,70,219
300,product-300,110,149,80,20,178
301,product-301,27,70,13,246,48
302,product-302,5,31,81,28,52
303,product-303,190,198,107,109,206
304,product-304,43,56,215,272,169
305,product-305,52,105,148,167,67
306,product-306,175,228,104,195,142
307,product-307,201,211,63,110,208
308,product-308,128,193,156,152,88
309,product-309,55,88,68,148,143
310,product-310,108,185,31,213,68
311,product-311,35,50,57,260,6
312,product-312,171,182,201,107,99
313,product-313,92,109,81,212,131
314,product-314,43,65,31,166,81
315,product-315,118,194,27,86,194
316,product-316,78,165,133,41,126
317,product-317,115,144,78,58,40
318,product-318,203,246,220,173,219
319,product-319,193,233,70,197,133
320,product-320,87,134,193,279,126
321,product-321,55,145,115,88,246
322,product-322,29,43,187,165,93
323,product-323,195,271,44,135,208
324,product-324,36,69,103,105,14
325,product-325,160,255,233,156,20
326,product-326,114,164,151,174,13
327,product-327,191,277,154,61,27
328,product-328,153,189,178,119,162
329,product-329,63,77,31,155,72
330,product-330,113,138,35,194,173
331,product-331,197,214,104,197,193
332,product-332,97,144,196,188,106
333,product-333,19,75,50,71,38
334,product-334,31,108,97,140,114
335,product-335,201,235,34,47,265
336,product-336,94,100,84,84,54
337,product-337,176,216,194,185,117
338,product-338,143,232,47,197,219
339,product-339,38,112,167,145,27
340,product-340,90,148,133,22,50
341,product-341,41,43,108,75,137
342,product-342,174,177,147,69,240
343,product-343,78,148,80,46,251
344,product-344,211,304,68,210,184
345,product-345,70,98,237,40,221
346,product-346,188,244,88,122,38
347,product-347,91,121,248,136,184
348,product-348,82,115,198,153,222
349,product-349,98,126,240,110,106
350,product-350,180,267,113,116,103
351,product-351,94,163,200,189,45
352,product-352,56,92,122,169,233
353,product-353,183,228,32,81,92
354,product-354,73,127,222,35,182
355,product-355,230,245,87,183,196
356,product-356,2,36,58,120,194
357,product-357,176,261,200,187,73
358,product-358,164,212,27,77,31
359,product-359,66,145,45,205,254
360,product-360,55,61,207,140,145
361,product-361,82,153,82,52,125
362,product-362,53,73,155,101,17
363,product-363,77,129,89,96,11
364,product-364,59,122,17,55,70
365,product-365,186,211,108,173,158
366,product-366,84,106,143,105,94
367,product-367,66,73,113,153,212
368,product-368,112,166,109,188,140
369,product-369,188,196,29,190,203
370,product-370,130,180,149,147,147
371,product-371,68,153,201,94,58
372,product-372,117,126,108,75,61
373,product-373,96,134,72,163,236
374,product-374,42,68,157,51,103
375,product-375,51,133,68,139,221
376,product-376,150,209,190,108,169
377,product-377,164,230,51,145,237
378,product-378,219,288,167,53,15
379,product-379,79,159,261,113,110
380,product-380,197,215,78,146,104
381,product-381,168,223,171,76,232
382,product-382,109,111,118,56,141
383,product-383,156,212,124,93,150
384,product-384,21,32,93,50,174
385,product-385,155,162,155,206,47
386,product-386,57,83,43,39,169
387,product-387,173,186,177,74,95
388,product-388,32,71,59,95,68
389,product-389,130,216,76,168,195
390,product-390,193,202,174,79,92
391,product-391,139,174,268,167,161
392,product-392,66,151,202,96,195
393,product-393,66,79,174,128,73
394,product-394,189,227,111,228,221
395,product-395,97,162,77,11,179
396,product-396,116,176,228,27,206
397,product-397,162,234,182,154,207
398,product-398,5,99,179,159,70
399,product-399,83,152,102,214,85
400,product-400,109,143,120,17,95
401,product-401,83,110,129,111,31
402,product-402,154,161,96,206,80
403,product-403,99,120,20,14,117
404,product-404,221,312,30,226,150
405,product-405,159,169,216,72,162
406,product-406,177,184,99,101,137
407,product-407,66,135,58,76,137
408,product-408,83,158,107,187,228
409,product-409,147,174,122,183,72
410,product-410,216,282,204,254,35
411,product-411,95,113,77,54,198
412,product-412,249,262,87,29,112
413,product-413,162,194,22,117,184
414,product-414,146,227,180,203,188
415,product-415,63,84,115,108,191
416,product-416,157,199,89,141,208
417,product-417,71,112,105,200,130
418,product-418,78,100,93,110,157
419,product-419,10,26,121,147,23
420,product-420,167,203,174,249,50
421,product-421,35,95,99,33,126
422,product-422,23,107,31,130,27
423,product-423,186,234,229,175,70
424,product-424,140,169,102,96,53
425,product-425,154,241,118,51,42
426,product-426,180,217,148,166,181
427,product-427,110,164,35,37,130
428,product-428,17,42,192,232,140
429,product-429,20,44,146,11,195
430,product-430,146,201,219,88,48
431,product-431,45,106,192,111,22
432,product-432,47,116,172,144,120
433,product-433,199,282,258,196,190
434,product-434,86,177,45,166,182
435,product-435,166,257,178,135,131
436,product-436,236,250,31,54,87
437,product-437,4,40,207,96,127
438,product-438,82,140,17,208,41
439,product-439,115,119,150,114,68
440,product-440,109,158,10,181,243
441,product-441,47,104,32,2,59
442,product-442,247,302,23,152,229
443,product-443,200,206,16,229,96
444,product-444,119,145,103,120,116
445,product-445,60,66,203,183,45
446,product-446,80,175,71,191,218
447,product-447,213,267,158,142,45
448,product-448,93,167,192,109,186
449,product-449,97,105,77,71,153
450,product-450,109,126,105,192,130
451,product-451,175,267,216,51,127
452,product-452,79,126,161,23,73
453,product-453,47,114,251,109,142
454,product-454,2,53,86,175,182
455,product-455,170,214,164,108,68
456,product-456,185,187,166,120,96
457,product-457,96,130,80,83,237
458,product-458,134,154,89,79,110
459,product-459,70,101,92,188,9
460,product-460,171,188,66,56,138
461,product-461,84,145,73,75,201
462,product-462,108,197,205,186,169
463,product-463,20,69,157,170,136
464,product-464,140,179,287,145,100
465,product-465,189,202,123,135,58
466,product-466,61,129,58,53,155
467,product-467,136,221,110,102,140
468,product-468,187,214,44,204,122
469,product-469,185,227,107,192,21
470,product-470,184,206,106,106,47
471,product-471,214,288,47,184,35
472,product-472,31,73,115,211,64
473,product-473,16,62,118,73,175
474,product-474,274,342,139,149,69
475,product-475,218,263,101,263,132
476,product-476,35,119,232,48,75
477,product-477,132,164,209,104,121
478,product-478,128,151,149,79,100
479,product-479,168,185,173,213,93
480,product-480,137,172,15,121,203
481,product-481,185,249,122,141,61
482,product-482,93,131,93,190,196
483,product-483,67,90,79,37,228
484,product-484,107,127,103,227,36
485,product-485,141,188,185,112,183
486,product-486,206,235,51,131,117
487,product-487,46,138,56,112,64
488,product-488,157,223,97,132,60
489,product-489,70,148,177,86,135
490,product-490,81,159,69,176,174
491,product-491,128,139,58,162,176
492,product-492,80,123,195,168,173
493,product-493,186,271,37,133,103
494,product-494,8,94,213,156,179
495,product-495,217,217,153,95,140
496,product-496,208,246,186,56,116
497,product-497,106,148,135,156,67
498,product-498,223,267,4,104,203
499,product-499,96,107,23,260,189
500,product-500,151,227,209,61,240
501,product-501,196,270,193,206,27
502,product-502,196,290,146,248,32
503,product-503,63,102,180,144,104
504,product-504,53,104,182,131,70
505,product-505,67,117,177,56,180
506,product-506,209,263,147,170,81
507,product-507,81,130,199,146,167
508,product-508,101,129,109,191,140
509,product-509,43,133,29,124,222
510,product-510,112,133,200,23,95
511,product-511,171,220,134,142,51
512,product-512,96,98,176,141,75
513,product-513,225,249,98,162,32
514,product-514,68,140,135,76,226
515,product-515,52,62,251,14,98
516,product-516,187,273,14,97,174
517,product-517,217,311,118,68,62
518,product-518,191,209,70,142,212
519,product-519,192,200,161,95,66
520,product-520,176,260,73,90,117
521,product-521,54,111,171,190,87
522,product-522,28,111,93,105,138
523,product-523,51,111,114,62,96
524,product-524,66,108,155,56,105
525,product-525,221,245,145,127,114
526,product-526,136,217,241,97,107
527,product-527,103,194,174,179,199
528,product-528,187,256,179,197,144
529,product-529,136,167,181,157,38
530,product-530,131,156,61,137,206
531,product-531,173,177,234,177,75
532,product-532,135,201,182,177,60
533,product-533,175,196,72,125,131
534,product-534,200,215,97,22,117
535,product-535,137,166,111,131,125
536,product-536,179,187,153,214,68
537,product-537,137,216,101,183,69
538,product-538,110,121,88,152,227
539,product-539,233,265,127,164,62
540,product-540,31,48,178,202,68
541,product-541,15,43,111,244,177
542,product-542,31,64,157,150,69
543,product-543,116,177,121,13,208
544,product-544,115,182,211,92,79
545,product-545,46,127,9,206,84
546,product-546,197,250,66,20,171
547,product-547,24,76,104,217,154
548,product-548,190,205,33,145,128
549,product-549,252,321,169,195,4
550,product-550,226,307,11,96,81
551,product-551,145,150,146,98,75
552,product-552,35,115,247,223,70
553,product-553,169,204,190,89,152
554,product-554,45,85,137,212,115
555,product-555,138,210,164,103,11
556,product-556,28,92,86,24,196
557,product-557,43,90,154,142,85
558,product-558,141,187,81,21,126
559,product-559,69,72,21,163,127
560,product-560,65,138,65,110,77
561,product-561,141,149,62,185,145
562,product-562,194,224,245,70,136
563,product-563,207,236,142,14,122
564,product-564,118,153,128,159,155
565,product-565,179,229,89,14,163
566,product-566,195,267,99,84,27
567,product-567,90,117,211,195,170
568,product-568,96,119,70,118,149
569,product-569,182,232,196,50,0
570,product-570,66,144,106,95,190
571,product-571,159,212,37,133,164
572,product-572,70,155,106,49,159
573,product-573,138,233,186,160,136
574,product-574,70,120,201,83,43
575,product-575,152,238,196,84,147
576,product-576,12,12,117,95,176
577,product-577,22,53,97,80,155
578,product-578,124,157,106,45,221
579,product-579,105,121,140,132,184
580,product-580,76,91,78,201,181
581,product-581,231,323,34,67,88
582,product-582,126,134,18,117,156
583,product-583,31,46,99,91,189
584,product-584,229,300,156,161,45
585,product-585,94,184,108,76,81
586,product-586,102,127,68,76,184
587,product-587,89,182,172,10,38
588,product-588,74,90,114,149,170
589,product-589,190,212,36,136,199
590,product-590,209,273,212,122,172
591,product-591,59,128,159,25,217
592,product-592,74,159,6,111,77
593,product-593,128,193,157,99,224
594,product-594,124,127,108,216,69
595,product-595,148,243,69,37,51
596,product-596,152,220,65,65,193
597,product-597,122,178,96,107,41
598,product-598,69,100,188,57,70
599,product-599,131,222,155,127,111
600,product-600,76,121,104,90,80
601,product-601,147,231,93,80,47
602,product-602,64,101,151,152,59
603,product-603,59,71,211,91,193
604,product-604,134,156,144,91,107
605,product-605,166,176,203,40,127
606,product-606,176,198,125,133,44
607,product-607,152,188,149,57,190
608,product-608,185,187,120,118,193
609,product-609,164,187,198,184,132
610,product-610,214,215,199,144,120
611,product-611,60,154,174,59,182
612,product-612,157,208,104,208,119
613,product-613,152,156,71,185,3
614,product-614,127,137,67,94,159
615,product-615,62,116,37,37,47
616,product-616,169,248,158,75,211
617,product-617,194,254,148,61,50
618,product-618,33,113,83,117,174
619,product-619,146,224,147,122,97
620,product-620,145,155,171,160,155
621,product-621,157,205,73,17,48
622,product-622,176,212,207,100,88
623,product-623,255,329,157,143,115
624,product-624,121,180,56,131,96
625,product-625,93,157,117,119,134
626,product-626,105,153,35,144,201
627,product-627,31,55,152,72,171
628,product-628,138,160,47,14,58
629,product-629,138,141,80,14,176
630,product-630,174,266,136,202,97
631,product-631,53,133,175,110,72
632,product-632,142,201,217,58,179
633,product-633,200,296,102,197,61
634,product-634,70,118,32,110,197
635,product-635,156,167,181,58,128
636,product-636,132,184,165,248,221
637,product-637,158,169,86,121,53
638,product-638,190,273,225,122,78
639,product-639,135,185,33,38,150
640,product-640,145,216,103,248,41
641,product-641,28,71,160,50,55
642,product-642,18,88,159,210,104
643,product-643,107,203,34,219,191
644,product-644,172,180,151,149,208
645,product-645,129,133,70,104,66
646,product-646,125,161,189,129,80
647,product-647,173,212,234,31,28
648,product-648,134,215,139,169,44
649,product-649,173,230,158,104,107
650,product-650,142,197,142,176,157
651,product-651,91,128,27,33,133
652,product-652,108,153,64,70,115
653,product-653,209,269,162,142,56
654,product-654,62,153,48,162,91
655,product-655,243,304,77,65,197
656,product-656,186,273,137,135,210
657,product-657,67,150,2,154,89
658,product-658,90,163,209,75,124
659,product-659,150,218,167,91,92
660,product-660,127,187,29,178,101
661,product-661,111,168,157,28,33
662,product-662,170,232,94,72,237
663,product-663,177,258,112,124,50
664,product-664,68,78,129,134,195
665,product-665,117,185,25,183,73
666,product-666,72,155,152,114,40
667,product-667,111,172,154,184,24
668,product-668,181,243,145,109,108
669,product-669,80,144,115,39,73
670,product-670,120,185,216,101,114
671,product-671,158,222,123,169,166
672,product-672,193,268,53,9,123
673,product-673,114,157,183,212,29
674,product-674,259,341,78,32,230
675,product-675,214,273,36,184,119
676,product-676,275,300,233,229,2
677,product-677,115,135,130,102,162
678,product-678,145,224,51,197,118
679,product-679,28,88,84,234,232
680,product-680,59,75,124,51,194
681,product-681,72,72,118,178,172
682,product-682,58,108,58,131,49
683,product-683,143,200,26,83,221
684,product-684,45,84,121,124,153
685,product-685,214,282,190,79,42
686,product-686,169,169,86,55,112
687,product-687,48,108,101,150,188
688,product-688,11,66,108,88,84
689,product-689,31,95,179,65,118
690,product-690,55,145,206,185,39
691,product-691,101,194,90,68,181
692,product-692,231,236,126,71,123
693,product-693,8,97,185,60,4
694,product-694,102,149,240,197,40
695,product-695,170,204,175,55,133
696,product-696,16,37,173,174,192
697,product-697,183,273,188,173,157
698,product-698,150,196,198,148,71
699,product-699,155,196,130,81,57
700,product-700,83,139,95,202,116
701,product-701,194,254,84,70,208
702,product-702,190,221,125,206,164
703,product-703,107,190,166,83,175
704,product-704,223,225,220,81,54
705,product-705,54,60,19,22,199
706,product-706,96,171,94,128,195
707,product-707,172,179,107,132,82
708,product-708,207,228,159,112,152
709,product-709,196,205,207,84,38
710,product-710,41,52,70,111,265
711,product-711,240,261,137,186,86
712,product-712,91,148,172,81,14
713,product-713,88,111,60,100,39
714,product-714,62,122,123,230,145
715,product-715,119,163,151,103,203
716,product-716,44,107,115,100,215
717,product-717,185,217,193,190,96
718,product-718,177,255,217,151,211
719,product-719,150,219,255,152,57
720,product-720,100,183,99,158,107
721,product-721,166,198,169,117,92
722,product-722,202,264,49,210,112
723,product-723,159,259,166,59,112
724,product-724,149,249,152,170,146
725,product-725,23,33,151,132,199
726,product-726,150,223,124,69,70
727,product-727,128,166,179,209,16
728,product-728,92,163,65,197,77
729,product-729,132,150,68,58,205
730,product-730,140,213,192,155,59
731,product-731,22,109,77,193,78
732,product-732,110,113,181,168,54
733,product-733,76,128,161,73,150
734,product-734,197,203,76,110,89
735,product-735,224,236,181,184,212
736,product-736,117,211,30,154,180
737,product-737,138,188,117,121,117
738,product-738,238,252,160,59,81
739,product-739,9,68,217,86,65
740,product-740,108,185,65,166,148
741,product-741,169,170,177,177,202
742,product-742,171,230,147,92,204
743,product-743,117,134,98,150,15
744,product-744,92,180,63,117,26
745,product-745,48,68,108,93,229
746,product-746,135,229,93,162,186
747,product-747,43,80,114,124,20
748,product-748,27,44,210,214,143
749,product-749,71,157,62,131,107
750,product-750,100,180,201,22,150
751,product-751,138,197,90,62,157
752,product-752,101,158,57,75,168
753,product-753,33,61,84,34,55
754,product-754,90,184,30,36,176
755,product-755,88,151,146,210,60
756,product-756,138,182,192,101,170
757,product-757,62,128,196,125,78
758,product-758,3,4,171,218,16
759,product-759,67,112,211,56,165
760,product-760,26,110,134,85,213
761,product-761,90,145,61,225,185
762,product-762,68,127,116,51,98
763,product-763,110,122,227,177,23
764,product-764,77,158,202,181,213
765,product-765,230,269,14,96,150
766,product-766,196,211,135,95,196
767,product-767,158,180,30,32,69
768,product-768,121,163,192,79,133
769,product-769,147,192,171,121,97
770,product-770,127,191,214,151,70
771,product-771,59,147,133,76,117
772,product-772,111,166,181,57,90
773,product-773,174,268,252,168,70
774,product-774,39,54,194,141,192
775,product-775,168,187,207,74,34
776,product-776,90,139,197,136,28
777,product-777,82,101,70,208,199
778,product-778,82,146,183,100,82
779,product-779,246,270,271,189,182
780,product-780,198,220,32,9,63
781,product-781,75,117,103,178,164
782,product-782,203,230,137,91,123
783,product-783,121,128,232,29,86
784,product-784,98,166,247,123,170
785,product-785,15,64,140,201,140
786,product-786,121,171,210,192,106
787,product-787,243,327,200,76,86
788,product-788,25,105,75,13,107
789,product-789,85,175,69,127,181
790,product-790,205,287,92,98,29
791,product-791,130,137,177,120,35
792,product-792,100,132,212,143,177
793,product-793,60,71,158,133,69
794,product-794,163,166,83,82,37
795,product-795,169,231,58,224,134
796,product-796,58,124,30,260,55
797,product-797,146,201,190,131,24
798,product-798,28,115,40,41,24
799,product-799,44,86,170,90,194
800,product-800,130,222,106,112,73
801,product-801,131,220,195,23,71
802,product-802,54,77,143,26,76
803,product-803,222,287,218,209,38
804,product-804,134,223,148,27,59
805,product-805,237,272,148,207,43
806,product-806,65,116,217,49,64
807,product-807,92,122,14,190,55
808,product-808,55,150,202,13,130
809,product-809,250,270,77,208,59
810,product-810,124,132,73,211,130
811,product-811,88,171,54,182,291
812,product-812,33,117,207,174,149
813,product-813,101,136,92,142,70
814,product-814,71,116,174,57,40
815,product-815,38,99,231,56,125
816,product-816,19,22,107,96,125
817,product-817,28,112,51,167,101
818,product-818,161,189,209,124,40
819,product-819,211,291,16,121,30
820,product-820,140,166,43,49,129
821,product-821,34,97,145,170,116
822,product-822,153,165,166,38,198
823,product-823,37,113,177,197,213
824,product-824,153,163,17,117,58
825,product-825,114,154,136,41,126
826,product-826,102,171,169,16,60
827,product-827,5,60,137,238,142
828,product-828,65,140,98,201,110
829,product-829,69,78,129,67,106
830,product-830,213,221,120,185,39
831,product-831,184,198,78,76,147
832,product-832,174,245,132,186,242
833,product-833,94,111,35,33,215
834,product-834,256,297,225,74,57
835,product-835,154,201,208,179,101
836,product-836,77,164,174,93,96
837,product-837,117,179,77,231,198
838,product-838,87,103,60,101,251
839,product-839,38,87,66,23,177
840,product-840,162,175,160,55,72
841,product-841,207,220,144,104,215
842,product-842,275,365,168,7,129
843,product-843,63,120,187,54,138
844,product-844,229,229,65,245,116
845,product-845,129,166,169,153,13
846,product-846,119,204,151,125,59
847,product-847,111,178,77,137,75
848,product-848,227,261,115,167,31
849,product-849,217,260,120,72,146
850,product-850,134,169,107,201,217
851,product-851,149,223,140,80,103
852,product-852,160,243,112,112,173
853,product-853,178,234,261,224,120
854,product-854,25,106,195,90,128
855,product-855,116,198,149,115,230
856,product-856,203,253,179,156,39
857,product-857,28,47,74,52,162
858,product-858,199,246,44,48,31
859,product-859,111,126,46,65,170
860,product-860,46,76,20,59,140
861,product-861,123,192,231,170,77
862,product-862,168,181,43,183,228
863,product-863,149,178,42,58,91
864,product-864,134,149,110,206,109
865,product-865,89,89,73,145,15
866,product-866,105,178,107,65,92
867,product-867,166,265,97,119,146
868,product-868,214,296,178,53,4
869,product-869,156,225,147,43,110
870,product-870,183,187,57,21,189
871,product-871,97,184,168,50,212
872,product-872,73,112,14,133,174
873,product-873,119,196,37,25,15
874,product-874,149,166,74,93,152
875,product-875,166,233,39,231,65
876,product-876,154,223,92,116,136
877,product-877,82,164,270,42,173
878,product-878,146,228,39,208,223
879,product-879,200,248,182,134,73
880,product-880,44,123,160,93,184
881,product-881,31,38,163,178,85
882,product-882,39,111,70,228,126
883,product-883,127,188,103,204,106
884,product-884,279,331,163,112,39
885,product-885,132,147,167,129,104
886,product-886,195,246,28,162,83
887,product-887,191,198,168,100,109
888,product-888,191,201,101,137,180
889,product-889,177,256,127,182,216
890,product-890,114,165,106,93,134
891,product-891,175,240,12,85,179
892,product-892,96,156,166,115,71
893,product-893,190,204,99,167,226
894,product-894,79,131,191,224,154
895,product-895,219,233,79,120,199
896,product-896,79,134,123,185,159
897,product-897,67,117,141,171,113
898,product-898,116,124,204,184,61
899,product-899,33,75,92,149,109
900,product-900,115,192,187,139,49
901,product-901,157,166,43,47,138
902,product-902,83,176,222,175,94
903,product-903,63,97,114,61,137
904,product-904,166,230,101,54,144
905,product-905,201,265,109,72,110
906,product-906,57,75,176,82,49
907,product-907,82,159,89,206,215
908,product-908,44,64,141,109,132
909,product-909,195,282,62,158,98
910,product-910,92,166,97,50,137
911,product-911,141,189,62,61,132
912,product-912,92,115,199,50,170
913,product-913,28,75,153,162,107
914,product-914,40,135,107,117,14
915,product-915,86,151,143,90,252
916,product-916,17,64,216,108,159
917,product-917,157,171,165,100,216
918,product-918,39,74,88,158,163
919,product-919,43,77,88,176,192
920,product-920,62,92,50,170,168
921,product-921,27,39,50,57,193
922,product-922,84,97,167,87,189
923,product-923,166,252,88,81,214
924,product-924,106,122,131,87,173
925,product-925,209,305,192,148,184
926,product-926,171,230,197,193,119
927,product-927,124,149,197,119,157
928,product-928,75,90,143,216,71
929,product-929,107,176,108,51,191
930,product-930,101,142,26,51,161
931,product-931,142,175,104,185,235
932,product-932,184,187,157,71,162
933,product-933,35,119,217,7,119
934,product-934,51,57,231,77,27
935,product-935,200,251,95,16,96
936,product-936,220,307,211,130,113
937,product-937,144,165,42,77,35
938,product-938,68,72,46,46,150
939,product-939,228,288,45,127,171
940,product-940,156,185,172,58,138
941,product-941,160,166,272,39,92
942,product-942,56,80,217,26,66
943,product-943,116,167,123,74,104
944,product-944,156,226,173,105,239
945,product-945,195,263,104,158,21
946,product-946,80,151,104,183,115
947,product-947,165,195,156,41,102
948,product-948,209,262,108,58,44
949,product-949,26,82,111,158,46
950,product-950,98,170,67,148,62
951,product-951,181,184,250,23,154
952,product-952,9,26,158,69,245
953,product-953,8,33,32,104,55
954,product-954,126,187,192,165,85
955,product-955,132,140,14,173,53
956,product-956,158,172,236,180,125
957,product-957,12,58,203,200,82
958,product-958,155,236,79,44,197
959,product-959,38,102,113,179,163
960,product-960,168,174,41,104,147
961,product-961,35,86,82,213,102
962,product-962,203,238,197,213,227
963,product-963,113,133,186,164,93
964,product-964,110,127,28,179,124
965,product-965,145,160,70,55,48
966,product-966,125,183,132,87,178
967,product-967,26,26,37,116,179
968,product-968,74,127,26,56,221
969,product-969,159,186,106,116,167
970,product-970,87,130,276,28,145
971,product-971,106,150,208,108,21
972,product-972,130,152,71,259,105
973,product-973,189,237,175,75,212
974,product-974,127,177,185,150,113
975,product-975,42,59,64,214,133
976,product-976,202,251,255,20,204
977,product-977,213,239,64,158,194
978,product-978,93,163,197,197,195
979,product-979,183,252,196,61,28
980,product-980,40,80,201,75,203
981,product-981,93,144,17,182,86
982,product-982,82,91,55,190,148
983,product-983,107,137,129,78,138
984,product-984,160,221,150,187,139
985,product-985,127,209,200,112,169
986,product-986,167,250,138,80,62
987,product-987,111,167,126,200,121
988,product-988,222,311,112,91,75
989,product-989,198,272,176,125,17
990,product-990,12,24,222,190,136
991,product-991,201,252,124,48,160
992,product-992,85,120,184,76,107
993,product-993,68,129,226,208,247
994,product-994,130,174,59,127,105
995,product-995,167,241,61,133,169
996,product-996,31,104,160,25,149
997,product-997,13,72,15,77,182
998,product-998,106,161,182,104,19
999,product-999,192,235,86,120,142
1000,product-1000,234,236,17,76,197
1001,product-1001,121,208,184,88,65
1002,product-1002,80,149,145,54,100
1003,product-1003,197,228,248,127,160
1004,product-1004,86,103,8,70,68
1005,product-1005,153,246,253,237,119
1006,product-1006,146,172,126,46,175
1007,product-1007,33,118,219,76,193
1008,product-1008,163,180,141,187,99
1009,product-1009,96,162,218,83,162
1010,product-1010,128,205,132,197,220
1011,product-1011,203,243,112,21,87
1012,product-1012,53,149,14,25,104
1013,product-1013,144,209,41,105,49
1014,product-1014,166,194,90,161,261
1015,product-1015,100,127,164,249,201
1016,product-1016,35,125,146,215,134
1017,product-1017,170,234,166,244,123
1018,product-1018,77,122,38,225,130
1019,product-1019,26,35,134,60,194
1020,product-1020,10,36,59,82,211
1021,product-1021,121,178,213,128,157
1022,product-1022,149,206,89,181,74
1023,product-1023,160,232,199,63,34
1024,product-1024,33,43,187,126,122
1025,product-1025,118,218,37,127,120
1026,product-1026,218,286,115,38,141
1027,product-1027,198,218,105,134,81
1028,product-1028,146,154,170,127,2
1029,product-1029,143,164,200,103,177
1030,product-1030,148,221,97,112,64
1031,product-1031,204,209,211,54,9
1032,product-1032,88,142,101,84,177
1033,product-1033,23,47,129,197,46
1034,product-1034,105,127,194,51,29
1035,product-1035,136,180,245,164,188
1036,product-1036,62,136,147,132,181
1037,product-1037,120,137,146,22,75
1038,product-1038,35,42,200,145,168
1039,product-1039,136,152,156,100,38
1040,product-1040,165,202,22,182,97
1041,product-1041,131,164,217,95,113
1042,product-1042,80,158,158,187,50
1043,product-1043,203,270,200,125,208
1044,product-1044,145,172,189,169,185
1045,product-1045,172,244,116,175,163
1046,product-1046,45,108,244,214,189
1047,product-1047,147,206,37,9,91
1048,product-1048,92,106,116,16,58
1049,product-1049,228,325,55,45,58
1050,product-1050,121,168,13,118,228
1051,product-1051,13,62,136,192,198
1052,product-1052,187,210,103,145,207
1053,product-1053,86,161,104,16,179
1054,product-1054,98,141,106,182,72
1055,product-1055,237,256,177,154,44
1056,product-1056,131,176,123,100,47
1057,product-1057,68,110,123,162,122
1058,product-1058,109,136,75,153,104
1059,product-1059,101,173,78,114,217
1060,product-1060,32,122,15,190,18
1061,product-1061,102,161,201,191,83
1062,product-1062,196,196,220,84,15
1063,product-1063,80,94,174,127,280
1064,product-1064,134,166,261,164,232
1065,product-1065,107,144,128,158,76
1066,product-1066,136,145,214,202,173
1067,product-1067,52,73,92,152,214
1068,product-1068,38,48,101,86,121
1069,product-1069,136,160,154,44,126
1070,product-1070,99,138,256,117,101
1071,product-1071,141,156,95,99,106
1072,product-1072,84,124,90,56,79
1073,product-1073,141,211,205,159,129
1074,product-1074,120,134,165,15,121
1075,product-1075,142,194,139,77,9
1076,product-1076,65,118,81,18,51
1077,product-1077,136,163,197,105,77
1078,product-1078,170,266,215,219,91
1079,product-1079,108,108,116,157,123
1080,product-1080,208,236,93,134,208
1081,product-1081,113,150,189,25,125
1082,product-1082,28,82,132,200,85
1083,product-1083,4,40,53,24,22
1084,product-1084,92,139,193,183,203
1085,product-1085,246,274,168,113,24
1086,product-1086,71,156,220,131,134
1087,product-1087,166,183,82,121,172
1088,product-1088,79,108,111,219,242
1089,product-1089,128,180,57,103,36
1090,product-1090,89,95,119,130,106
1091,product-1091,119,199,205,146,198
1092,product-1092,193,236,240,94,88
1093,product-1093,41,110,47,120,65
1094,product-1094,23,79,134,199,200
1095,product-1095,85,151,173,97,187
1096,product-1096,200,283,113,120,112
1097,product-1097,178,249,217,141,189
1098,product-1098,53,141,195,26,237
1099,product-1099,96,133,206,123,35
1100,product-1100,103,172,178,97,88
1101,product-1101,180,258,188,102,107
1102,product-1102,158,220,171,54,143
1103,product-1103,99,190,198,149,98
1104,product-1104,239,243,107,182,193
1105,product-1105,188,263,183,131,109
1106,product-1106,108,198,251,31,110
1107,product-1107,154,235,32,192,119
1108,product-1108,62,143,185,75,169
1109,product-1109,149,193,74,95,50
1110,product-1110,29,104,199,190,10
1111,product-1111,113,190,156,162,157
1112,product-1112,41,124,206,83,161
1113,product-1113,225,288,204,49,174
1114,product-1114,85,89,9,83,91
1115,product-1115,181,207,82,14,189
1116,product-1116,157,177,68,19,244
1117,product-1117,104,181,73,194,61
1118,product-1118,95,171,113,176,100
1119,product-1119,51,55,77,147,3
1120,product-1120,123,188,128,140,44
1121,product-1121,8,100,89,43,114
1122,product-1122,174,267,120,21,49
1123,product-1123,174,219,28,170,91
1124,product-1124,167,216,37,35,47
1125,product-1125,241,290,120,62,113
1126,product-1126,108,134,14,227,224
1127,product-1127,59,126,139,147,193
1128,product-1128,235,303,229,191,101
1129,product-1129,171,186,111,106,170
1130,product-1130,241,295,156,121,204
1131,product-1131,110,119,164,164,199
1132,product-1132,152,207,69,116,157
1133,product-1133,157,209,242,15,217
1134,product-1134,19,39,159,94,182
1135,product-1135,72,131,192,278,25
1136,product-1136,143,229,235,176,122
1137,product-1137,52,79,52,91,171
1138,product-1138,166,219,47,62,167
1139,product-1139,180,210,58,215,141
1140,product-1140,158,215,270,77,3
1141,product-1141,133,155,173,160,174
1142,product-1142,163,177,57,212,87
1143,product-1143,143,181,190,91,38
1144,product-1144,122,170,190,152,14
1145,product-1145,114,192,63,148,149
1146,product-1146,122,139,185,95,51
1147,product-1147,203,212,64,76,153
1148,product-1148,51,98,51,24,77
1149,product-1149,168,256,50,97,149
1150,product-1150,210,297,212,193,257
1151,product-1151,69,141,65,98,166
1152,product-1152,47,86,24,174,183
1153,product-1153,230,233,48,64,74
1154,product-1154,23,108,105,136,53
1155,product-1155,171,174,118,90,128
1156,product-1156,101,128,35,74,128
1157,product-1157,116,136,48,114,162
1158,product-1158,67,103,92,69,222
1159,product-1159,81,142,155,103,84
1160,product-1160,62,120,68,70,201
1161,product-1161,106,136,115,82,97
1162,product-1162,13,64,154,40,136
1163,product-1163,44,76,185,181,210
1164,product-1164,69,160,118,119,195
1165,product-1165,140,208,30,51,212
1166,product-1166,114,130,145,67,91
1167,product-1167,136,144,122,60,203
1168,product-1168,205,226,64,29,135
1169,product-1169,40,72,173,78,165
1170,product-1170,152,154,180,198,100
1171,product-1171,175,179,127,58,137
1172,product-1172,67,88,140,189,160
1173,product-1173,90,169,144,84,133
1174,product-1174,22,22,182,172,255
1175,product-1175,74,142,171,160,287
1176,product-1176,90,149,96,155,89
1177,product-1177,100,117,113,182,70
1178,product-1178,40,74,128,218,161
1179,product-1179,17,25,145,150,89
1180,product-1180,64,70,180,206,218
1181,product-1181,156,159,187,260,139
1182,product-1182,223,312,134,20,15
1183,product-1183,142,193,141,171,46
1184,product-1184,118,167,94,138,178
1185,product-1185,189,211,142,118,227
1186,product-1186,129,150,193,82,160
1187,product-1187,91,105,131,107,14
1188,product-1188,177,189,154,195,54
1189,product-1189,187,278,200,180,142
1190,product-1190,129,133,119,244,72
1191,product-1191,223,259,89,70,141
1192,product-1192,161,208,166,72,140
1193,product-1193,251,257,192,167,29
1194,product-1194,138,183,71,90,157
1195,product-1195,76,151,181,29,217
1196,product-1196,195,284,185,177,155
1197,product-1197,226,241,111,153,103
1198,product-1198,113,196,72,216,142
1199,product-1199,64,137,222,147,105
1200,product-1200,194,227,97,51,34
1201,product-1201,167,174,67,71,21
1202,product-1202,76,165,246,63,192
1203,product-1203,24,54,11,112,95
1204,product-1204,239,313,147,194,176
1205,product-1205,58,80,5,33,93
1206,product-1206,137,174,42,5,112
1207,product-1207,114,157,8,181,55
1208,product-1208,44,65,223,101,214
1209,product-1209,51,65,192,55,134
1210,product-1210,115,151,249,102,89
1211,product-1211,6,95,37,185,174
1212,product-1212,133,136,187,116,148
1213,product-1213,178,217,183,73,95
1214,product-1214,77,94,77,218,84
1215,product-1215,169,241,154,101,59
1216,product-1216,168,170,60,213,185
1217,product-1217,212,254,99,152,112
1218,product-1218,2,2,145,113,153
1219,product-1219,126,176,248,107,100
1220,product-1220,161,233,64,62,88
1221,product-1221,62,152,94,82,147
1222,product-1222,184,261,21,51,32
1223,product-1223,85,139,172,141,128
1224,product-1224,156,239,126,155,126
1225,product-1225,183,269,148,134,208
1226,product-1226,171,260,33,54,183
1227,product-1227,86,160,212,129,225
1228,product-1228,184,203,174,79,98
1229,product-1229,230,275,139,138,90
1230,product-1230,43,52,215,18,215
1231,product-1231,39,129,175,172,207
1232,product-1232,78,164,107,218,208
1233,product-1233,86,158,168,115,147
1234,product-1234,6,85,119,18,133
1235,product-1235,20,95,85,184,150
1236,product-1236,74,153,95,106,55
1237,product-1237,109,200,218,58,24
1238,product-1238,152,250,67,193,34
1239,product-1239,146,228,177,39,75
1240,product-1240,120,212,73,135,132
1241,product-1241,183,183,76,148,215
1242,product-1242,103,121,185,20,113
1243,product-1243,71,134,199,78,193
1244,product-1244,144,219,199,158,218
1245,product-1245,123,196,46,196,120
1246,product-1246,60,107,54,210,143
1247,product-1247,248,337,86,116,26
1248,product-1248,35,85,34,198,174
1249,product-1249,199,213,114,54,181
1250,product-1250,123,199,77,7,80
1251,product-1251,135,175,82,80,210
1252,product-1252,170,186,11,72,186
1253,product-1253,118,126,47,160,93
1254,product-1254,151,157,186,245,115
1255,product-1255,172,248,201,167,154
1256,product-1256,24,30,163,144,155
1257,product-1257,156,185,202,81,223
1258,product-1258,109,163,172,150,40
1259,product-1259,15,25,124,159,202
1260,product-1260,151,181,217,40,153
1261,product-1261,86,110,155,106,165
1262,product-1262,141,232,80,237,173
1263,product-1263,94,112,184,232,111
1264,product-1264,153,190,216,203,92
1265,product-1265,252,265,45,193,184
1266,product-1266,155,220,74,88,82
1267,product-1267,132,132,31,105,90
1268,product-1268,143,170,136,42,65
1269,product-1269,88,99,128,190,95
1270,product-1270,52,88,207,233,239
1271,product-1271,25,69,175,175,165
1272,product-1272,85,163,97,118,160
1273,product-1273,91,139,92,55,53
1274,product-1274,197,208,138,109,28
1275,product-1275,203,276,207,58,142
1276,product-1276,142,193,101,220,105
1277,product-1277,100,153,149,42,5
1278,product-1278,161,166,67,157,107
1279,product-1279,59,129,224,152,51
1280,product-1280,200,272,148,93,197
1281,product-1281,108,174,178,279,206
1282,product-1282,110,110,236,100,141
1283,product-1283,126,131,55,85,150
1284,product-1284,173,195,208,96,122
1285,product-1285,205,279,232,106,187
1286,product-1286,142,231,186,191,187
1287,product-1287,119,209,125,195,84
1288,product-1288,117,121,116,159,54
1289,product-1289,172,173,18,50,24
1290,product-1290,50,65,171,213,141
1291,product-1291,157,176,141,143,154
1292,product-1292,137,178,118,167,156
1293,product-1293,143,187,163,146,186
1294,product-1294,60,113,27,2,11
1295,product-1295,94,188,161,139,140
1296,product-1296,31,47,6,181,32
1297,product-1297,124,192,194,126,95
1298,product-1298,10,91,85,185,49
1299,product-1299,44,73,68,100,113
1300,product-1300,149,183,187,181,210
1301,product-1301,107,109,95,181,202
1302,product-1302,64,109,108,145,190
1303,product-1303,150,210,34,129,205
1304,product-1304,157,161,174,115,83
1305,product-1305,206,226,3,140,61
1306,product-1306,192,253,176,130,177
1307,product-1307,102,156,78,42,163
1308,product-1308,73,103,214,9,100
1309,product-1309,131,178,225,169,109
1310,product-1310,86,150,70,124,29
1311,product-1311,30,100,278,177,158
1312,product-1312,158,166,70,226,157
1313,product-1313,30,61,209,259,169
1314,product-1314,67,135,199,188,154
1315,product-1315,183,257,46,35,198
1316,product-1316,84,86,193,4,190
1317,product-1317,146,195,90,202,57
1318,product-1318,259,262,215,151,197
1319,product-1319,85,95,111,18,41
1320,product-1320,85,124,150,173,216
1321,product-1321,292,299,197,58,70
1322,product-1322,41,42,122,52,135
1323,product-1323,84,135,133,137,84
1324,product-1324,74,158,122,69,132
1325,product-1325,48,130,87,181,186
1326,product-1326,60,85,177,134,50
1327,product-1327,94,168,97,214,117
1328,product-1328,72,167,160,135,205
1329,product-1329,69,84,121,59,78
1330,product-1330,35,62,53,88,37
1331,product-1331,186,273,76,39,70
1332,product-1332,166,188,101,22,217
1333,product-1333,91,133,105,155,146
1334,product-1334,39,122,188,234,203
1335,product-1335,141,154,224,172,232
1336,product-1336,131,188,92,149,107
1337,product-1337,72,150,211,61,174
1338,product-1338,143,209,60,15,193
1339,product-1339,181,223,204,136,190
1340,product-1340,105,149,9,13,107
1341,product-1341,211,299,214,130,147
1342,product-1342,227,324,71,135,97
1343,product-1343,113,147,184,145,60
1344,product-1344,71,92,18,56,77
1345,product-1345,10,91,43,117,226
1346,product-1346,216,286,163,109,167
1347,product-1347,203,285,162,71,185
1348,product-1348,174,231,106,22,193
1349,product-1349,54,126,189,160,23
1350,product-1350,216,288,90,48,45
1351,product-1351,162,218,137,202,43
1352,product-1352,135,176,208,150,60
1353,product-1353,190,241,223,226,199
1354,product-1354,109,186,221,67,170
1355,product-1355,133,194,112,198,207
1356,product-1356,131,165,201,53,122
1357,product-1357,115,182,54,44,221
1358,product-1358,41,72,11,197,48
1359,product-1359,50,55,176,202,55
1360,product-1360,53,123,36,142,145
1361,product-1361,199,240,157,140,22
1362,product-1362,176,245,28,162,106
1363,product-1363,91,165,258,67,109
1364,product-1364,54,72,66,27,232
1365,product-1365,188,249,55,121,131
1366,product-1366,188,234,187,173,73
1367,product-1367,178,193,184,89,27
1368,product-1368,190,261,117,154,159
1369,product-1369,165,233,155,243,75
1370,product-1370,108,143,112,186,74
1371,product-1371,23,66,82,205,126
1372,product-1372,184,210,11,66,69
1373,product-1373,140,174,141,156,136
1374,product-1374,47,83,102,59,186
1375,product-1375,44,119,205,103,181
1376,product-1376,85,132,157,61,72
1377,product-1377,156,219,147,193,242
1378,product-1378,61,127,113,38,119
1379,product-1379,65,149,132,177,166
1380,product-1380,22,59,84,100,76
1381,product-1381,79,117,70,166,223
1382,product-1382,219,286,153,173,26
1383,product-1383,98,155,135,155,161
1384,product-1384,77,94,75,83,13
1385,product-1385,106,182,118,182,13
1386,product-1386,232,279,210,70,166
1387,product-1387,181,274,87,166,66
1388,product-1388,50,105,54,206,192
1389,product-1389,125,135,110,200,88
1390,product-1390,61,75,194,179,67
1391,product-1391,155,183,29,102,47
1392,product-1392,158,209,120,214,71
1393,product-1393,98,154,197,176,92
1394,product-1394,158,206,236,126,200
1395,product-1395,64,85,157,57,78
1396,product-1396,91,141,65,211,107
1397,product-1397,72,106,188,103,195
1398,product-1398,107,118,77,33,156
1399,product-1399,36,51,45,243,175
1400,product-1400,74,148,12,74,36
1401,product-1401,81,144,52,118,114
1402,product-1402,95,179,54,130,45
1403,product-1403,124,136,197,125,46
1404,product-1404,109,177,39,191,52
1405,product-1405,186,207,8,92,89
1406,product-1406,66,145,43,41,175
1407,product-1407,180,209,91,197,49
1408,product-1408,107,119,139,93,102
1409,product-1409,208,251,218,73,105
1410,product-1410,123,211,90,29,97
1411,product-1411,33,102,211,49,141
1412,product-1412,96,113,286,198,186
1413,product-1413,191,266,155,95,113
1414,product-1414,133,138,90,123,179
1415,product-1415,107,159,170,200,200
1416,product-1416,164,170,52,86,49
1417,product-1417,106,190,103,201,135
1418,product-1418,144,146,135,80,71
1419,product-1419,25,82,237,117,140
1420,product-1420,197,230,34,80,151
1421,product-1421,70,133,188,61,218
1422,product-1422,35,52,50,146,146
1423,product-1423,105,197,15,99,76
1424,product-1424,105,149,133,105,19
1425,product-1425,162,255,70,195,177
1426,product-1426,130,217,27,87,40
1427,product-1427,81,111,183,180,64
1428,product-1428,79,91,205,19,145
1429,product-1429,146,224,127,234,47
1430,product-1430,136,186,20,133,191
1431,product-1431,80,141,206,51,68
1432,product-1432,39,52,201,78,154
1433,product-1433,198,216,235,23,129
1434,product-1434,223,299,194,94,155
1435,product-1435,180,272,163,216,161
1436,product-1436,98,149,234,41,186
1437,product-1437,170,236,58,226,93
1438,product-1438,55,91,89,186,49
1439,product-1439,200,271,115,107,164
1440,product-1440,78,155,3,105,123
1441,product-1441,109,153,50,192,158
1442,product-1442,169,253,173,184,73
1443,product-1443,122,131,152,155,55
1444,product-1444,182,268,187,114,105
1445,product-1445,240,296,139,71,76
1446,product-1446,140,210,239,28,159
1447,product-1447,185,194,133,198,160
1448,product-1448,53,104,201,174,28
1449,product-1449,56,96,109,70,61
1450,product-1450,128,182,124,105,207
1451,product-1451,127,131,96,202,185
1452,product-1452,166,168,125,130,110
1453,product-1453,110,180,121,190,233
1454,product-1454,87,169,139,216,206
1455,product-1455,74,96,159,202,167
1456,product-1456,135,194,118,56,164
1457,product-1457,21,31,154,36,85
1458,product-1458,9,45,121,181,133
1459,product-1459,151,171,65,29,110
1460,product-1460,46,131,161,28,140
1461,product-1461,50,131,214,159,89
1462,product-1462,136,199,94,15,17
1463,product-1463,20,90,12,89,152
1464,product-1464,221,253,136,65,23
1465,product-1465,85,177,136,173,137
1466,product-1466,183,223,51,156,101
1467,product-1467,186,234,206,202,226
1468,product-1468,166,230,71,215,72
1469,product-1469,178,212,15,146,108
1470,product-1470,198,236,102,120,71
1471,product-1471,35,86,105,50,33
1472,product-1472,100,158,75,214,137
1473,product-1473,224,284,183,107,264
1474,product-1474,24,104,141,188,199
1475,product-1475,120,154,51,99,198
1476,product-1476,47,48,131,41,113
1477,product-1477,73,134,202,34,50
1478,product-1478,119,210,108,13,131
1479,product-1479,51,110,195,160,61
1480,product-1480,170,243,235,202,130
1481,product-1481,174,243,136,148,22
1482,product-1482,29,88,129,219,62
1483,product-1483,161,186,190,79,232
1484,product-1484,170,269,20,87,166
1485,product-1485,107,126,77,134,88
1486,product-1486,194,235,94,20,181
1487,product-1487,97,176,156,265,160
1488,product-1488,67,102,142,66,30
1489,product-1489,130,171,83,137,125
1490,product-1490,245,263,48,18,190
1491,product-1491,105,156,32,120,130
1492,product-1492,124,128,182,34,175
1493,product-1493,156,222,137,61,202
1494,product-1494,210,244,146,73,71
1495,product-1495,152,224,196,98,116
1496,product-1496,172,179,57,131,120
1497,product-1497,162,227,193,115,126
1498,product-1498,125,152,262,106,119
1499,product-1499,19,74,211,83,164
1500,product-1500,63,106,156,215,96
1501,product-1501,177,242,113,121,120
1502,product-1502,256,295,198,58,200
1503,product-1503,83,156,173,48,80
1504,product-1504,238,318,44,166,48
1505,product-1505,150,233,141,21,29
1506,product-1506,7,65,67,155,56
1507,product-1507,117,143,124,17,85
1508,product-1508,115,192,122,160,69
1509,product-1509,175,221,196,135,96
1510,product-1510,141,154,185,137,31
1511,product-1511,208,281,72,31,155
1512,product-1512,72,124,140,116,75
1513,product-1513,142,202,188,212,162
1514,product-1514,55,152,50,69,162
1515,product-1515,233,314,57,57,211
1516,product-1516,33,62,52,155,206
1517,product-1517,18,33,129,70,81
1518,product-1518,136,168,99,179,110
1519,product-1519,64,156,108,149,136
1520,product-1520,71,154,146,193,117
1521,product-1521,126,209,141,164,248
1522,product-1522,37,56,65,168,97
1523,product-1523,45,60,198,23,108
1524,product-1524,74,84,97,67,146
1525,product-1525,73,112,170,48,159
1526,product-1526,92,122,95,186,170
1527,product-1527,156,246,83,163,198
1528,product-1528,128,186,106,89,140
1529,product-1529,71,116,45,187,180
1530,product-1530,136,176,204,142,12
1531,product-1531,116,175,125,215,246
1532,product-1532,123,200,168,150,204
1533,product-1533,185,192,129,76,223
1534,product-1534,255,261,204,25,64
1535,product-1535,25,76,145,78,51
1536,product-1536,234,309,150,114,93
1537,product-1537,18,38,5,3,221
1538,product-1538,57,116,56,14,40
1539,product-1539,255,280,188,77,19
1540,product-1540,121,217,176,83,144
1541,product-1541,80,101,56,253,58
1542,product-1542,24,88,118,139,30
1543,product-1543,169,256,115,151,208
1544,product-1544,156,238,207,63,104
1545,product-1545,231,260,198,161,184
1546,product-1546,107,151,41,179,22
1547,product-1547,64,116,219,153,183
1548,product-1548,175,216,119,213,193
1549,product-1549,183,224,125,47,91
1550,product-1550,19,76,141,151,13
1551,product-1551,33,81,186,150,96
1552,product-1552,58,80,186,169,19
1553,product-1553,128,163,90,39,56
1554,product-1554,227,259,49,90,56
1555,product-1555,118,146,52,144,144
1556,product-1556,75,90,67,43,199
1557,product-1557,192,225,126,83,107
1558,product-1558,205,257,94,197,177
1559,product-1559,182,268,157,151,59
1560,product-1560,64,71,55,162,21
1561,product-1561,213,253,15,243,100
1562,product-1562,79,175,132,51,156
1563,product-1563,173,223,50,92,123
1564,product-1564,170,187,63,185,206
1565,product-1565,55,119,218,74,27
1566,product-1566,257,257,128,177,138
1567,product-1567,163,228,163,202,234
1568,product-1568,122,124,77,38,152
1569,product-1569,159,203,124,70,262
1570,product-1570,179,259,57,195,101
1571,product-1571,120,145,100,90,166
1572,product-1572,148,149,74,168,35
1573,product-1573,173,236,167,19,27
1574,product-1574,204,228,57,146,215
1575,product-1575,55,125,82,221,142
1576,product-1576,226,254,194,75,6
1577,product-1577,18,82,181,147,172
1578,product-1578,63,126,120,182,130
1579,product-1579,115,152,196,153,158
1580,product-1580,5,23,77,128,100
1581,product-1581,54,118,86,136,182
1582,product-1582,123,161,89,158,131
1583,product-1583,11,21,189,111,153
1584,product-1584,237,307,129,25,81
1585,product-1585,161,242,182,116,206
1586,product-1586,147,183,50,202,178
1587,product-1587,156,233,50,112,54
1588,product-1588,146,212,203,250,210
1589,product-1589,197,234,8,136,169
1590,product-1590,131,176,48,108,124
1591,product-1591,140,227,115,117,118
1592,product-1592,102,125,70,134,80
1593,product-1593,56,85,185,233,182
1594,product-1594,182,193,144,149,166
1595,product-1595,155,191,99,207,150
1596,product-1596,96,134,198,51,45
1597,product-1597,151,194,91,125,190
1598,product-1598,28,124,149,117,187
1599,product-1599,190,234,213,70,85
1600,product-1600,180,209,146,55,53
1601,product-1601,96,103,233,36,149
1602,product-1602,104,161,223,184,18
1603,product-1603,174,240,165,86,30
1604,product-1604,196,243,207,207,35
1605,product-1605,68,139,87,166,82
1606,product-1606,93,95,97,73,171
1607,product-1607,134,200,47,98,32
1608,product-1608,185,262,155,191,268
1609,product-1609,16,53,116,207,139
1610,product-1610,136,200,174,201,194
1611,product-1611,14,35,135,42,139
1612,product-1612,85,173,58,179,196
1613,product-1613,110,145,118,85,212
1614,product-1614,33,88,102,233,75
1615,product-1615,56,112,174,118,187
1616,product-1616,139,215,2,197,78
1617,product-1617,126,174,48,66,23
1618,product-1618,41,67,114,126,37
1619,product-1619,8,20,169,56,57
1620,product-1620,82,125,107,154,120
1621,product-1621,164,244,170,100,123
1622,product-1622,51,133,72,64,45
1623,product-1623,134,182,196,202,12
1624,product-1624,32,97,157,64,189
1625,product-1625,104,134,31,130,95
1626,product-1626,104,181,103,36,140
1627,product-1627,213,271,230,134,118
1628,product-1628,201,205,218,225,195
1629,product-1629,68,91,179,202,59
1630,product-1630,211,276,17,10,73
1631,product-1631,84,139,182,67,162
1632,product-1632,128,130,89,65,161
1633,product-1633,161,214,116,24,163
1634,product-1634,50,57,8,70,182
1635,product-1635,73,126,169,116,52
1636,product-1636,189,206,93,272,241
1637,product-1637,45,86,178,26,211
1638,product-1638,199,258,94,97,126
1639,product-1639,171,196,96,253,97
1640,product-1640,86,156,198,62,117
1641,product-1641,90,108,95,140,133
1642,product-1642,218,276,94,152,191
1643,product-1643,131,135,76,151,114
1644,product-1644,101,159,134,64,68
1645,product-1645,240,331,209,219,111
1646,product-1646,157,248,190,37,78
1647,product-1647,22,61,97,112,39
1648,product-1648,160,180,130,23,108
1649,product-1649,81,81,142,172,287
1650,product-1650,122,135,123,88,132
1651,product-1651,262,292,25,118,44
1652,product-1652,196,272,40,102,44
1653,product-1653,105,175,76,135,179
1654,product-1654,57,113,51,116,222
1655,product-1655,126,147,118,160,256
1656,product-1656,169,256,36,104,174
1657,product-1657,181,184,190,85,205
1658,product-1658,49,112,185,205,175
1659,product-1659,156,199,208,134,32
1660,product-1660,170,253,64,165,69
1661,product-1661,99,133,55,70,81
1662,product-1662,193,248,132,14,123
1663,product-1663,117,153,82,20,185
1664,product-1664,182,265,98,205,197
1665,product-1665,135,154,158,45,153
1666,product-1666,107,118,226,95,63
1667,product-1667,29,46,177,175,120
1668,product-1668,165,185,195,43,209
1669,product-1669,89,115,150,115,249
1670,product-1670,114,180,129,206,163
1671,product-1671,61,116,54,157,79
1672,product-1672,133,137,22,130,210
1673,product-1673,165,171,71,146,45
1674,product-1674,123,175,128,53,39
1675,product-1675,210,225,208,97,186
1676,product-1676,154,185,124,145,146
1677,product-1677,126,191,205,163,189
1678,product-1678,71,81,57,183,163
1679,product-1679,54,67,57,205,86
1680,product-1680,99,177,86,205,237
1681,product-1681,180,212,148,27,173
1682,product-1682,200,234,165,220,184
1683,product-1683,153,219,81,223,128
1684,product-1684,77,133,59,149,126
1685,product-1685,208,284,47,54,218
1686,product-1686,61,63,120,176,120
1687,product-1687,46,76,178,149,88
1688,product-1688,31,80,70,16,158
1689,product-1689,35,89,53,120,46
1690,product-1690,225,262,175,171,187
1691,product-1691,130,186,113,60,134
1692,product-1692,158,242,63,105,54
1693,product-1693,31,66,174,67,170
1694,product-1694,61,110,249,220,172
1695,product-1695,13,101,94,130,93
1696,product-1696,135,178,46,188,184
1697,product-1697,181,266,223,72,144
1698,product-1698,188,213,175,145,90
1699,product-1699,25,76,40,36,25
1700,product-1700,132,199,88,0,71
1701,product-1701,221,276,122,66,194
1702,product-1702,85,169,135,166,154
1703,product-1703,85,123,149,138,7
1704,product-1704,194,241,156,47,116
1705,product-1705,137,161,140,154,47
1706,product-1706,218,281,114,168,207
1707,product-1707,180,249,198,195,190
1708,product-1708,118,148,75,66,149
1709,product-1709,166,254,131,89,175
1710,product-1710,75,167,111,161,54
1711,product-1711,159,184,66,56,7
1712,product-1712,210,261,123,135,184
1713,product-1713,144,204,167,104,133
1714,product-1714,84,88,199,39,168
1715,product-1715,96,140,112,66,132
1716,product-1716,124,170,89,167,142
1717,product-1717,240,302,125,125,110
1718,product-1718,60,139,225,189,189
1719,product-1719,180,247,87,191,184
1720,product-1720,23,54,120,177,57
1721,product-1721,91,181,168,23,242
1722,product-1722,140,157,114,32,138
1723,product-1723,196,280,76,114,76
1724,product-1724,182,204,159,141,67
1725,product-1725,195,245,2,216,68
1726,product-1726,76,161,230,97,99
1727,product-1727,43,93,225,152,175
1728,product-1728,59,60,63,214,66
1729,product-1729,84,150,98,61,195
1730,product-1730,180,182,130,17,173
1731,product-1731,153,168,158,76,185
1732,product-1732,267,327,124,109,29
1733,product-1733,104,169,72,161,172
1734,product-1734,156,208,123,109,129
1735,product-1735,139,230,171,223,194
1736,product-1736,159,171,101,212,127
1737,product-1737,100,127,99,221,206
1738,product-1738,167,193,148,78,35
1739,product-1739,155,182,49,200,143
1740,product-1740,114,179,108,77,146
1741,product-1741,51,56,120,142,168
1742,product-1742,40,126,136,156,200
1743,product-1743,182,242,166,195,249
1744,product-1744,161,235,90,28,204
1745,product-1745,154,180,19,61,175
1746,product-1746,196,221,88,152,17
1747,product-1747,98,119,161,119,5
1748,product-1748,133,157,163,188,15
1749,product-1749,39,52,228,57,149
1750,product-1750,61,136,111,192,70
1751,product-1751,158,233,149,122,84
1752,product-1752,120,120,130,39,182
1753,product-1753,222,248,76,229,139
1754,product-1754,193,233,190,97,178
1755,product-1755,190,202,40,134,186
1756,product-1756,40,69,92,78,197
1757,product-1757,197,237,9,133,28
1758,product-1758,169,219,71,145,87
1759,product-1759,148,183,36,168,222
1760,product-1760,162,230,23,163,8
1761,product-1761,196,249,127,80,52
1762,product-1762,35,47,113,98,56
1763,product-1763,68,137,100,85,64
1764,product-1764,181,211,181,41,56
1765,product-1765,172,190,85,39,198
1766,product-1766,158,186,94,145,163
1767,product-1767,89,101,195,176,129
1768,product-1768,135,136,145,111,92
1769,product-1769,112,121,69,188,154
1770,product-1770,59,109,226,132,216
1771,product-1771,126,191,59,168,141
1772,product-1772,205,225,226,97,133
1773,product-1773,63,129,96,34,98
1774,product-1774,93,95,142,102,63
1775,product-1775,28,62,154,18,123
1776,product-1776,73,138,240,59,172
1777,product-1777,88,157,169,162,208
1778,product-1778,167,210,79,127,91
1779,product-1779,13,25,129,225,162
1780,product-1780,69,135,174,146,170
1781,product-1781,58,93,23,71,100
1782,product-1782,224,297,75,26,108
1783,product-1783,178,188,223,157,178
1784,product-1784,165,245,136,34,115
1785,product-1785,45,128,205,131,99
1786,product-1786,189,224,150,263,170
1787,product-1787,121,141,67,95,45
1788,product-1788,92,112,12,51,128
1789,product-1789,175,234,139,95,156
1790,product-1790,142,177,154,153,74
1791,product-1791,191,231,44,55,68
1792,product-1792,190,192,134,73,136
1793,product-1793,123,217,155,166,94
1794,product-1794,151,221,162,104,76
1795,product-1795,18,96,60,127,29
1796,product-1796,23,89,208,196,117
1797,product-1797,134,165,181,212,132
1798,product-1798,161,207,136,83,75
1799,product-1799,186,229,141,210,143
1800,product-1800,112,170,8,53,127
1801,product-1801,68,137,263,158,85
1802,product-1802,124,168,25,88,123
1803,product-1803,20,57,129,186,143
1804,product-1804,245,301,45,70,237
1805,product-1805,29,59,97,189,207
1806,product-1806,167,249,181,125,187
1807,product-1807,86,162,149,47,32
1808,product-1808,113,194,182,80,97
1809,product-1809,222,282,48,121,82
1810,product-1810,177,227,148,121,58
1811,product-1811,45,96,146,141,82
1812,product-1812,19,98,135,185,56
1813,product-1813,207,209,249,239,226
1814,product-1814,228,289,236,110,119
1815,product-1815,174,176,102,69,162
1816,product-1816,191,218,224,223,201
1817,product-1817,41,98,111,158,165
1818,product-1818,85,170,156,54,74
1819,product-1819,184,213,44,86,212
1820,product-1820,177,243,62,150,51
1821,product-1821,40,83,119,224,48
1822,product-1822,113,140,117,133,185
1823,product-1823,211,222,174,220,25
1824,product-1824,139,150,114,145,93
1825,product-1825,80,144,152,108,102
1826,product-1826,251,302,100,57,126
1827,product-1827,188,212,231,60,79
1828,product-1828,199,216,191,137,197
1829,product-1829,78,152,194,78,162
1830,product-1830,76,102,138,21,82
1831,product-1831,177,210,239,55,182
1832,product-1832,57,92,167,36,114
1833,product-1833,144,167,170,124,184
1834,product-1834,74,133,100,247,91
1835,product-1835,68,120,192,112,208
1836,product-1836,125,188,89,120,96
1837,product-1837,53,63,206,104,130
1838,product-1838,117,142,91,184,159
1839,product-1839,18,24,62,45,255
1840,product-1840,113,144,95,77,57
1841,product-1841,156,194,162,215,179
1842,product-1842,94,183,146,105,123
1843,product-1843,109,148,48,133,20
1844,product-1844,89,159,188,7,159
1845,product-1845,127,184,49,99,60
1846,product-1846,135,211,191,135,52
1847,product-1847,15,90,185,209,46
1848,product-1848,174,246,166,93,131
1849,product-1849,206,289,97,208,62
1850,product-1850,30,118,145,236,240
1851,product-1851,33,99,52,142,39
1852,product-1852,46,56,209,45,78
1853,product-1853,246,279,130,76,187
1854,product-1854,107,131,192,26,156
1855,product-1855,115,124,182,178,144
1856,product-1856,154,157,72,49,119
1857,product-1857,197,246,147,21,73
1858,product-1858,6,26,180,187,72
1859,product-1859,75,158,25,59,107
1860,product-1860,113,132,145,143,68
1861,product-1861,149,177,95,111,53
1862,product-1862,138,199,44,155,41
1863,product-1863,247,270,113,175,136
1864,product-1864,196,249,77,81,85
1865,product-1865,109,148,152,88,155
1866,product-1866,155,217,73,16,172
1867,product-1867,134,216,191,57,130
1868,product-1868,219,296,252,15,80
1869,product-1869,92,100,106,5,105
1870,product-1870,208,232,71,88,22
1871,product-1871,192,222,190,90,98
1872,product-1872,130,142,97,162,175
1873,product-1873,110,157,184,101,177
1874,product-1874,97,157,4,79,73
1875,product-1875,166,235,55,25,77
1876,product-1876,117,164,86,146,110
1877,product-1877,113,161,127,17,194
1878,product-1878,137,204,49,140,110
1879,product-1879,100,131,108,91,230
1880,product-1880,185,198,103,37,211
1881,product-1881,91,157,152,160,23
1882,product-1882,85,102,159,42,92
1883,product-1883,143,183,140,72,95
1884,product-1884,18,99,261,113,202
1885,product-1885,106,147,146,57,82
1886,product-1886,163,249,67,27,238
1887,product-1887,234,289,41,205,117
1888,product-1888,216,307,53,201,115
1889,product-1889,155,177,60,148,109
1890,product-1890,153,169,119,146,194
1891,product-1891,211,247,117,57,176
1892,product-1892,37,39,70,49,74
1893,product-1893,107,126,267,9,133
1894,product-1894,49,106,83,17,66
1895,product-1895,51,113,36,71,159
1896,product-1896,72,125,89,19,190
1897,product-1897,37,121,43,49,40
1898,product-1898,193,231,76,76,68
1899,product-1899,173,185,106,24,143
1900,product-1900,68,88,99,30,132
1901,product-1901,110,143,77,173,91
1902,product-1902,135,145,127,91,77
1903,product-1903,199,250,93,190,87
1904,product-1904,60,81,184,136,120
1905,product-1905,173,243,162,54,112
1906,product-1906,132,193,132,114,83
1907,product-1907,173,174,143,132,206
1908,product-1908,133,172,181,214,86
1909,product-1909,197,260,148,229,7
1910,product-1910,25,80,89,143,65
1911,product-1911,188,216,193,77,128
1912,product-1912,110,150,47,104,179
1913,product-1913,105,153,73,94,45
1914,product-1914,238,249,164,110,166
1915,product-1915,194,283,205,200,48
1916,product-1916,172,208,182,146,172
1917,product-1917,54,145,122,147,18
1918,product-1918,73,151,100,195,104
1919,product-1919,115,130,25,53,42
1920,product-1920,123,143,167,87,210
1921,product-1921,23,89,57,207,256
1922,product-1922,242,259,23,43,39
1923,product-1923,111,146,8,109,82
1924,product-1924,41,90,42,118,56
1925,product-1925,159,224,152,62,112
1926,product-1926,27,114,78,8,63
1927,product-1927,175,230,89,111,160
1928,product-1928,249,323,53,121,66
1929,product-1929,113,200,244,129,189
1930,product-1930,58,76,181,110,54
1931,product-1931,61,148,163,161,65
1932,product-1932,188,192,105,185,53
1933,product-1933,52,110,13,20,146
1934,product-1934,134,180,64,123,101
1935,product-1935,121,189,168,88,140
1936,product-1936,115,170,100,91,48
1937,product-1937,176,227,128,55,19
1938,product-1938,129,151,56,194,113
1939,product-1939,33,105,51,193,60
1940,product-1940,120,127,44,101,194
1941,product-1941,167,186,161,181,102
1942,product-1942,190,222,179,157,151
1943,product-1943,73,77,182,250,84
1944,product-1944,80,117,191,193,120
1945,product-1945,201,239,110,101,148
1946,product-1946,181,264,137,106,253
1947,product-1947,128,162,189,68,0
1948,product-1948,148,175,233,45,113
1949,product-1949,76,146,65,56,53
1950,product-1950,133,205,38,178,141
1951,product-1951,266,279,234,222,158
1952,product-1952,26,69,161,195,132
1953,product-1953,171,249,98,13,51
1954,product-1954,280,321,13,196,68
1955,product-1955,89,142,26,115,107
1956,product-1956,60,78,47,128,48
1957,product-1957,125,125,145,67,144
1958,product-1958,53,77,97,64,148
1959,product-1959,142,173,34,163,96
1960,product-1960,68,143,22,165,57
1961,product-1961,120,150,53,109,161
1962,product-1962,186,192,220,70,55
1963,product-1963,135,192,202,192,206
1964,product-1964,166,255,280,18,101
1965,product-1965,91,120,120,31,144
1966,product-1966,117,173,78,179,124
1967,product-1967,7,35,221,143,220
1968,product-1968,148,206,202,103,87
1969,product-1969,200,208,197,170,194
1970,product-1970,109,181,80,91,75
1971,product-1971,162,186,187,153,127
1972,product-1972,177,243,232,142,80
1973,product-1973,145,199,87,115,88
1974,product-1974,235,290,82,112,106
1975,product-1975,189,213,161,174,188
1976,product-1976,70,88,226,202,70
1977,product-1977,155,203,130,158,118
1978,product-1978,89,129,182,74,93
1979,product-1979,154,237,57,133,117
1980,product-1980,150,227,125,166,215
1981,product-1981,105,170,111,185,121
1982,product-1982,162,196,34,196,193
1983,product-1983,197,260,155,167,157
1984,product-1984,51,107,79,51,65
1985,product-1985,67,95,169,241,190
1986,product-1986,9,62,58,106,254
1987,product-1987,142,168,188,205,70
1988,product-1988,175,194,158,105,106
1989,product-1989,51,64,125,83,163
1990,product-1990,139,208,214,196,247
1991,product-1991,86,106,160,180,105
1992,product-1992,101,197,89,44,232
1993,product-1993,167,188,152,76,124
1994,product-1994,135,147,49,190,169
1995,product-1995,189,266,107,83,106
1996,product-1996,189,217,87,17,144
1997,product-1997,240,308,188,43,154
1998,product-1998,220,305,153,91,147
1999,product-1999,216,298,123,51,202
2000,product-2000,190,227,154,245,110
