0,0,0,0,0,0,0,0,0,0,0,0,0,0,0,0,0,0,0,0,0,0,0,0,0,0,0,0,0,0,0,0,0,0,0,0,0,0,0,0,0,0,0,0,0,0,0,0,0,0,0,0,0,0,0,0,0,0,0,0,0,0,0,0,0,0,0,0,0,0,0,0,0,0,0,0,0,0,0,0,0,0,0,0,0,0,0,0,0,0,0,0,0,0,0,0,0,0,0,0,0,0,0,0,0,0,0,0,0,0,0,0,0,0,0,0,0,0,0,0,0,0,0,0,0,0,0,0,0,0,0,0,0,0,0,0,0,0,0,0,0,0,0,0,0,0,0,0,0,0,0,0,0,0,0,0,0,0,0,0,0,0,0,0,0,0,0,0,0,0,0,0,0,0,0,0,0,0,0,0,0,0,0,0,0,0,0,0,0,0,0,0,0,0,0,0,0,0,0,0,0,0,0,0,0,0,0,0,0,0,0,0,0,0,0,0,0,0,0,0,0,0,0,0,0,0,0,0,0,0,0,0,0,0,0,0,0,0,0,0,0,0,0,0,0,0,0,0,0,0,0,0,0,0,0,0,0,0,0,0,0,0,0,0,0,0,0,0,0,0,0,0,0,0,0,0,0,0,0,0,0,0,0,0,0,0,0,0,0,0,0,0,0,0,0,0,0,0,0,0,0,0,0,0,0,0,0,0,0,0,0,0,0,0,0,0,0,0,0,0,0,0,0,0,0,0,0
0,0,0,0,0,0,0,0,0,0,0,0,0,0,0,0,0,0,0,0,0,0,0,0,0,0,0,0,0,0,0,0,0,0,0,0,0,0,0,0,0,0,0,0,0,0,0,0,0,0,0,0,0,0,0,0,0,0,0,0,0,0,0,0,0,0,0,0,0,0,0,0,0,0,0,0,0,0,0,0,0,0,0,0,0,0,0,0,0,0,0,0,0,0,0,0,0,0,0,0,0,0,0,0,0,0,0,0,0,0,0,0,0,0,0,0,0,0,0,0,0,0,0,0,0,0,0,0,0,0,0,0,0,0,0,0,0,0,0,0,0,0,0,0,0,0,0,0,0,0,0,0,0,0,0,0,0,0,0,0,0,0,0,0,0,0,0,0,0,0,0,0,0,0,0,0,1.3740842490842489,1.2504329004329002,1.3277777777777777,1.3277777777777777,1.2277777777777779,1.2277777777777779,1.2277777777777779,1.3706349206349207,1.3706349206349207,1.3706349206349207,1.3706349206349207,1.4444444444444442,1.4444444444444442,1.4444444444444442,1.4444444444444442,1.23015873015873,1.23015873015873,1.226190476190476,1.2123015873015872,0.9722222222222221,1.1722222222222223,1.6150793650793651,1.5761904761904761,1.5761904761904761,1.5761904761904761,1.5761904761904761,1.4928571428571429,1.5075757575757576,1.5075757575757576,1.5075757575757576,1.5075757575757576,1.5075757575757576,1.5075757575757576,1.7999999999999998,1.7999999999999998,1.9666666666666666,1.9666666666666666,1.9666666666666666,1.9666666666666666,1.9666666666666666,1.9666666666666666,1.9666666666666666,1.9666666666666666,2.061111111111111,2.061111111111111,2.061111111111111,0,0,0,0,0,0,0,0,0,0,0,0,0,0,0,0,0,0,0,0,0,0,0,0,0,0,0,0,0,0,0,0,0,0,0,0,0,0,0,0,0,0,0,0,0,0,0,0,0,0,0,0,0,0,0,0,0,0,0,0,0,0,0,0,0,0,0,0,0,0,0,0,0,0,0,0,0,0,0,0,0,0,0,0,0,0,0,0,0,0,0,0,0,0,0,0,0,0,0,0,0,0,0,0,0
0,0,0,0,0,0,0,0,0,0,0,0,0,0,0,0,0,0,0,0,0,0,0,0,0,0,0,0,0,0,0,0,0,0,0,0,0,0,0,0,0,0,0,0,0,0,0,0,0,0,0,0,0,0,0,0,0,0,0,0,0,0,0,0,0,0,0,0,0,0,0,0,0,0,0,0,0,0,0,0,0,0,0,0,0,0,0,0,0,0,0,0,0,0,0,0,0,0,0,2.4595238095238097,2.4595238095238097,2.4595238095238097,2.542857142857143,2.542857142857143,2.542857142857143,2.2095238095238092,2.076190476190476,1.9095238095238094,1.8595238095238094,1.6928571428571426,1.8333333333333333,2.216666666666667,2.216666666666667,2.216666666666667,2.0833333333333335,2.2333333333333334,3.2261904761904763,2.425,2.425,2.425,2.425,2.1916666666666664,2.1083333333333334,2.0166666666666666,1.8166666666666669,1.8166666666666669,2.15,2.1500000000000004,2.1500000000000004,2.066666666666667,2.066666666666667,2.066666666666667,1.866666666666667,1.842857142857143,2.1761904761904765,2.2333333333333334,1.9,1.9333333333333333,1.9333333333333333,1.9333333333333333,1.9333333333333333,1.9333333333333333,1.9333333333333333,2.1333333333333333,2.4761904761904763,2.302380952380952,2.201190476190476,2.401190476190476,2.401190476190476,2.401190476190476,2.401190476190476,2.401190476190476,2.458333333333333,2.2083333333333335,2.2083333333333335,2.0083333333333333,2.0083333333333333,2.125,2.075,2.017857142857143,2.017857142857143,2.2583333333333333,2.2583333333333333,2.4095238095238094,2.4095238095238094,2.4095238095238094,2.2095238095238092,2.3095238095238093,2.3095238095238093,2.3095238095238093,2.0595238095238093,1.9944444444444447,2.0416666666666665,1.9845238095238096,1.8956349206349206,1.8956349206349206,1.745238095238095,1.551190476190476,1.6261904761904762,1.6261904761904762,1.6261904761904762,1.4833333333333334,1.15,1.2194444444444446,1.1694444444444445,1.1694444444444445,1.1694444444444445,1.2194444444444446,1.2194444444444446,1.2194444444444446,1.0194444444444444,0,0,0,0,0,0,0,0,0,0,0,0,0,0,0,0,0,0,0,0,0,0,0,0,0,0,0,0,0,0,0,0,0,0,0,0,0,0,0,0,0,0,0,0,0,0,0,0,0,0,0,0,0,0,0,0,0,0,0,0,0,0,0,0,0,0,0,0,0,0,0,0,0,0,0,0,0,0,0,0,0,0,0,0,0,0,0,0,0,0,0,0,0,0,0,0,0,0,0,0,0,0,0,0,0,0,0,0,0,0,0,0,0,0,0,0,0,0,0,0,0,0,0,0,0,0,0,0,0,0,0,0,0,0,0,0
0,0,0,0,0,0,0,0,0,0,0,0,0,0,0,0,0,0,0,0,0,0,0,0,0,0,0,0,0,0,0,0,0,0,3.0,2.333333333333333,2.833333333333333,3.333333333333333,3.6666666666666665,3.25,3.25,3.25,3.25,2.25,2.25,2.0,2.2,1.95,2.45,2.4166666666666665,2.4166666666666665,2.15,2.15,1.5666666666666667,1.7,1.6428571428571428,1.892857142857143,1.8928571428571428,1.869047619047619,1.9773809523809522,1.578968253968254,1.578968253968254,1.702777777777778,1.702777777777778,1.702777777777778,1.702777777777778,1.702777777777778,1.702777777777778,2.1317460317460317,1.941269841269841,2.8166666666666673,2.8166666666666673,2.8166666666666673,2.8166666666666673,2.8166666666666673,2.8166666666666673,3.019047619047619,3.019047619047619,3.019047619047619,3.469047619047619,0,0,0,0,0,0,0,0,0,0,0,0,0,0,0,0,0,0,0,0,0,0,0,0,0,0,0,0,0,0,0,0,0,0,0,0,0,0,0,0,0,0,0,0,0,0,0,0,0,0,0,0,0,0,0,0,0,0,0,0,0,0,0,0,0,0,0,0,0,0,0,0,0,0,0,0,0,0,0,0,0,0,0,0,0,0,0,0,0,0,0,0,0,0,0,0,0,0,0,0,0,0,0,0,0,0,0,0,0,0,0,0,0,0,0,0,0,0,0,0,0,0,0,0,0,0,0,0,0,0,0,0,0,0,0,0,0,0,0,0,0,0,0,0,0,0,0,0,0,0,0,0,0,0,0,0,0,0,0,0,0,0,0,0,0,0,0,0,0,0,0,0,0,0,0,0,0,0,0,0,0,0,0,0,0,0,0,0,0,0,0,0,0,0,0,0,0,0,0,0,0,0,0,0,0,0,0,0,0,0,0,0,0,0,0,0,0,0,0,0,0,0,0,0,0,0,0,0,0,0,0,0,0,0,0,0,0,0,0,0,0,0,0,0,0,0,0
0,0,0,0,0,0,0,0,0,0,0,0,0,0,0,0,0,0,0,0,0,0,0,0,0,0,0,0,0,0,0,0,0,0,0,0,0,0,0,0,0,0,0,0,0,0,0,0,0,0,0,0,0,0,0,0,0,0,0,0,0,0,0,0,0,0,0,0,0,0,0,0,0,0,0,0,0,0,0,0,0,0,0,0,0,0,0,0,0,0,0,0,0,0,0,0,0,0,0,0,0,0,0,0,0,0,0,0,0,0,0,0,0,0,0,0,0,0,0,0,0,0,0,0,0,0,0,0,0,0,0,0,0,0,0,0,0,0,0,0,0,0,0,0,0,0,0,0,0,0,0,0,0,0,0,0,0,0,0,0.6345238095238095,0.7595238095238095,0.6845238095238095,0.6845238095238095,0.6845238095238095,0.6845238095238095,0.6845238095238095,0.6845238095238095,0.7845238095238095,0.7845238095238095,0.7845238095238095,0.7845238095238095,0.8956349206349206,1.0206349206349206,1.167002442002442,1.1717032967032968,1.1717032967032968,0.25396825396825395,0.25396825396825395,0.2777777777777778,0.2777777777777778,0.16666666666666666,0.16666666666666666,0.16666666666666666,0.16666666666666666,0.16666666666666666,0.16666666666666666,0.16666666666666666,0.16666666666666666,0.16666666666666666,0.16666666666666666,0.16666666666666666,0.25,0.25,0.25,0.25,0.25,0.25,0.25,0,0,0,0,0,0,0,0,0,0,0,0,0,0,0,0,0,0,0,0,0,0,0,0,0,0,0,0,0,0,0,0,0,0,0,0,0,0,0,0,0,0,0,0,0,0,0,0,0,0,0,0,0,0,0,0,0,0,0,0,0,0,0,0,0,0,0,0,0,0,0,0,0,0,0,0,0,0,0,0,0,0,0,0,0,0,0,0,0,0,0,0,0,0,0,0,0,0,0,0,0,0,0,0,0,0,0,0,0,0,0,0,0,0,0,0,0,0,0,0,0,0,0,0,0,0,0,0,0
0,0,0,0,0,0,0,0,0,0,0,0,0,0,0,0,0,0,0,0,0,0,0,0,0,0,0,0,0,0,0,0,0,0,0,0,0,0,0,0,0,0,0,0,0,0,0,0,0,0,0,0,0,0,0,0,0,0,0,0,0,0,0,0,0,0,0,0,0,0,0,0,0,0,0,0,0,0,0,0,0,0,0,0,0,0,0,0,0,0,0,0,0,0,0,0,0,0,0,0,0,0,0,0,0,0,0,0,0,0,0,0,0,0,0,0,0,0,0,0,0,0,0,0,0,0,0,0,0,0,0,0,0,0,0,0,0,0,0,0,0,0,0,0,0,0,0,0,0,0,0,0,0,0,0,0,0,0,0,0,0,0,0,0,0,0,0,0,0,0,0,0,0,0.5392246642246642,0.5328144078144078,0.5328144078144078,0.5149572649572649,0.3611111111111111,0.3611111111111111,0.3611111111111111,0.25,0.25,0.25,0.25,0.25,0.25,0.25,0.26785714285714285,0.26785714285714285,0.26785714285714285,0.26785714285714285,0.14285714285714285,0.14285714285714285,0.26785714285714285,0.25396825396825395,0,0,0,0,0,0,0,0,0,0,0,0,0,0,0,0,0,0,0,0,0,0,0,0,0,0,0,0,0,0,0,0,0,0,0,0,0,0,0,0,0,0,0,0,0,0,0,0,0,0,0,0,0,0,0,0,0,0,0,0,0,0,0,0,0,0,0,0,0,0,0,0,0,0,0,0,0,0,0,0,0,0,0,0,0,0,0,0,0,0,0,0,0,0,0,0,0,0,0,0,0,0,0,0,0,0,0,0,0,0,0,0,0,0,0,0,0,0,0,0,0,0,0,0,0,0,0,0,0,0,0,0
0,0,0,0,0,0,0,0,0,0,0,0,0,0,0,0,0,0,0,0,0,0,0,0,0,0,0,0,0,0,0,0,0,0,0,0,0,0,0,0,0,0,0,0,0,0,0,0,0,0,0,0,0,0,0,0,0,0,0,0,0,0,0,0,0,0,0,0,0,0,0,0,0,0,0,0,0,0,0,0,0,0,0,0,0,0,0,0,0,0,0,0,0,0,0,0,0,0,0,0,0,0,0,0,0,0,0,0,0,0,0,0,0,0,0,0,0,0,0,0,0,0,0,0,0,0,0,0,0,0,0,0,0,0,0,0,0,0,0,0,0,0,0,0,0,0,0,0,0,0,0,0,0,0.7833333333333333,0.7833333333333333,0.5833333333333333,0.41666666666666663,0.41666666666666663,0.34285714285714286,0.325,0.45,0.26785714285714285,0.43452380952380953,0.43452380952380953,0.43452380952380953,0.43452380952380953,0.43452380952380953,0.5345238095238095,0.5345238095238095,0.5345238095238095,0.5345238095238095,0.5345238095238095,0.7456349206349204,0.6670024420024421,0.49007936507936506,0.49007936507936506,0.7039682539682539,0.7039682539682539,0.7456349206349207,0.7456349206349207,0.6345238095238095,0.49166666666666664,0.49166666666666664,0.9027777777777778,0.8527777777777779,0.8527777777777779,0.8527777777777779,0.9956349206349207,0.9956349206349207,0.9956349206349207,0.9956349206349207,1.1539682539682539,1.1539682539682539,1.1428571428571428,1.078968253968254,1.0388888888888888,1.0388888888888888,1.015079365079365,0.8928571428571428,0.8928571428571428,0.8928571428571428,0.8928571428571428,0.8928571428571428,0.8242424242424242,0.8242424242424242,0.8242424242424242,0.8242424242424242,0.8242424242424242,0.8242424242424242,0.8333333333333333,0.8333333333333333,0.8333333333333333,0.8333333333333333,0.6333333333333333,0.6333333333333333,0.6333333333333333,0.6333333333333333,0.6333333333333333,0.6333333333333333,0.6944444444444444,0.6944444444444444,0.6944444444444444,0.6583333333333333,0.6583333333333333,0.4583333333333333,0.4583333333333333,0.4583333333333333,0.4583333333333333,0.4583333333333333,0.9166666666666665,0.5833333333333333,0.5833333333333333,0.5833333333333333,0.3333333333333333,0.25,0.25,0.25,0.25,0.25,0.25,0.25,0.25,0.25,0.25,0.25,0,0,0,0,0,0,0,0,0,0,0,0,0,0,0,0,0,0,0,0,0,0,0,0,0,0,0,0,0,0,0,0,0,0,0,0,0,0,0,0,0,0,0,0,0,0,0,0,0,0,0,0,0,0,0,0,0,0,0,0,0,0,0,0,0,0,0,0,0,0,0,0,0,0,0,0,0,0,0,0,0,0
0,0,0,0,0,0,0,0,0,0,0,0,0,0,0,0,0,0,0,0,0,0,0,0,0,0,0,0,0,0,0,0,0,0,0,0,0,0,0,0,0,0,0,0,0,0,0,0,0,0,0,0,0,0,0,0,0,0,0,0,0,0,0,0,0,0,0,0,0,0,0,0,0,0,0,0,0,0,0,0,0,0,0,0,0,0,0,0,0,0,0,0,0,0,0,0,0,0,0,0,0,0,0,0,0,0,0,0,0,0,0,0,0,0,0,0,0,0,0,0,0,0.41666666666666663,0.41666666666666663,0.41666666666666663,0.3666666666666667,0.3666666666666667,0.3666666666666667,0.3666666666666667,0.3666666666666667,0.3666666666666667,0.3666666666666667,0.3666666666666667,0.3666666666666667,0.34285714285714286,0.34285714285714286,0.3666666666666667,0.3666666666666667,0,0,0,0,0,0,0,0,0,0,0,0,0,0,0,0,0,0,0,0,0,0,0,0,0,0,0,0,0,0,0,0,0,0,0,0,0,0,0,0,0,0,0,0,0,0,0,0,0,0,0,0,0,0,0,0,0,0,0,0,0,0,0,0,0,0,0,0,0,0,0,0,0,0,0,0,0,0,0,0,0,0,0,0,0,0,0,0,0,0,0,0,0,0,0,0,0,0,0,0,0,0,0,0,0,0,0,0,0,0,0,0,0,0,0,0,0,0,0,0,0,0,0,0,0,0,0,0,0,0,0,0,0,0,0,0,0,0,0,0,0,0,0,0,0,0,0,0,0,0,0,0,0,0,0,0,0,0,0,0,0,0,0,0,0,0,0,0,0,0,0,0,0,0,0,0,0,0,0,0,0,0,0,0,0,0,0,0,0,0
0,0,0,0,0,0,0,0,0,0,0,0,0,0,0,0,0,0,0,0,0,0,0,0,0,0,0,0,0,0,0,0,0,0,0,0,0,0,0,0,0,0,0,0,0,0,0,0,0,0,0,0,0,0,0,0,0,0,0,0,0,0,0,0,0,0,0,0,0,0,0,0,0,0,0,0,0,0,0,0,0,0,0,0,0,0,0,0,0,0,1.0095238095238095,0.7178571428571429,0.7178571428571429,0.6845238095238095,0.41666666666666663,0.41666666666666663,0.41666666666666663,0.41666666666666663,0.41666666666666663,0.34285714285714286,0.34285714285714286,0.34285714285714286,0.5095238095238095,0.5095238095238095,0.5095238095238095,0.3666666666666667,0.47619047619047616,0.30952380952380953,0.5095238095238095,0.34285714285714286,0.3666666666666667,0.41666666666666663,0.41666666666666663,0.41666666666666663,0.41666666666666663,0.45,1.1261904761904762,0.9416666666666665,0.9416666666666665,0.9416666666666665,0.9416666666666665,0.9083333333333333,0.9083333333333333,0.6166666666666667,0.5333333333333333,0.5333333333333333,0.5333333333333333,0.5333333333333333,0.5333333333333333,0.5,0.5,0.5,0.5,0.47619047619047616,0.47619047619047616,0.5333333333333333,0.5333333333333333,0.5666666666666667,0.5666666666666667,0.5666666666666667,0.5666666666666667,0.5666666666666667,0.5666666666666667,0.5666666666666667,0.9095238095238096,0.819047619047619,0.7678571428571428,0.9678571428571427,0.9678571428571427,0.9678571428571427,0.9678571428571427,0.9678571428571427,1.025,0.9833333333333334,0.8166666666666667,0.8166666666666667,0.9416666666666667,0.9416666666666667,0.913888888888889,0.913888888888889,0.913888888888889,0.913888888888889,0.8916666666666666,0.9595238095238094,0.9595238095238094,0.9595238095238094,0.9595238095238094,1.0595238095238095,1.0595238095238095,1.0595238095238095,1.0595238095238095,0.9944444444444444,1.0416666666666665,0.9447802197802199,0.7883699633699632,1.1217032967032965,0.9217032967032965,0.8159090909090909,0.836111111111111,0.836111111111111,0.736111111111111,0.736111111111111,0.736111111111111,0.75,0.75,0,0,0,0,0,0,0,0,0,0,0,0,0,0,0,0,0,0,0,0,0,0,0,0,0,0,0,0,0,0,0,0,0,0,0,0,0,0,0,0,0,0,0,0,0,0,0,0,0,0,0,0,0,0,0,0,0,0,0,0,0,0,0,0,0,0,0,0,0,0,0,0,0,0,0,0,0,0,0,0,0,0,0,0,0,0,0,0,0,0,0,0,0,0,0,0,0,0,0,0,0,0,0,0,0,0,0,0,0,0,0,0,0,0,0,0,0,0,0,0,0,0,0,0,0,0,0,0,0,0,0,0,0,0,0,0,0,0,0,0,0,0
0,0,0,0,0,0,0,0,0,0,0,0,0,0,0,0,0,0,0,0,0,0,0,0,0,0,0,0,0,0,0,0,0,0,0,0,0,0,0,0,0,0,0,0,0,0,0,0,0,0,0,0,0,0,0,0,0,0,0,0,0,0,0,0,0,0,0,0,0,0,0,0,0,0,0,0,0,0,0,0,0,0,0,0,0,0,0,0,0,0,0,0,0,0,0,0,0,0,0,0,0,0,0,0,0,0,0,0,0,0,0,0,0,0,0,0,0,0,0,0,0,0,0,0,0,0,0,0,0,0,0,0,0,0,0,0,0,0,0,0,0,0,0,0,0,0,0,0,0,0,0,0,0,0,0,0,0,0,0,0,0,0,0,0,0,0,0,0,0,0,0,0,0,0,0,0,0,0,0,0,0,0,0,0,0,0,0,0,0,0,0,0,0,0,0,0,0,0,0,0,0,0,0.7,0.7833333333333333,0.7833333333333333,0.7833333333333333,0.7833333333333333,0.7833333333333333,0.7833333333333333,0.7833333333333333,0.7833333333333333,0,0,0,0,0,0,0,0,0,0,0,0,0,0,0,0,0,0,0,0,0,0,0,0,0,0,0,0,0,0,0,0,0,0,0,0,0,0,0,0,0,0,0,0,0,0,0,0,0,0,0,0,0,0,0,0,0,0,0,0,0,0,0,0,0,0,0,0,0,0,0,0,0,0,0,0,0,0,0,0,0,0,0,0,0,0,0,0,0,0,0,0,0,0,0,0,0,0,0,0,0,0,0,0,0,0,0,0,0,0,0,0,0,0,0,0
0,0,0,0,0,0,0,0,0,0,0,0,0,0,0,0,0,0,0,0,0,0,0,0,0,0,0,0,0,0,0,0,0,0,0,0,0,0,0,0,0,0,0,0,0,0,0,0,0,0,0,0,0,1.3166666666666667,1.4,0.8428571428571427,0.6761904761904761,0.6761904761904761,0.6523809523809523,0.5178571428571428,0.503968253968254,0.503968253968254,0,0,0,0,0,0,0,0,0,0,0,0,0,0,0,0,0,0,0,0,0,0,0,0,0,0,0,0,0,0,0,0,0,0,0,0,0,0,0,0,0,0,0,0,0,0,0,0,0,0,0,0,0,0,0,0,0,0,0,0,0,0,0,0,0,0,0,0,0,0,0,0,0,0,0,0,0,0,0,0,0,0,0,0,0,0,0,0,0,0,0,0,0,0,0,0,0,0,0,0,0,0,0,0,0,0,0,0,0,0,0,0,0,0,0,0,0,0,0,0,0,0,0,0,0,0,0,0,0,0,0,0,0,0,0,0,0,0,0,0,0,0,0,0,0,0,0,0,0,0,0,0,0,0,0,0,0,0,0,0,0,0,0,0,0,0,0,0,0,0,0,0,0,0,0,0,0,0,0,0,0,0,0,0,0,0,0,0,0,0,0,0,0,0,0,0,0,0,0,0,0,0,0,0,0,0,0,0,0,0,0,0,0,0,0,0,0,0,0,0,0,0,0,0,0,0,0,0,0,0,0,0,0,0,0,0,0,0,0,0,0,0,0,0,0,0,0,0,0,0,0,0,0,0,0,0,0,0,0,0,0,0,0,0,0
0,0,0,0,0,0,0,0,0,0,0,0,0,0,0,0,0,0,0,0,0,0,0,0,0,0,0,0,0,0,0,0,0,0,0,0,0,0,0,0,0,0,0,0,0,0,0,0,0,0,0,0,0,0,0,0,0,0,0,0,0,0,0,0,0,0,0,0,0,0,0,0,0,0,0,0,0,0,0,0,0,0,0,0,0,0,0,0,0,0,0,0,0,0,0,0,0,0,0,0,0,0,0,0,0,0,0,0,0,0,0,0,0,0,0,0,0,0,0,0,0,0,0,0,0,0,0,0,0,0,0,0,0,0,0,0,0,0,0,0,0,0,0,0,0,0,0,0,0,0,0,0,0,0,0,0,0,0,0,0,0,0,0,0,0,0,0,0,0,0,0,0,0,0,0,0,0,0,0,0,0,0,0,0,0,0,0,0,0,0,0,0,0,0,0,0,0,0,0,0,0,0,0,0,0,0,0,0,0,0,0,0,0,0,0,0,0,0,0,0,0,0,1.2833333333333332,1.2833333333333332,1.2833333333333332,1.2833333333333332,1.2833333333333332,0.7833333333333333,0.7833333333333333,0.7,0.5,0.5,0.5,0.5,0.5,0.5,0.5,0.5,0.5,0.5,0.5,0.5,0.5,0.25,0.25,0.25,0.25,0.25,0.25,0.25,0.25,0.25,0.3333333333333333,0.3333333333333333,0.3333333333333333,0.3333333333333333,0.3333333333333333,0.3333333333333333,0.3333333333333333,0.3333333333333333,0.3333333333333333,0.3333333333333333,0.3333333333333333,0,0,0,0,0,0,0,0,0,0,0,0,0,0,0,0,0,0,0,0,0,0,0,0,0,0,0,0,0,0,0,0,0,0,0,0,0,0,0,0,0,0,0,0,0,0,0,0,0,0,0,0,0,0,0,0,0,0,0,0,0,0,0,0
0,0,0,0,0,0,0,0,0,0,0,0,0,0,0,0,0,0,0,0,0,0,0,0,0,0,0,0,0,0,0,0,0,0,0,0,0,0,0,0,0,0,0,0,0,0,0,0,0,0,0,0,0,0,0,0,0,0,0,0,0,0,0,0,0,0,0,0,0,0,0,0,0,0,0,0,0,0,0,0,0,0,0,0,0,0,0,0,0,0,0,0,0,0,0,0,0,0,0,0,0,0,0,0,0,0,0,0,0,0,0,0,0,0,0,0,0,0,0,0,0,0,0,0,0,0,0,0,0,0,0,0,0,0,0,0,0,0,0,0,0,0,0,0,0,0,0,0,0,0,0,0,0,0,0,0,0,0,0,0,0,0,0,0,0,0,0,0,0,0,0,0,0,0,0,0,0,0,0,0,0,0,0,0,0,0,0,0,0,0,0,0,0,0,0,0,0,0,0,0,0,0,0,0.6742424242424243,0.6742424242424243,0.6742424242424243,0.6742424242424243,0.6742424242424243,0.6742424242424243,0.7666666666666666,0.7666666666666666,0.7666666666666666,0.7666666666666666,0.7666666666666666,0.7666666666666666,0.7666666666666666,0.7666666666666666,0.7666666666666666,0.7666666666666666,0,0,0,0,0,0,0,0,0,0,0,0,0,0,0,0,0,0,0,0,0,0,0,0,0,0,0,0,0,0,0,0,0,0,0,0,0,0,0,0,0,0,0,0,0,0,0,0,0,0,0,0,0,0,0,0,0,0,0,0,0,0,0,0,0,0,0,0,0,0,0,0,0,0,0,0,0,0,0,0,0,0,0,0,0,0,0,0,0,0,0,0,0,0,0,0,0,0,0,0,0,0,0,0,0,0,0,0
0,0,0,0,0,0,0,0,0,0,0,0,3.0,3.0,2.5,2.5,2.5,0,0,0,0,0,0,0,0,0,0,0,0,0,0,0,0,0,0,0,0,0,0,0,0,0,0,0,0,0,0,0,0,0,0,0,0,0,0,0,0,0,0,0,0,0,0,0,0,0,0,0,0,0,0,0,0,0,0,0,0,0,0,0,0,0,0,0,0,0,0,0,0,0,0,0,0,0,0,0,0,0,0,0,0,0,0,0,0,0,0,0,0,0,0,0,0,0,0,0,0,0,0,0,0,0,0,0,0,0,0,0,0,0,0,0,0,0,0,0,0,0,0,0,0,0,0,0,0,0,0,0,0,0,0,0,0,0,0,0,0,0,0,0,0,0,0,0,0,0,0,0,0,0,0,0,0,0,0,0,0,0,0,0,0,0,0,0,0,0,0,0,0,0,0,0,0,0,0,0,0,0,0,0,0,0,0,0,0,0,0,0,0,0,0,0,0,0,0,0,0,0,0,0,0,0,0,0,0,0,0,0,0,0,0,0,0,0,0,0,0,0,0,0,0,0,0,0,0,0,0,0,0,0,0,0,0,0,0,0,0,0,0,0,0,0,0,0,0,0,0,0,0,0,0,0,0,0,0,0,0,0,0,0,0,0,0,0,0,0,0,0,0,0,0,0,0,0,0,0,0,0,0,0,0,0,0,0,0,0,0,0,0,0,0,0,0,0,0,0,0,0,0,0,0,0,0,0,0,0,0
0,0,0,0,0,0,0,0,0,0,0,0,0,0,0,0,0,0,0,0,0,0,0,0,0,0,0,0,0,0,0,0,0,0,0,0,0,0,0,0,0,0,0,0,0,0,0,0,0,0,0,0,0,0,0,0,0,0,0,0,0,0,0,0,0,0,0,0,0,0,0,0,0,0,0,0,0,0,0,0,0,0,0,0,0,0,0,0,0,0,0,0,0,0,0,0,0,0,0,0,0,0,0,0,0,0,0,0,0,0,0,0,0,0,0,0,0,0,0,0,0,0,0,0,0,0,0,0,0,0,0,0,0,0,0,0,0,0,0,0,0,0,0,0,0,0,0,0,0,0,0,0,0,0,0,0,0,0,0,0,0,0,0,0,0,0,0,0,0,0,0,0,0,0,0,0,0,0,0,0,0,0,0,0,0,0,0,0,0,0,0,0,0,0,0,0.6722222222222223,0.6722222222222223,0.6722222222222223,0.5,0.5,0.5,0.5,0.5,0.4909090909090909,0.4909090909090909,0.4909090909090909,0.4909090909090909,0.4909090909090909,0.4909090909090909,0.5,0.5,0.5,0.5,0.5,0.5,0.5,0.5,0.5,0.5,0.3111111111111111,0.1111111111111111,0.1111111111111111,0.6583333333333333,0.6583333333333333,0.5333333333333333,0.5333333333333333,0.5333333333333333,0.5333333333333333,0.5333333333333333,0.45,0.25,0.25,0.25,0.25,0.25,0.25,0.25,0.25,0.25,0.25,0.25,0.25,0.25,0.45,0.45,0.45,0.45,0.45,0.45,0.45,0.45,0.45,0,0,0,0,0,0,0,0,0,0,0,0,0,0,0,0,0,0,0,0,0,0,0,0,0,0,0,0,0,0,0,0,0,0,0,0,0,0,0,0,0,0,0,0,0,0,0,0,0,0,0,0,0,0,0,0,0,0,0,0,0,0,0,0,0,0,0,0,0,0,0,0,0,0,0
0,0,0,0,0,0,0,0,0,0,0,0,0,0,0,0,0,0,0,0,0,0,0,0,0,0,0,0,0,0,0,0,0,0,0,0,0,0,0,0,0,0,0,0,0,0,0,0,0,0,0,0,0,0,0,0,0,0,0,0,0,0,0,0,0,0,0,0,0,0,0,0,0,0,0,0,0,0,0,0,0,0,0,0,0,0,0,0,0,0,0,0,0,0,0,0,0,0,0,0,0,0,0,0,0,0,0,0,0,0,0,0,0,0,0,0,0,0,0,0,0,0,0,0,0,0,0,0,0,0,0,0,0,0,0,0,0,0,0,0,0,0,0,0,0,0,0,0,0,0,0,0,0,0,0,0,0,0,0,0,0,0,0,0,0,0,0,0,0,0,0,0,0,0,0,0,0,0.8575757575757575,0.8956349206349206,0.8956349206349206,0.7956349206349206,0.7956349206349206,0.7956349206349206,0.9956349206349207,1.1956349206349206,1.1956349206349206,1.1956349206349206,1.2194444444444443,1.2194444444444443,1.2194444444444443,1.0194444444444444,1.1539682539682539,1.1539682539682539,1.0,0.9361111111111111,0.8722222222222222,1.0722222222222222,1.038888888888889,0.9166666666666666,0.7166666666666667,0.7166666666666667,0.7166666666666667,0.7166666666666667,0.7909090909090909,0.7909090909090909,0.7909090909090909,0.7909090909090909,0.7909090909090909,0.7909090909090909,0.8333333333333333,0.8333333333333333,1.0333333333333332,1.0333333333333332,0.8333333333333333,0.8333333333333333,0.8333333333333333,0.8333333333333333,0.8333333333333333,0.8333333333333333,0.6444444444444444,0.6444444444444444,0.6444444444444444,0.7083333333333333,0.7083333333333333,0,0,0,0,0,0,0,0,0,0,0,0,0,0,0,0,0,0,0,0,0,0,0,0,0,0,0,0,0,0,0,0,0,0,0,0,0,0,0,0,0,0,0,0,0,0,0,0,0,0,0,0,0,0,0,0,0,0,0,0,0,0,0,0,0,0,0,0,0,0,0,0,0,0,0,0,0,0,0,0,0,0,0,0,0,0,0,0,0,0,0,0,0,0,0,0,0,0,0,0,0,0,0
0,0,0,0,0,0,0,0,0,0,0,0,0,0,0,0,0,0,0,0,0,0,0,0,0,0,0,0,0,0,0,0,0,0,0,0,0,0,0,0,0,0,0,0,0,0,0,0,0,0,0,0,0,0,0,0,0,0,0,0,0,0,0,0,0,0,0,0,0,0,0,0,0,0,0,0,0,0,0,0,0,0,0,0,0,0,0,0,0,0.7499999999999999,0.7595238095238095,0.46785714285714286,0.46785714285714286,0.43452380952380953,0.16666666666666666,0.16666666666666666,0.16666666666666666,0.16666666666666666,0.16666666666666666,0.14285714285714285,0.14285714285714285,0.14285714285714285,0.30952380952380953,0.30952380952380953,0.30952380952380953,0.30952380952380953,0.5595238095238095,0.5595238095238095,0.5095238095238095,0.34285714285714286,0.3666666666666667,0.41666666666666663,0.41666666666666663,0.41666666666666663,0.41666666666666663,0.45,0.5333333333333333,0.45,0.45,0.45,0.45,0.41666666666666663,0.41666666666666663,0.41666666666666663,0.3666666666666667,0.3666666666666667,0.3666666666666667,0.3666666666666667,0.3666666666666667,0.3333333333333333,0.3333333333333333,0.3333333333333333,0.3333333333333333,0.30952380952380953,0.6428571428571428,0.6666666666666666,0.6666666666666666,0.7,0.7,0.7,0.7,0.7,0.7,0.7,0.8999999999999999,0.8095238095238094,0.7916666666666666,0.9916666666666666,0.9916666666666667,0.9916666666666667,0.9916666666666667,0.9916666666666667,1.025,0.7749999999999999,0.7749999999999999,0.7749999999999999,0.7749999999999999,0.7749999999999999,0.7250000000000001,0.7250000000000001,0.7250000000000001,0.7749999999999999,0.7749999999999999,0,0,0,0,0,0,0,0,0,0,0,0,0,0,0,0,0,0,0,0,0,0,0,0,0,0,0,0,0,0,0,0,0,0,0,0,0,0,0,0,0,0,0,0,0,0,0,0,0,0,0,0,0,0,0,0,0,0,0,0,0,0,0,0,0,0,0,0,0,0,0,0,0,0,0,0,0,0,0,0,0,0,0,0,0,0,0,0,0,0,0,0,0,0,0,0,0,0,0,0,0,0,0,0,0,0,0,0,0,0,0,0,0,0,0,0,0,0,0,0,0,0,0,0,0,0,0,0,0,0,0,0,0,0,0,0,0,0,0,0,0,0,0,0,0,0,0,0,0,0,0,0,0,0,0,0,0,0,0,0,0,0,0,0
0,0,0,0,0,0,0,0,0,0,0,0,0,0,0,0,0,0,0,0,0,0,0,0,0,0,0,0,0,0,0,0,0,0,0,0,0,0,0,0,0,0,0,0,0,0,0,0,0,0,0,0,0,0,0,0,0,0,0,0,0,0,0,0,0,0,0,0,0,0,0,0,0,0,0,0,0,0,0,0,0,0,0,0,0,0,0,0,0,0,0,0,0,0,0,0,0,0,0,0,0,0,0,0,0,0,2.492857142857143,2.326190476190476,2.076190476190476,1.9095238095238094,1.9666666666666666,2.1333333333333333,2.05,2.05,1.8333333333333335,0.5,0.5,0.3333333333333333,0.3333333333333333,0.3333333333333333,0.3333333333333333,0.3333333333333333,0.3333333333333333,0.3333333333333333,0.3333333333333333,0.3333333333333333,0.3333333333333333,0.3333333333333333,0.3333333333333333,0.3333333333333333,0.3333333333333333,0.3333333333333333,0.3333333333333333,0.3333333333333333,0.3333333333333333,0.3333333333333333,0,0,0,0,0,0,0,0,0,0,0,0,0,0,0,0,0,0,0,0,0,0,0,0,0,0,0,0,0,0,0,0,0,0,0,0,0,0,0,0,0,0,0,0,0,0,0,0,0,0,0,0,0,0,0,0,0,0,0,0,0,0,0,0,0,0,0,0,0,0,0,0,0,0,0,0,0,0,0,0,0,0,0,0,0,0,0,0,0,0,0,0,0,0,0,0,0,0,0,0,0,0,0,0,0,0,0,0,0,0,0,0,0,0,0,0,0,0,0,0,0,0,0,0,0,0,0,0,0,0,0,0,0,0,0,0,0,0,0,0,0,0,0,0,0,0,0,0,0,0,0,0,0,0,0,0,0,0,0,0,0,0,0,0,0,0,0,0,0,0,0,0,0,0,0,0,0,0,0,0,0,0,0,0,0,0,0,0,0,0,0
0,0,0,0,0,0,0,0,0,0,0,0,0,0,0,0,0,0,0,0,0,0,0,0,0,0,0,0,0,0,0,0,0,0,0,0,0,0,0,0,0,0,0,0,0,0,0,0,0,0,0,0,0,0,0,0,0,0,0,0,0,0,0,0,0,0,0,0,0,0,0,0,0,0,0,0,0,0,0,0,0,0,0,0,0,0,0,0,0,0,0,0,0,0,0,0,0,0,0,0,0,0,0,0,0,0,0,0,0,0,0,0,0,0,0,0,0,0,0,0,0,0,0,0,0,0,0,0,0,0,0,0,0,0,0,0,0,0,0,0,0,0,0,0,0,0,0,0,0,0,0,0,0,0,0,0,0,0,0,0,0,0,0.8999999999999999,0.9833333333333332,0.9833333333333332,0.9833333333333332,0.9833333333333332,1.0833333333333333,1.2833333333333337,1.2833333333333332,1.2833333333333332,1.5611111111111113,1.5361111111111114,1.5975579975579974,1.552258852258852,1.552258852258852,1.7661477411477409,2.033766233766234,2.196825396825397,2.196825396825397,2.0968253968253965,1.953968253968254,1.6206349206349207,1.828968253968254,1.7789682539682539,1.7789682539682539,1.7789682539682539,1.8206349206349206,1.8206349206349206,1.8206349206349206,1.6206349206349207,1.7468253968253966,1.7468253968253966,0.14285714285714285,0.14285714285714285,0.16666666666666666,0.16666666666666666,0.14285714285714285,0.14285714285714285,0.14285714285714285,0.14285714285714285,0.14285714285714285,0.14285714285714285,0,0,0,0,0,0,0,0,0,0,0,0,0,0,0,0,0,0,0,0,0,0,0,0,0,0,0,0,0,0,0,0,0,0,0,0,0,0,0,0,0,0,0,0,0,0,0,0,0,0,0,0,0,0,0,0,0,0,0,0,0,0,0,0,0,0,0,0,0,0,0,0,0,0,0,0,0,0,0,0,0,0,0,0,0,0,0,0,0,0,0,0,0,0,0,0,0,0,0,0,0,0,0,0,0,0,0,0,0,0,0,0,0,0,0,0,0,0,0,0,0,0,0,0
0,0,0,0,0,0,0,0,0,0,0,0,0,0,0,0,0,0,0,0,0,0,0,0,0,0,0,0,0,0,0,0,0,0,0,0,0,0,0,1.9166666666666665,1.6666666666666665,1.6666666666666665,1.6666666666666665,1.6666666666666665,1.6666666666666665,1.1666666666666665,1.3666666666666667,1.3666666666666665,1.8666666666666665,0,0,0,0,0,0,0,0,0,0,0,0,0,0,0,0,0,0,0,0,0,0,0,0,0,0,0,0,0,0,0,0,0,0,0,0,0,0,0,0,0,0,0,0,0,0,0,0,0,0,0,0,0,0,0,0,0,0,0,0,0,0,0,0,0,0,0,0,0,0,0,0,0,0,0,0,0,0,0,0,0,0,0,0,0,0,0,0,0,0,0,0,0,0,0,0,0,0,0,0,0,0,0,0,0,0,0,0,0,0,0,0,0,0,0,0,0,0,0,0,0,0,0,0,0,0,0,0,0,0,0,0,0,0,0,0,0,0,0,0,0,0,0,0,0,0,0,0,0,0,0,0,0,0,0,0,0,0,0,0,0,0,0,0,0,0,0,0,0,0,0,0,0,0,0,0,0,0,0,0,0,0,0,0,0,0,0,0,0,0,0,0,0,0,0,0,0,0,0,0,0,0,0,0,0,0,0,0,0,0,0,0,0,0,0,0,0,0,0,0,0,0,0,0,0,0,0,0,0,0,0,0,0,0,0,0,0,0,0,0,0,0,0,0,0,0,0,0,0,0,0,0,0,0,0,0,0,0,0,0,0,0,0,0,0,0,0,0,0,0,0,0,0,0,0,0,0,0
0,0,0,0,0,0,0,0,0,0,0,0,0,0,0,0,0,0,0,0,0,0,0,0,0,0,0,0,0,0,0,0,0,0,0,0,0,0,0,0,0,0,0,0,0,0,0,0,0,0,0,2.5666666666666664,2.566666666666667,1.8166666666666667,1.9000000000000001,1.592857142857143,1.842857142857143,1.842857142857143,1.819047619047619,1.7273809523809522,1.4956349206349207,1.4956349206349207,1.702777777777778,1.702777777777778,1.702777777777778,1.702777777777778,1.702777777777778,1.952777777777778,2.215079365079365,2.191269841269841,0,0,0,0,0,0,0,0,0,0,0,0,0,0,0,0,0,0,0,0,0,0,0,0,0,0,0,0,0,0,0,0,0,0,0,0,0,0,0,0,0,0,0,0,0,0,0,0,0,0,0,0,0,0,0,0,0,0,0,0,0,0,0,0,0,0,0,0,0,0,0,0,0,0,0,0,0,0,0,0,0,0,0,0,0,0,0,0,0,0,0,0,0,0,0,0,0,0,0,0,0,0,0,0,0,0,0,0,0,0,0,0,0,0,0,0,0,0,0,0,0,0,0,0,0,0,0,0,0,0,0,0,0,0,0,0,0,0,0,0,0,0,0,0,0,0,0,0,0,0,0,0,0,0,0,0,0,0,0,0,0,0,0,0,0,0,0,0,0,0,0,0,0,0,0,0,0,0,0,0,0,0,0,0,0,0,0,0,0,0,0,0,0,0,0,0,0,0,0,0,0,0,0,0,0,0,0,0,0,0,0,0,0,0,0,0,0,0,0,0,0,0,0,0,0,0,0,0,0,0,0,0,0,0,0,0,0,0,0,0,0,0,0,0,0,0,0,0,0,0,0,0,0,0,0,0,0
0,0,0,0,0,0,0,0,0,0,0,0,0,0,0,0,0,0,0,0,0,0,0,0,0,0,0,0,0,0,0,0,0,0,0,0,0,0,0,0,0,0,0,0,0,0,0,0,0,0,0,0,0,0,0,0,0,0,0,0,0,0,0,0,0,0,0,0,0,0,0,0,0,0,0,0,0,0,0,0,0,0,0,0,0,0,0,0,0,0,0,0,0,0,0,0,0,0,0,0,0,0,0,0,0,0,0,0,0,0,0,0,0,0,1.2499999999999998,1.3166666666666667,1.4928571428571429,1.3083333333333333,1.3083333333333333,1.3083333333333333,1.3083333333333333,1.025,0.9416666666666667,0.8166666666666667,0.8166666666666667,0.8166666666666667,1.1500000000000001,1.15,1.15,1.1,1.1,1.1,0.8999999999999999,0.8999999999999999,1.2333333333333334,1.2333333333333332,1.4333333333333333,1.4833333333333332,1.4833333333333332,1.4833333333333332,1.4833333333333332,1.4833333333333332,1.4833333333333332,1.6833333333333331,1.826190476190476,1.9928571428571427,1.9928571428571427,1.9928571428571427,1.9928571428571427,1.9928571428571427,1.9928571428571427,1.9928571428571427,2.0166666666666666,2.0166666666666666,1.8166666666666667,1.8166666666666667,1.8166666666666667,1.7666666666666666,1.4928571428571427,1.4511904761904761,1.4511904761904761,0,0,0,0,0,0,0,0,0,0,0,0,0,0,0,0,0,0,0,0,0,0,0,0,0,0,0,0,0,0,0,0,0,0,0,0,0,0,0,0,0,0,0,0,0,0,0,0,0,0,0,0,0,0,0,0,0,0,0,0,0,0,0,0,0,0,0,0,0,0,0,0,0,0,0,0,0,0,0,0,0,0,0,0,0,0,0,0,0,0,0,0,0,0,0,0,0,0,0,0,0,0,0,0,0,0,0,0,0,0,0,0,0,0,0,0,0,0,0,0,0,0,0,0,0,0,0,0,0,0,0,0,0,0,0,0,0,0,0,0,0,0,0,0,0,0,0,0,0,0,0,0,0,0,0,0,0,0,0,0,0,0,0,0,0,0
0,0,0,0,0,0,0,0,0,0,0,0,0,0,0,0,0,0,0,0,0,0,0,0,0,0,0,0,0,0,0,0,0,0,0,0,0,0,0,0,0,0,0,0,0,0,0,0,0,0,0,0,0,0,0,0,0,0,0,0,0,0,0,0,0,0,0,0,0,0,0,0,0,0,0,0,0,0,0,0,0,0,0,0,0,0,0,0,0,0,0,0,0,0,0,0,0,0,0,0,0,0,0,0,0,0,0,0,0,0,0,0,0,0,0,0,0,0,0,0,0,0,0,0,0,0,0,0,0,0,0,0,0,0,0,0,0,0,0,0,0,0,0,0,0,0,0,0,0,0,0,0,0,0,0,0,0,0,0,0,0,0,0,0,0,0,0,0,0,0,0,0,0,0,0,0,0,0,0,0,0,0,0,0,0,0,0,0,0,0,0,0,0,0,0,0,0,0,0.9666666666666666,0.9666666666666666,0.9666666666666666,0.9666666666666666,0.8,0.8742424242424243,0.8742424242424243,0.8742424242424243,0.8742424242424243,0.8742424242424243,0.8742424242424243,0.8833333333333333,0.8833333333333333,1.1333333333333333,1.1333333333333333,1.1333333333333333,1.1333333333333333,1.1333333333333333,1.1333333333333333,1.1333333333333333,1.1333333333333333,1.1444444444444444,0.9444444444444444,0.9444444444444444,0.875,0.875,0.875,0.875,0.875,0.375,0.375,0.5,0.5,0.5,0.5,0.25,0.25,0.25,0.25,0.25,0.25,0.25,0.25,0.25,0.25,0.2,0.2,0.2,0.2,0.2,0.2,0.2,0.2,0.2,0.25,0.25,0.25,0.25,0.25,0.25,0.25,0.25,0.25,0.25,0.25,0.25,0.25,0.25,0.3333333333333333,0.3333333333333333,0,0,0,0,0,0,0,0,0,0,0,0,0,0,0,0,0,0,0,0,0,0,0,0,0,0,0,0,0,0,0,0,0,0,0,0,0,0,0,0,0,0,0,0,0,0,0,0,0,0,0,0,0,0,0,0,0,0,0
0,0,0,0,0,0,0,0,0,0,0,0,0,0,0,0,0,0,0,0,0,0,0,0,0,0,0,0,0,0,0,0,0,0,0,0,0,0,0,0,0,0,0,0,0,0,0,0,0,0,0,0,0,0,0,0,0,0,0,0,0,0,0,0,0,0,0,0,0,0,0,0,0,0,0,0,0,0,0,0,0,0,0,0,0,0,0,0,0,0,0,0,0,0,0,0,0,0,0,0,0,0,0,0,0,0,0,0,0,0,0,0,0,0,0,0,0,0,0,0,0,0,0,0,0,0,0,0,0,0,0,0,0,0,0,0,0,0,0,0,0,0,0,0,0,0,0,0,0,0,0,0,0,0,0,0,0,0,0,0,0,0,0,0,0,0,0,0,0,0,0,0,0,0,0,0,0,0,0,0,0,0,0,0,0,0,0,0,0,0,0,0.961111111111111,0.961111111111111,0.7083333333333333,1.2694444444444444,1.1222222222222222,1.3222222222222222,1.288888888888889,1.1166666666666667,1.1166666666666667,1.1166666666666667,1.1166666666666667,1.1166666666666667,1.190909090909091,1.190909090909091,1.190909090909091,1.190909090909091,1.190909090909091,1.190909090909091,1.2333333333333332,1.2333333333333332,1.2333333333333332,1.2333333333333332,1.0333333333333332,1.0333333333333332,1.0333333333333332,1.0333333333333332,1.0333333333333332,1.0333333333333332,0.8444444444444443,0.6444444444444444,0.6444444444444444,0.7083333333333333,0.7083333333333333,0.5833333333333333,0.5833333333333333,0.5833333333333333,0.5833333333333333,0.5833333333333333,0.9166666666666665,0.5833333333333333,0.5833333333333333,0.5833333333333333,0.5833333333333333,0.5,0.5,0.5,0.5,0.5,0.5,0.5833333333333333,0.5833333333333333,0.5833333333333333,0.45,0.45,0.5333333333333333,0.5333333333333333,0.5333333333333333,0.5333333333333333,0.5333333333333333,0.5333333333333333,0.5333333333333333,0.5833333333333333,0.5833333333333333,0.5833333333333333,0.5833333333333333,0.5833333333333333,0.5833333333333333,0.5833333333333333,0.5833333333333333,0.5833333333333333,0.5833333333333333,0.5833333333333333,0.5833333333333333,0.5833333333333333,0.5833333333333333,0.6666666666666666,0.6666666666666666,0.3333333333333333,0,0,0,0,0,0,0,0,0,0,0,0,0,0,0,0,0,0,0,0,0,0,0,0,0,0,0,0,0,0,0,0,0,0,0,0,0,0,0,0,0,0,0,0,0,0,0,0,0,0,0,0,0,0,0,0,0,0
0,0,0,0,0,0,0,0,0,0,0,0,0,0,0,0,0,0,0,0,0,0,0,0,0,0,0,0,0,0,0,0,0,0,0,0,0,0,0,0,0,0,0,0,0,0,0,0,0,0,0,0,0,0,0,0,0,0,0,0,0,0,0,0,0,0,0,0,0,0,0,0,0,0,0,0,0,0,0,0,0,0,0,0,0,0,0,0,0,0,0,0,0,0,0,0,0,0,0,0,0,0,0,0,0,0,0,0,0,0.14285714285714285,0.16666666666666666,0.16666666666666666,0.16666666666666666,0.16666666666666666,0.16666666666666666,0.2,0.4,0.3666666666666667,0.3666666666666667,0.3666666666666667,0.3666666666666667,0.3333333333333333,0.5,0.7333333333333333,0.7,0.7,0.7,0.7,0.7,0.7,0.7,0.7,0.5,0.47619047619047616,0.47619047619047616,0.5333333333333333,0.5333333333333333,0.5666666666666667,0.5666666666666667,0.5666666666666667,0.5666666666666667,0.5666666666666667,0.5666666666666667,0.7666666666666667,0.9095238095238096,0.8761904761904762,0.8428571428571427,0.8428571428571427,0.8428571428571427,0.8428571428571427,0.8428571428571427,0.8428571428571427,0.9,1.025,1.025,1.025,1.1500000000000001,1.2166666666666666,1.3222222222222222,1.2650793650793652,1.2650793650793652,1.2055555555555557,1.1833333333333333,1.4333333333333336,1.4333333333333336,1.4333333333333336,1.4333333333333336,1.5333333333333334,1.5333333333333337,1.5333333333333337,1.5333333333333337,1.5000000000000004,1.5333333333333337,1.4364468864468865,1.28003663003663,1.28003663003663,1.1518620268620268,0.8170995670995671,0.8833333333333333,0.8833333333333333,0.7833333333333333,0.7833333333333333,0.7833333333333333,0.7694444444444445,0.7694444444444445,0.7694444444444445,0.7694444444444445,0.8194444444444443,0.8194444444444443,0.8194444444444443,0.8194444444444443,0.8968253968253967,0.8968253968253967,0.8928571428571428,0.878968253968254,0.6388888888888888,0.6388888888888888,0.6150793650793651,0.5761904761904761,0.5761904761904761,0.5761904761904761,0.5761904761904761,0.4928571428571429,0,0,0,0,0,0,0,0,0,0,0,0,0,0,0,0,0,0,0,0,0,0,0,0,0,0,0,0,0,0,0,0,0,0,0,0,0,0,0,0,0,0,0,0,0,0,0,0,0,0,0,0,0,0,0,0,0,0,0,0,0,0,0,0,0,0,0,0,0,0,0,0,0,0,0,0,0,0,0,0,0,0,0,0,0,0,0,0,0,0,0,0,0,0,0,0,0,0,0,0,0,0,0,0,0,0,0,0,0,0,0,0,0,0,0,0,0,0,0,0,0,0,0,0
0,0,0,0,0,0,0,0,0,0,0,0,0,0,0,0,0,0,0,0,0,0,0,0,0,0,0,0,0,0,0,0,0,0,0,0,0,0,0,0,0,0,0,0,0,0,0,0,0,0,0,0,0,0,0,0,0,0,0,0,0,0,0,0,0,0,0,0,0,0,0,0,0,0,0,0,0,0,0,0,0,0,0,0,0,0,0,0,0,0,0,0,0,0,0,0,0,0,0,0,0,0,0,0,0,0,0,0,0,0,0,0,0,0,0,0,0,1.9083333333333332,1.9083333333333332,1.9083333333333332,1.9083333333333332,1.825,1.9916666666666667,1.7,1.4000000000000001,1.2333333333333334,1.5666666666666667,1.5666666666666667,1.5666666666666667,1.5333333333333334,1.5333333333333334,1.5333333333333334,1.5333333333333334,1.5333333333333334,1.5333333333333334,1.5333333333333334,1.4,1.4499999999999997,1.4499999999999997,1.4499999999999997,1.4499999999999997,1.4499999999999997,1.4499999999999997,1.65,1.8499999999999999,1.6261904761904762,1.5583333333333333,1.7583333333333335,1.7583333333333333,1.7583333333333333,1.7583333333333333,1.7583333333333333,1.7583333333333333,1.7166666666666666,1.7166666666666666,1.5166666666666666,1.6416666666666666,1.6416666666666666,1.440079365079365,1.3984126984126986,1.3984126984126986,1.4234126984126985,1.2845238095238096,1.3023809523809524,1.3023809523809524,1.3023809523809524,1.3023809523809524,1.3023809523809524,1.3023809523809524,1.3023809523809524,1.0523809523809524,0.9873015873015872,1.0944444444444443,0.9753357753357754,0.9689255189255188,0.9689255189255188,0.7927350427350428,0.6527777777777778,0.7039682539682539,0.7039682539682539,0.5928571428571429,0.5928571428571429,0.5928571428571429,0.5928571428571429,0.5928571428571429,0.5928571428571429,0.5928571428571429,0,0,0,0,0,0,0,0,0,0,0,0,0,0,0,0,0,0,0,0,0,0,0,0,0,0,0,0,0,0,0,0,0,0,0,0,0,0,0,0,0,0,0,0,0,0,0,0,0,0,0,0,0,0,0,0,0,0,0,0,0,0,0,0,0,0,0,0,0,0,0,0,0,0,0,0,0,0,0,0,0,0,0,0,0,0,0,0,0,0,0,0,0,0,0,0,0,0,0,0,0,0,0,0,0,0,0,0,0,0,0,0,0,0,0,0,0,0,0,0,0,0,0,0,0,0,0,0,0,0,0,0,0,0,0,0,0,0,0,0
0,0,0,0,0,0,0,0,0,0,0,0,0,0,0,0,0,0,0,0,0,0,0,0,0,0,0,0,0,0,0,0,0,0,0,0,0,0,0,0,0,0,0,0,0,0,0,0,0,0,0,0,0,0,0,0,0,0,0,0,0,0,0,0,0,0,0,0,0,0,0,0,0,0,0,0,0,0,0,0,0,0,0,0,0,0,0,0,0,0,0,0,0,0.3666666666666667,0.3666666666666667,0.3666666666666667,0.3666666666666667,0.3666666666666667,0.16666666666666666,0.14285714285714285,0.14285714285714285,0.14285714285714285,0.30952380952380953,0.30952380952380953,0.30952380952380953,0.16666666666666666,0.30952380952380953,0.30952380952380953,0.30952380952380953,0.14285714285714285,0.16666666666666666,0.16666666666666666,0.16666666666666666,0.16666666666666666,0.16666666666666666,0.2,0.7928571428571429,0.6916666666666667,0.6916666666666667,0.6916666666666667,0.6916666666666667,0.6583333333333333,0.6583333333333333,0.3666666666666667,0.3333333333333333,0.3333333333333333,0.3333333333333333,0.3333333333333333,0.3333333333333333,0.3333333333333333,0.3333333333333333,0.3333333333333333,0.3333333333333333,0.30952380952380953,0.30952380952380953,0,0,0,0,0,0,0,0,0,0,0,0,0,0,0,0,0,0,0,0,0,0,0,0,0,0,0,0,0,0,0,0,0,0,0,0,0,0,0,0,0,0,0,0,0,0,0,0,0,0,0,0,0,0,0,0,0,0,0,0,0,0,0,0,0,0,0,0,0,0,0,0,0,0,0,0,0,0,0,0,0,0,0,0,0,0,0,0,0,0,0,0,0,0,0,0,0,0,0,0,0,0,0,0,0,0,0,0,0,0,0,0,0,0,0,0,0,0,0,0,0,0,0,0,0,0,0,0,0,0,0,0,0,0,0,0,0,0,0,0,0,0,0,0,0,0,0,0,0,0,0,0,0,0,0,0,0,0,0,0,0,0,0,0,0,0,0,0,0,0,0,0,0,0,0,0,0,0,0,0,0,0,0,0,0,0,0,0,0,0,0,0
0,0,0,0,0,0,0,0,0,0,0,0,0,0,0,0,0,0,0,0,0,0,0,0,0,0,0,0,0,0,0,0,0,0,0,0,0,0,0,0,0,0,0,0,0,0,0,0,0,0,0,0,0,0,1.7333333333333334,1.426190476190476,1.676190476190476,1.676190476190476,1.6523809523809523,1.5845238095238094,1.3706349206349207,1.3706349206349207,1.577777777777778,1.577777777777778,1.577777777777778,1.577777777777778,1.577777777777778,1.827777777777778,2.072222222222222,1.8817460317460317,2.15,2.35,2.35,2.35,2.35,2.35,2.519047619047619,2.519047619047619,2.519047619047619,2.9690476190476187,3.8166666666666673,3.8166666666666673,3.8166666666666673,3.3261904761904764,0,0,0,0,0,0,0,0,0,0,0,0,0,0,0,0,0,0,0,0,0,0,0,0,0,0,0,0,0,0,0,0,0,0,0,0,0,0,0,0,0,0,0,0,0,0,0,0,0,0,0,0,0,0,0,0,0,0,0,0,0,0,0,0,0,0,0,0,0,0,0,0,0,0,0,0,0,0,0,0,0,0,0,0,0,0,0,0,0,0,0,0,0,0,0,0,0,0,0,0,0,0,0,0,0,0,0,0,0,0,0,0,0,0,0,0,0,0,0,0,0,0,0,0,0,0,0,0,0,0,0,0,0,0,0,0,0,0,0,0,0,0,0,0,0,0,0,0,0,0,0,0,0,0,0,0,0,0,0,0,0,0,0,0,0,0,0,0,0,0,0,0,0,0,0,0,0,0,0,0,0,0,0,0,0,0,0,0,0,0,0,0,0,0,0,0,0,0,0,0,0,0,0,0,0,0,0,0,0,0,0,0,0,0,0,0,0,0,0,0,0,0,0,0,0,0,0,0,0,0,0,0,0,0,0,0,0,0,0,0,0,0,0
0,0,0,0,0,0,0,0,0,0,0,0,0,0,0,0,0,0,0,0,0,0,0,0,0,0,0,0,0,0,0,0,0,0,0,0,0,0,0,0,0,0,0,0,0,0,0,0,0,0,0,0,0,0,0,0,0,0,0,1.5607142857142855,1.4956349206349207,1.4956349206349207,1.702777777777778,1.702777777777778,1.702777777777778,1.702777777777778,1.702777777777778,1.952777777777778,2.0484126984126982,1.9412698412698413,2.2333333333333334,2.4333333333333336,2.4333333333333336,2.4333333333333336,2.183333333333333,2.183333333333333,2.3857142857142857,2.3857142857142857,2.3857142857142857,2.835714285714286,3.3166666666666673,3.3166666666666673,3.3166666666666673,2.992857142857143,3.7166666666666672,3.7666666666666675,3.5166666666666675,3.5166666666666675,3.5166666666666675,3.45,3.342857142857143,3.325,3.325,2.4416666666666664,2.3166666666666664,2.3166666666666664,2.3166666666666664,2.3166666666666664,2.1166666666666663,1.6833333333333331,1.6833333333333331,1.6833333333333331,1.8499999999999999,1.8499999999999999,1.8499999999999999,1.8499999999999999,1.6095238095238094,1.3,1.3,1.0999999999999999,1.1333333333333333,1.1333333333333333,1.3833333333333333,1.3833333333333333,1.1666666666666665,1.3166666666666667,1.4428571428571428,1.3416666666666668,1.3416666666666668,1.3416666666666668,1.3416666666666668,1.1416666666666666,1.0583333333333333,0,0,0,0,0,0,0,0,0,0,0,0,0,0,0,0,0,0,0,0,0,0,0,0,0,0,0,0,0,0,0,0,0,0,0,0,0,0,0,0,0,0,0,0,0,0,0,0,0,0,0,0,0,0,0,0,0,0,0,0,0,0,0,0,0,0,0,0,0,0,0,0,0,0,0,0,0,0,0,0,0,0,0,0,0,0,0,0,0,0,0,0,0,0,0,0,0,0,0,0,0,0,0,0,0,0,0,0,0,0,0,0,0,0,0,0,0,0,0,0,0,0,0,0,0,0,0,0,0,0,0,0,0,0,0,0,0,0,0,0,0,0,0,0,0,0,0,0,0,0,0,0,0,0,0,0,0,0,0,0,0,0,0,0,0,0,0,0,0,0,0,0,0,0,0,0,0,0,0,0,0,0,0,0,0,0,0,0,0,0,0,0,0,0,0,0,0,0,0,0,0,0,0,0
0,0,0,0,0,0,0,0,0,0,0,0,0,0,0,0,0,0,0,0,0,0,0,0,0,0,0,0,0,0,0,0,0,0,0,0,0,0,0,0,0,0,0,0,0,0,0,0,0,0,0,0,0,0,0,0,0,0,0,0,0,0,0,0,0,0,0,0,0,0,0,0,0,0,0,0,0,0,0,0,0,0,0,0,0,0,0,0,0,0,0,0,0,0,0,0,0,0,0,0,0,0,0,0,0,0,0,0,0,0,0,0,0,0,0,0,0,0,0,0,0,0,0,0,0,0,0,0,0,0,0,0,0,0,0,0,0,0,0,0,0,0,0,0,0,0,0,0,0,0,0,0,0,0,0,0,0,0,0,0,0,0,0,0,0,0,0,0,0,0,0,0,0,0,0,0,0,0,0,0,0,0,0,0,0,0.75,0.75,0.75,0.75,0.75,0.75,0.8690476190476191,0.8690476190476191,0.851190476190476,0.8373015873015872,0.6111111111111112,0.8111111111111111,0.7539682539682538,1.0761904761904761,1.0761904761904761,1.0761904761904761,1.0761904761904761,0.9928571428571428,1.0909090909090908,1.0909090909090908,1.0909090909090908,1.0909090909090908,1.0909090909090908,1.0909090909090908,0,0,0,0,0,0,0,0,0,0,0,0,0,0,0,0,0,0,0,0,0,0,0,0,0,0,0,0,0,0,0,0,0,0,0,0,0,0,0,0,0,0,0,0,0,0,0,0,0,0,0,0,0,0,0,0,0,0,0,0,0,0,0,0,0,0,0,0,0,0,0,0,0,0,0,0,0,0,0,0,0,0,0,0,0,0,0,0,0,0,0,0,0,0,0,0,0,0,0,0,0,0,0,0,0,0,0,0,0,0,0,0,0,0,0,0,0,0
0,0,0,0,0,0,0,0,0,0,0,0,0,0,1.5,1.5,1.5,3.0,4.0,4.0,4.0,4.0,4.0,4.0,3.0,3.0,2.0,1.0,1.0,1.0,1.0,1.0,1.0,1.0,1.0,1.0,1.4999999999999998,1.9999999999999998,2.333333333333333,2.25,2.25,2.25,2.25,2.25,2.25,1.6666666666666665,1.8666666666666667,1.6166666666666665,1.6166666666666665,2.25,2.25,1.8166666666666664,1.8166666666666664,1.5666666666666667,0.8999999999999999,0.6428571428571428,0.6428571428571428,0.6428571428571428,0.6190476190476191,0.6345238095238095,0.6027777777777779,0.6027777777777779,0.7027777777777778,0.7027777777777777,0.7027777777777777,0.7027777777777777,0.7027777777777777,0.9527777777777777,0.9817460317460318,0.9579365079365079,1.2333333333333332,1.4333333333333333,1.4333333333333331,1.4333333333333331,1.4333333333333331,1.4333333333333331,0.45,0.45,0.45,0.45,0.2,0.2,0.2,0.2,0.2,0.2,0.2,0.2,0.2,0.2,0.2,0.2,0.2,0.2,0.2,0.2,0.2,0.2,0.2,0.2,0.2,0.2,0.2,0.2,0.2,0.2,0.2,0.2,0.2,0,0,0,0,0,0,0,0,0,0,0,0,0,0,0,0,0,0,0,0,0,0,0,0,0,0,0,0,0,0,0,0,0,0,0,0,0,0,0,0,0,0,0,0,0,0,0,0,0,0,0,0,0,0,0,0,0,0,0,0,0,0,0,0,0,0,0,0,0,0,0,0,0,0,0,0,0,0,0,0,0,0,0,0,0,0,0,0,0,0,0,0,0,0,0,0,0,0,0,0,0,0,0,0,0,0,0,0,0,0,0,0,0,0,0,0,0,0,0,0,0,0,0,0,0,0,0,0,0,0,0,0,0,0,0,0,0,0,0,0,0,0,0,0,0,0,0,0,0,0,0,0,0,0,0,0,0,0,0,0,0,0,0,0,0,0,0,0,0,0,0,0,0,0,0,0,0,0,0,0,0,0,0,0,0,0,0,0,0,0,0,0,0,0,0,0,0,0,0,0,0,0,0,0,0,0,0,0,0,0,0,0,0,0,0,0,0,0
0,0,0,0,0,0,0,0,0,0,0,0,0,0,0,0,0,0,0,0,0,0,0,0,0,0,0,0,0,0,0,0,0,0,0,0,0,0,0,0,0,0,0,0,0,0,0,0,0,0,0,0,0,0,0,0,0,0,0,0,0,0,0,0,0,0,0,0,0,0,0,0,0,0,0,0,0,0,0,0,0,0,0,0,0,0,0,0,0,0,0,0,0,0,0,0,0,0,0,0,0,0,0.5928571428571429,0.5928571428571429,0.5928571428571429,1.0928571428571427,1.0333333333333332,1.0333333333333332,0.9833333333333334,0.7833333333333332,0.8666666666666667,1.0833333333333333,1.3333333333333333,1.3333333333333333,1.3333333333333333,1.95,0,0,0,0,0,0,0,0,0,0,0,0,0,0,0,0,0,0,0,0,0,0,0,0,0,0,0,0,0,0,0,0,0,0,0,0,0,0,0,0,0,0,0,0,0,0,0,0,0,0,0,0,0,0,0,0,0,0,0,0,0,0,0,0,0,0,0,0,0,0,0,0,0,0,0,0,0,0,0,0,0,0,0,0,0,0,0,0,0,0,0,0,0,0,0,0,0,0,0,0,0,0,0,0,0,0,0,0,0,0,0,0,0,0,0,0,0,0,0,0,0,0,0,0,0,0,0,0,0,0,0,0,0,0,0,0,0,0,0,0,0,0,0,0,0,0,0,0,0,0,0,0,0,0,0,0,0,0,0,0,0,0,0,0,0,0,0,0,0,0,0,0,0,0,0,0,0,0,0,0,0,0,0,0,0,0,0,0,0,0,0,0,0,0,0,0,0,0,0,0,0,0,0,0,0,0,0,0,0,0,0
0,0,0,0,0,0,0,0,0,0,0,0,0,0,0,0,0,0,0,0,0,0,0,0,0,0,0,0,0,0,0,0,0,0,0,0,0,0,0,0,0,0,0,0,0,1.6666666666666665,1.8666666666666667,1.6166666666666665,1.6166666666666665,2.25,2.25,1.8166666666666664,1.6166666666666665,1.3166666666666667,1.2,0.9261904761904761,1.176190476190476,1.176190476190476,1.176190476190476,0.8428571428571427,0.7916666666666666,0.7916666666666666,1.0027777777777778,1.0027777777777775,1.0027777777777775,1.0027777777777775,1.0027777777777775,1.0027777777777775,1.065079365079365,0.9579365079365079,1.2333333333333332,1.2333333333333332,1.2333333333333332,1.2333333333333332,0.9833333333333334,0.9833333333333334,1.1857142857142857,1.1857142857142857,1.1857142857142857,1.4357142857142857,1.7499999999999998,1.7499999999999998,1.7499999999999998,1.4595238095238097,1.5666666666666667,1.6166666666666665,1.3666666666666665,1.3666666666666665,1.3666666666666665,1.3333333333333333,1.5095238095238095,1.2916666666666665,1.2916666666666665,0.9583333333333333,0.8333333333333333,0.8333333333333333,0.8333333333333333,0.8333333333333333,0.8333333333333333,0.7,0.7,0.7,0.7,0.7,0.7,0.7,0.5666666666666667,0.4,0.4,0.4,0.4,0.4,0.4,0.4,0.3333333333333333,0.3666666666666667,0.34285714285714286,0.325,0.325,0.325,0.325,0.325,0.325,0.125,0.3333333333333333,0.3333333333333333,0.3333333333333333,0.3333333333333333,0.3333333333333333,0.25,0.25,0.25,0.25,0.25,0.25,0.25,0.25,0.25,0.25,0.25,0.25,0.25,0.25,0.25,0.25,0.2,0.2,0.2,0.2,0.2,0.2,0.2,0.2,0.16666666666666666,0.16666666666666666,0.16666666666666666,0,0,0,0,0,0,0,0,0,0,0,0,0,0,0,0,0,0,0,0,0,0,0,0,0,0,0,0,0,0,0,0,0,0,0,0,0,0,0,0,0,0,0,0,0,0,0,0,0,0,0,0,0,0,0,0,0,0,0,0,0,0,0,0,0,0,0,0,0,0,0,0,0,0,0,0,0,0,0,0,0,0,0,0,0,0,0,0,0,0,0,0,0,0,0,0,0,0,0,0,0,0,0,0,0,0,0,0,0,0,0,0,0,0,0,0,0,0,0,0,0,0,0,0,0,0,0,0,0,0,0,0,0,0,0,0,0,0,0,0,0,0,0,0,0,0,0,0,0,0,0,0,0,0,0,0,0,0,0,0,0,0,0,0,0,0,0,0,0,0,0
0,0,0,0,0,0,0,0,0,0,0,0,0,0,0,0,0,0,0,0,0,0,0,0,0,0,0,0,0,0,0,0,0,0,0,0,0,0,0,0,0,0,0,0,0,0,0,0,0,0,0,0,0,0,0,0,0,0,0,0,0,0,0,0,0,0,0,0,0,0,0,0,0,0,0,0,0,0,0,0,0,0,0,0,0,0,0,0,0,0,0,0,0,0,0,0,0,0,0,0,0,0,0,0,0,0,0,0,0,0,0,0,0,0,0,0,0,0,0,0,0,0,0,0,0,0,0,0,0,0,0,0,0,0.14285714285714285,0.14285714285714285,0.16666666666666666,0.16666666666666666,0.2,0.2,0.2,0.2,0.2,0.2,0.2,0.34285714285714286,0.30952380952380953,0.30952380952380953,0.5095238095238095,0.5095238095238095,0.5095238095238095,0.5095238095238095,0.5095238095238095,0,0,0,0,0,0,0,0,0,0,0,0,0,0,0,0,0,0,0,0,0,0,0,0,0,0,0,0,0,0,0,0,0,0,0,0,0,0,0,0,0,0,0,0,0,0,0,0,0,0,0,0,0,0,0,0,0,0,0,0,0,0,0,0,0,0,0,0,0,0,0,0,0,0,0,0,0,0,0,0,0,0,0,0,0,0,0,0,0,0,0,0,0,0,0,0,0,0,0,0,0,0,0,0,0,0,0,0,0,0,0,0,0,0,0,0,0,0,0,0,0,0,0,0,0,0,0,0,0,0,0,0,0,0,0,0,0,0,0,0,0,0,0,0,0,0,0,0,0,0,0,0,0,0,0,0,0,0,0,0,0,0,0,0,0,0,0,0,0,0,0,0,0,0,0
0,0,0,0,0,0,0,0,0,0,0,0,0,0,0,0,0,0,0,0,0,0,0,0,0,0,0,0,0,0,0,0,0,0,0,0,0,0,0,0,0,0,0,0,0,0,0,0,0,0,0,0,0,0,0,0,0,0,0,0,0,0,0,0,0,0,0,0,0,0,0,0,0,0,0,0,0,0,0,0,0,0,0,0,0,0,0,0,0,0,0,0,0,0,0,0,0,0,0,0,0,0,0,0,0,0,0,0,0,0,0,0,0,0,0,0,0,0,0,0,0,0,0,0,0,0,0,0,0,0,0,0,0,0,0,0,0,0,0,0,0,0,0,0,0,0,0.4916666666666667,0.4916666666666667,0.4916666666666667,0.4916666666666667,0.4916666666666667,0.4916666666666667,0.4916666666666667,0.41666666666666663,0.41666666666666663,0.41666666666666663,0.5416666666666666,0.5416666666666666,0.5138888888888888,0.5138888888888888,0.5138888888888888,0.5138888888888888,0.4916666666666666,0.5095238095238095,0.5095238095238095,0.5095238095238095,0.5095238095238095,0.6095238095238095,0.6095238095238095,0.6095238095238095,0.6095238095238095,0.5777777777777777,1.0277777777777777,0.8991452991452991,0.9038461538461537,0.9038461538461537,0.9117826617826617,0.8611111111111112,0.8968253968253967,0.8968253968253967,0.7857142857142857,0.6428571428571428,0.6428571428571428,0.628968253968254,0.628968253968254,0.628968253968254,0.628968253968254,0.6706349206349206,0.6706349206349206,0.6706349206349206,0.6706349206349206,0.5611111111111111,0.5611111111111111,0.375,0.375,0.3611111111111111,0.3611111111111111,0.3611111111111111,0.25,0.25,0.25,0.25,0.25,0,0,0,0,0,0,0,0,0,0,0,0,0,0,0,0,0,0,0,0,0,0,0,0,0,0,0,0,0,0,0,0,0,0,0,0,0,0,0,0,0,0,0,0,0,0,0,0,0,0,0,0,0,0,0,0,0,0,0,0,0,0,0,0,0,0,0,0,0,0,0,0,0,0,0,0,0,0,0,0,0,0,0,0,0,0,0,0,0,0,0,0,0,0,0,0,0,0,0,0,0,0,0,0,0,0,0,0,0,0,0,0,0,0,0,0,0,0,0,0,0,0,0,0
0,0,0,0,0,0,0,0,0,0,0,0,0,0,0,0,0,0,0,0,0,0,0,0,0,0,0,0,0,0,0,0,0,0,0,0,0,0,0,0,0,0,0,0,0,0,0,0,0,0,0,0,0,0,0,0.7595238095238095,0.7595238095238095,0.7595238095238095,0.7357142857142858,0.6011904761904762,0.5873015873015872,0.5873015873015872,0.711111111111111,0.711111111111111,0.711111111111111,0.711111111111111,0.711111111111111,0.711111111111111,0.7555555555555555,1.0055555555555555,1.0833333333333333,1.0833333333333333,1.0833333333333333,1.0833333333333333,0.8333333333333333,0.8333333333333333,0.8690476190476191,0.8690476190476191,0.8690476190476191,0.8690476190476191,1.1666666666666667,1.1666666666666667,1.1666666666666667,0.8928571428571428,1.2666666666666666,1.2666666666666666,1.2666666666666666,1.2666666666666666,1.2666666666666666,1.2,1.0095238095238095,0.9678571428571427,0.9678571428571427,0.9178571428571429,0.7749999999999999,0.7749999999999999,0.7749999999999999,0.7749999999999999,0.575,0.7333333333333334,0.7333333333333334,0.7333333333333334,0.8166666666666667,0.8166666666666667,0.8166666666666667,0.8166666666666667,0.7595238095238095,0.7595238095238095,0.7595238095238095,0.5595238095238095,0,0,0,0,0,0,0,0,0,0,0,0,0,0,0,0,0,0,0,0,0,0,0,0,0,0,0,0,0,0,0,0,0,0,0,0,0,0,0,0,0,0,0,0,0,0,0,0,0,0,0,0,0,0,0,0,0,0,0,0,0,0,0,0,0,0,0,0,0,0,0,0,0,0,0,0,0,0,0,0,0,0,0,0,0,0,0,0,0,0,0,0,0,0,0,0,0,0,0,0,0,0,0,0,0,0,0,0,0,0,0,0,0,0,0,0,0,0,0,0,0,0,0,0,0,0,0,0,0,0,0,0,0,0,0,0,0,0,0,0,0,0,0,0,0,0,0,0,0,0,0,0,0,0,0,0,0,0,0,0,0,0,0,0,0,0,0,0,0,0,0,0,0,0,0,0,0,0,0,0,0,0,0,0,0,0,0,0,0,0,0,0,0,0,0,0,0,0,0,0,0,0,0,0,0,0,0,0,0,0,0,0,0,0,0,0,0
0,0,0,0,0,0,0,0,0,0,0,0,0,0,0,0,0,0,0,0,0,0,0,0,0,0,0,0,0,0,0,0,0,0,0,0,0,0,0,0,0,0,0,0,0,0,0,0,0,0,0,0,0,0,0,0,0,0,0,0,0,0,0,0,0,0,0,0,0,0,0,0,0,0,0,0,0,0,0,0,0,0,0,2.4595238095238097,2.8666666666666667,2.6666666666666665,2.6666666666666665,2.6666666666666665,2.6666666666666665,2.833333333333333,3.1166666666666667,2.842857142857143,2.842857142857143,2.426190476190476,2.283333333333333,2.283333333333333,2.283333333333333,2.283333333333333,2.083333333333333,1.6261904761904762,1.6261904761904762,1.6261904761904762,1.6261904761904762,1.6261904761904762,1.6261904761904762,1.9833333333333332,1.7666666666666666,1.5999999999999999,1.5999999999999999,1.4333333333333331,1.4666666666666666,1.4666666666666666,1.7166666666666666,1.7166666666666666,1.4999999999999998,1.65,1.7428571428571429,1.5083333333333333,1.5083333333333333,1.5083333333333333,1.5083333333333333,1.2249999999999999,1.1416666666666666,1.0845238095238097,1.6500000000000001,1.6500000000000001,1.6500000000000001,1.6500000000000001,1.6500000000000001,1.35,1.35,1.35,1.1500000000000001,1.1500000000000001,1.1500000000000001,1.1500000000000001,1.1500000000000001,1.2,1.2,1.2,1.2,1.2,1.2,1.4000000000000001,1.542857142857143,1.6928571428571428,1.6928571428571428,1.6928571428571428,1.3595238095238096,1.3595238095238096,1.3595238095238096,1.3595238095238096,1.3833333333333335,1.5583333333333333,1.1916666666666667,1.1916666666666667,1.15,1.0666666666666667,0.9555555555555555,0.9222222222222222,1.0472222222222223,1.163888888888889,1.0583333333333331,1.0583333333333331,1.0583333333333331,1.0583333333333331,1.0583333333333331,1.1583333333333334,1.3583333333333334,1.3583333333333332,1.3583333333333332,1.3583333333333332,1.3373015873015874,1.255891330891331,1.2605921855921856,1.2605921855921856,1.2173382173382172,1.2682900432900432,0,0,0,0,0,0,0,0,0,0,0,0,0,0,0,0,0,0,0,0,0,0,0,0,0,0,0,0,0,0,0,0,0,0,0,0,0,0,0,0,0,0,0,0,0,0,0,0,0,0,0,0,0,0,0,0,0,0,0,0,0,0,0,0,0,0,0,0,0,0,0,0,0,0,0,0,0,0,0,0,0,0,0,0,0,0,0,0,0,0,0,0,0,0,0,0,0,0,0,0,0,0,0,0,0,0,0,0,0,0,0,0,0,0,0,0,0,0,0,0,0,0,0,0,0,0,0,0,0,0,0,0,0,0,0,0,0,0,0,0,0,0,0,0,0,0,0,0,0
0,0,0,0,0,0,0,0,0,0,0,0,0,0,0,0,0,0,0,0,0,0,0,0,0,0,0,0,0,0,0,0,0,0,0,0,0,0,0,0,0,0,0,0,0,0,0,0,0,0,0,0,0,0,0,0,0,0,0,0,0,0,0,0,0,0,0,0,0,0.39285714285714285,0.41666666666666663,0.6166666666666667,0.6166666666666667,0.6166666666666667,0.3666666666666667,0.3666666666666667,0.4,0.4,0.4,0.6000000000000001,0.65,0.65,0.65,0.65,1.2333333333333332,1.2333333333333332,1.2333333333333332,1.2333333333333332,1.2333333333333332,1.2,1.0333333333333332,1.0333333333333332,1.0333333333333332,0.9833333333333334,0.9833333333333334,0.9833333333333334,0.9833333333333334,0.9833333333333334,0.7833333333333332,0.65,0.65,0.65,0.65,0.65,0.65,0.65,0.5666666666666667,0.5666666666666667,0.5666666666666667,0.3666666666666667,0.4,0.4,0.4,0.4,0.3333333333333333,0.3666666666666667,0.4,0.4,0.4,0.4,0.4,0.2,0.2,0.2,0.2,0.2,0.2,0.2,0.2,0.2,0.2,0.2,0,0,0,0,0.2,0.2,0.2,0.2,0.2,0.2,0.2,0.2,0.2,0.41666666666666663,0.41666666666666663,0.41666666666666663,0.41666666666666663,0.41666666666666663,0.41666666666666663,0.41666666666666663,0.41666666666666663,0,0,0,0,0,0,0,0,0,0,0,0,0,0,0,0,0,0,0,0,0,0,0,0,0,0,0,0,0,0,0,0,0,0,0,0,0,0,0,0,0,0,0,0,0,0,0,0,0,0,0,0,0,0,0,0,0,0,0,0,0,0,0,0,0,0,0,0,0,0,0,0,0,0,0,0,0,0,0,0,0,0,0,0,0,0,0,0,0,0,0,0,0,0,0,0,0,0,0,0,0,0,0,0,0,0,0,0,0,0,0,0,0,0,0,0,0,0,0,0,0,0,0,0,0,0,0,0,0,0,0,0,0,0,0,0,0,0,0,0,0,0,0,0,0,0,0,0,0,0,0,0,0,0,0,0,0,0,0,0,0,0,0,0,0,0,0,0,0,0,0,0,0,0
0,0,0,0,0,0,0,0,0,0,0,0,0,0,0,0,0,0,0,0,0,0,0,0,0,0,0,0,0,0,0,0,0,0,0,0,0,0,0,0,0,0,0,0,0,0,0,0,0,0,0,0,0,0,0,0,0,0,0,0,0,0,0,0,0,0,0,0,0,0,0,0,0,0,0,0,0,0,0,0,0,0,0,0,0,0,0,0,0,0,0,0,0,0,0,0,0,0,0,0,0,0,0,0,0,0,0,0,0,0,0,0,0,0,0,0,0,0,0,0,0,0,0,0,0,0,0,0,0,0,0,0,0,0,0,0,0,0,0,0,0,0,0,0,0,0,0,0,0,0,0,0,0,0,0,0,0,0,0,0,0,0,0,0,0,0,0,0,0,0,0,0,0,0,0.9427350427350427,0.9427350427350427,1.2423382173382171,0.9742424242424241,1.0123015873015873,1.0123015873015873,0.9123015873015872,0.7694444444444444,0.7694444444444444,0.8527777777777779,0.8027777777777778,0.9277777777777778,0.9277777777777778,0.9277777777777778,0.9277777777777778,0.9277777777777778,0.7277777777777779,0.8968253968253967,0.8968253968253967,0.8928571428571428,0.8289682539682539,0.5888888888888888,0.5888888888888888,0.5650793650793651,0.44285714285714284,0.44285714285714284,0.44285714285714284,0.44285714285714284,0.44285714285714284,0.2909090909090909,0.2909090909090909,0.2909090909090909,0.2909090909090909,0.2909090909090909,0.2909090909090909,0.30000000000000004,0.30000000000000004,0.30000000000000004,0.30000000000000004,0.1,0.1,0.1,0.1,0.1,0.1,0.3611111111111111,0.3611111111111111,0.3611111111111111,0.325,0.325,0.7833333333333333,0.7833333333333333,0.7833333333333333,0.7833333333333333,0.7833333333333333,0.7833333333333333,0.5833333333333333,0.5833333333333333,0.5833333333333333,0.5833333333333333,0.5,0.5,0.5,0.5,0.5,0.5,0,0,0,0,0,0,0,0,0,0,0,0,0,0,0,0,0,0,0,0,0,0,0,0,0,0,0,0,0,0,0,0,0,0,0,0,0,0,0,0,0,0,0,0,0,0,0,0,0,0,0,0,0,0,0,0,0,0,0,0,0,0,0,0,0,0,0,0,0,0,0,0,0,0,0,0,0,0,0,0,0,0,0,0,0,0,0
0,0,0,0,0,0,0,0,0,0,0,0,0,0,0,0,0,0,0,0,0,0,0,0,0,0,0,0,0,0,0,0,0,0,0,0,0,0,0,0,0,0,0,0,0,0,0,0,0,0,0,0,0,0,0,0,0,0,0,0,0,0,0,0,0,0,0,0,0,0,0,0,0,0,0,0,0,0,0,0,0,0,0,0,0,0,0,0,0,0,0.6678571428571429,0.46785714285714286,0.46785714285714286,0.43452380952380953,0.16666666666666666,0.16666666666666666,0.16666666666666666,0.16666666666666666,0.16666666666666666,0.14285714285714285,0.14285714285714285,0,0,0,0,0,0,0,0,0,0,0,0,0,0,0,0,0,0,0,0,0,0,0,0,0,0,0,0,0,0,0,0,0,0,0,0,0,0,0,0,0,0,0,0,0,0,0,0,0,0,0,0,0,0,0,0,0,0,0,0,0,0,0,0,0,0,0,0,0,0,0,0,0,0,0,0,0,0,0,0,0,0,0,0,0,0,0,0,0,0,0,0,0,0,0,0,0,0,0,0,0,0,0,0,0,0,0,0,0,0,0,0,0,0,0,0,0,0,0,0,0,0,0,0,0,0,0,0,0,0,0,0,0,0,0,0,0,0,0,0,0,0,0,0,0,0,0,0,0,0,0,0,0,0,0,0,0,0,0,0,0,0,0,0,0,0,0,0,0,0,0,0,0,0,0,0,0,0,0,0,0,0,0,0,0,0,0,0,0,0,0,0,0,0,0,0,0,0,0,0,0,0,0,0,0,0,0,0,0,0,0,0,0,0,0,0,0,0,0,0,0,0,0,0,0,0
0,0,0,0,0,0,0,0,0,0,0,0,0,0,0,0,0,0,0,0,0,0,0,0,0,0,0,0,0,0,0,0,0,0,0,0,0,0,0,0,0,0,0,0,0,0,0,0,0,0,0,0,0,0,0,0,0,0,0,0,0,0,0,0,0,0,0,0,0,0,0,0,0,0,0,0,0,0,0,0,0,0,0,0,0,0,0,0,0,0,0,0,0,0,0,0,0,0,0,0,0,0,0,0,0,0,0,0,0,0,0,0,0,0,0,0,0,0,0,0,0,0,0,0,0,0,0,0,0,0,0,0,0,0,0,0,0,0,0,0,0,0,0,0,0,0,0,0,0,0,0,0,0,0,0,0,0,0,0,0,0,0,0,0,0,0,0,0,0,0,0,0,0,0,0,0,0,0,0,0,0,0,0,0,0,0,0,0,0,0,0,0,0,0,0,0,0,0,0,0,0,0,0,0,0,0,0,0,0,0,0,0,0,0,0,0,0,0,0,0,0,0,0,0,0,0,0,0,0,0.7,0.5,0.5,0.5,0.25,0.25,0.25,0.25,0.25,0.25,0.25,0.25,0.25,0.45,0.25,0.25,0.25,0.25,0.25,0.25,0.25,0.25,0.25,0.3333333333333333,0.3333333333333333,0.3333333333333333,0.3333333333333333,0.3333333333333333,0.3333333333333333,0.3333333333333333,0.3333333333333333,0.3333333333333333,0.3333333333333333,0.3333333333333333,0,0,0,0,0,0,0,0,0,0,0,0,0,0,0,0,0,0,0,0,0,0,0,0,0,0,0,0,0,0,0,0,0,0,0,0,0,0,0,0,0,0,0,0,0,0,0,0,0,0,0,0,0,0,0,0,0,0,0,0,0,0,0,0
0,0,0,0,0,0,0,0,0,0,0,0,0,0,0,0,0,0,0,0,0,0,0,0,0,0,0,0,0,0,0,0,0,0,0,0,0,0,0,0,0,0,0,0,0,0,0,0,0,0,0,0,0,0,0,0,0,0,0,0,0,0,0,0,0,0,0,0,0,0,0,0,0,0,0,0,0,0,0,0,0,0,0,0,0,0,0,0,0,0,0,0,0,0,0,0,0,0,0,0,0,0,0,0,0,0,0,0,0,0,0,0,0,0,0,0,0,0,0,0,0,0,0,0,0,0,0,0,0,0,0,0,0,0,0,0,0,0,0,0,0,0,0,0,0,0,0,0,0,0,0,0,0,0,0,0,0,0,0,0,0,0,0,0,0,0,0,0,0,0,0,0,0,0,0,0,0,0,0,0,0,0,0,0,0,0,0,0,0,0,0,0,0,0,0,0,0,0,0,0,0,0,0,0,0,0,0,0,0,0,0,0,0,0,0,0,0,0,0,0,0,0,0,0,0,0,0,0,0,0,0,0,0,0,1.25,1.25,1.25,1.25,1.25,1.25,1.25,1.25,1.45,1.45,1.45,1.5333333333333332,1.5333333333333332,1.5333333333333332,1.5333333333333332,1.5333333333333332,1.5333333333333332,1.5333333333333332,1.5833333333333333,1.5833333333333333,1.5833333333333333,1.5833333333333333,1.5833333333333333,1.5833333333333333,1.5833333333333333,1.5833333333333333,0.5833333333333333,0.5833333333333333,0.5833333333333333,0.5833333333333333,0.5833333333333333,0.5833333333333333,0.6666666666666666,0.6666666666666666,0.3333333333333333,0,0,0,0,0,0,0,0,0,0,0,0,0,0,0,0,0,0,0,0,0,0,0,0,0,0,0,0,0,0,0,0,0,0,0,0,0,0,0,0,0,0,0,0,0,0,0,0,0,0,0,0,0,0,0,0,0,0
0,0,0,0,0,0,0,0,0,0,0,0,0,0,0,0,0,0,0,0,0,0,0,0,0,0,0,0,0,0,0,0,0,0,0,0,0,0,0,0,0,0,0,0,0,0,0,0,0,0,0,0,0,0,0,0,0,0,0,0,0,0,0,0,0,0,0,0,0,0,0,0,0,0,0,0,0,0,0,0,0,0,0,0,0,0,0,0,0,0,0,0,0,0,0,0,0,0,0,0,0,0,0,0,0,0,0,0,0,0,0,0,0,0,0,0,0,0,0,0,0,0,0,0,0,0,0,0,0,0,0,0,0,0,0,0,0,0,0,0,0,0,0,0,0,0,0,0,0,0,0,0,0,0,0,0,0,0,1.9484126984126984,1.6734126984126987,1.7984126984126987,2.056746031746032,1.9845238095238096,2.067857142857143,2.067857142857143,2.067857142857143,1.8678571428571429,1.967857142857143,2.167857142857143,2.167857142857143,1.917857142857143,1.917857142857143,1.8789682539682542,1.8253357753357753,1.78003663003663,1.78003663003663,1.8796398046398044,1.8794011544011542,2.2246031746031747,2.2246031746031747,2.0134920634920634,1.8706349206349207,1.5373015873015874,1.5706349206349206,1.5706349206349206,1.5706349206349206,1.5706349206349206,1.6623015873015874,1.6623015873015874,1.6623015873015874,1.4623015873015874,1.3539682539682538,1.3539682539682538,1.3333333333333333,1.2694444444444444,1.1222222222222222,1.3222222222222222,1.288888888888889,1.2,1.2,1.2,1.2,1.1166666666666667,1.1075757575757574,1.1075757575757574,1.1075757575757574,1.1075757575757574,1.1075757575757574,1.1075757575757574,1.15,1.15,1.2333333333333332,1.2333333333333332,1.0333333333333332,1.0333333333333332,1.0333333333333332,1.0333333333333332,1.0333333333333332,1.0333333333333332,0.8444444444444443,0.6444444444444444,0.6444444444444444,0.625,0.625,0.625,0.625,0.625,0.625,0.625,1.0833333333333333,0.75,0.75,0.75,0.5,0.5,0.5,0.5,0.5,0.5,0.5,0.5833333333333333,0.5833333333333333,0.5833333333333333,0,0,0,0,0,0,0,0,0,0,0,0,0,0,0,0,0,0,0,0,0,0,0,0,0,0,0,0,0,0,0,0,0,0,0,0,0,0,0,0,0,0,0,0,0,0,0,0,0,0,0,0,0,0,0,0,0,0,0,0,0,0,0,0,0,0,0,0,0,0,0,0,0,0,0,0,0,0,0,0,0,0,0,0
0,0,0,0,0,0,0,0,0,0,0,0,0,0,0,0,0,0,0,0,0,0,0,0,0,0,0,0,0,0,0,0,0,0,0,0,0,0,0,0,0,0,0,0,0,0,0,0,0,0,0,0,0,0,0,0,0,0,0,1.2123015873015872,1.2123015873015872,1.2123015873015872,1.225,1.225,1.225,1.225,1.225,1.225,0,0,0,0,0,0,0,0,0,0,0,0,0,0,0,0,0,0,0,0,0,0,0,0,0,0,0,0,0,0,0,0,0,0,0,0,0,0,0,0,0,0,0,0,0,0,0,0,0,0,0,0,0,0,0,0,0,0,0,0,0,0,0,0,0,0,0,0,0,0,0,0,0,0,0,0,0,0,0,0,0,0,0,0,0,0,0,0,0,0,0,0,0,0,0,0,0,0,0,0,0,0,0,0,0,0,0,0,0,0,0,0,0,0,0,0,0,0,0,0,0,0,0,0,0,0,0,0,0,0,0,0,0,0,0,0,0,0,0,0,0,0,0,0,0,0,0,0,0,0,0,0,0,0,0,0,0,0,0,0,0,0,0,0,0,0,0,0,0,0,0,0,0,0,0,0,0,0,0,0,0,0,0,0,0,0,0,0,0,0,0,0,0,0,0,0,0,0,0,0,0,0,0,0,0,0,0,0,0,0,0,0,0,0,0,0,0,0,0,0,0,0,0,0,0,0,0,0,0,0,0,0,0,0,0,0,0,0,0,0,0,0,0,0,0,0,0,0,0,0,0,0,0,0,0,0,0,0,0
0,0,0,0,0,0,0,0,0,0,0,0,0,0,0,0,0,0,0,0,0,0,0,0,0,0,0,0,0,0,0,0,0,0,0,0,0,0,0,0,0,0,0,0,0,0,0,0,0,0,0,0,0,0,0,0,0,0,0,0,0,0,0,0,0,0,0,0,0,0,0,0,0,0,0,0,0,0,0,0,0,0,0,0,0,0,0,0,0,0,0,0,0,0,0,0,0,0,0,0,0,0,0,0,0,0,0,0,0,0,0,0,0,0,0,0,0,0,0,0,0,0,0,0,0,0,0,0,0,0,0,0,0,0,0,0,0,0,0,0,0,0,0,0,0,0,0,0,0,0,0,0,0,0,0,0,0,1.0666666666666667,0.9333333333333333,0.9095238095238094,1.0345238095238094,1.1916666666666667,1.1916666666666667,1.1916666666666667,1.1916666666666667,1.1916666666666667,0.9916666666666667,1.0916666666666666,1.0916666666666668,1.0916666666666668,1.0916666666666668,1.0916666666666668,1.3956349206349206,1.5003357753357753,1.45503663003663,1.7883699633699632,1.5617826617826616,1.8115440115440113,1.9746031746031745,1.9746031746031745,1.7634920634920634,1.6206349206349207,1.6206349206349207,0.4583333333333333,0.4583333333333333,0.4583333333333333,0.4583333333333333,0.47619047619047616,0.47619047619047616,0.47619047619047616,0.47619047619047616,0.45,0.45,0.3333333333333333,0.3333333333333333,0.25,0.25,0.25,0.2,0.2,0.2,0.2,0.2,0.2,0.2,0.2,0.2,0.2,0.2,0.2,0.2,0.2,0.2,0.2,0.2,0.2,0.2,0.2,0.2,0.2,0,0,0,0,0,0,0,0,0,0,0,0,0,0,0,0,0,0,0,0,0,0,0,0,0,0,0,0,0,0,0,0,0,0,0,0,0,0,0,0,0,0,0,0,0,0,0,0,0,0,0,0,0,0,0,0,0,0,0,0,0,0,0,0,0,0,0,0,0,0,0,0,0,0,0,0,0,0,0,0,0,0,0,0,0,0,0,0,0,0,0,0,0,0,0,0,0,0,0,0,0,0,0,0,0,0,0
0,0,0,0,0,0,0,0,0,0,0,0,0,0,0,0,0,0,0,0,0,0,0,0,0,0,0,0,0,0,0,0,0,0,0,0,0,0,0,0,0,0,0,0,0,0,0,0,0,0,0,0,0,0,0,0,0,0,0.30952380952380953,0.26785714285714285,0.2361111111111111,0.2361111111111111,0.33611111111111114,0.33611111111111114,0.33611111111111114,0.33611111111111114,0.33611111111111114,0.33611111111111114,0.36507936507936506,0.36507936507936506,0.41666666666666663,0.6166666666666667,0.6166666666666667,0.6166666666666667,0.6166666666666667,0.6166666666666667,0.6857142857142857,0.6857142857142857,0.6857142857142857,0.6857142857142857,1.2333333333333332,1.2333333333333332,1.2333333333333332,1.1095238095238096,1.9666666666666666,2.0166666666666666,1.7666666666666666,1.7666666666666666,1.7666666666666666,1.7,1.7095238095238094,1.4178571428571427,1.4178571428571427,0.8845238095238095,0.6345238095238095,0.6345238095238095,0.6345238095238095,0.6345238095238095,0.6345238095238095,1.176190476190476,1.176190476190476,0.976190476190476,0.8928571428571428,0.8928571428571428,0.8928571428571428,0.75,0.5833333333333333,0.5833333333333333,0.7833333333333333,0.7833333333333332,0.8666666666666667,0,0,0,0,0,0,0,0,0,0,0,0,0,0,0,0,0,0,0,0,0,0,0,0,0,0,0,0,0,0,0,0,0,0,0,0,0,0,0,0,0,0,0,0,0,0,0,0,0,0,0,0,0,0,0,0,0,0,0,0,0,0,0,0,0,0,0,0,0,0,0,0,0,0,0,0,0,0,0,0,0,0,0,0,0,0,0,0,0,0,0,0,0,0,0,0,0,0,0,0,0,0,0,0,0,0,0,0,0,0,0,0,0,0,0,0,0,0,0,0,0,0,0,0,0,0,0,0,0,0,0,0,0,0,0,0,0,0,0,0,0,0,0,0,0,0,0,0,0,0,0,0,0,0,0,0,0,0,0,0,0,0,0,0,0,0,0,0,0,0,0,0,0,0,0,0,0,0,0,0,0,0,0,0,0,0,0,0,0,0,0,0,0,0,0,0,0,0,0,0,0,0,0,0,0,0,0,0,0,0,0,0,0,0,0,0
0,0,0,0,0,0,0,0,0,0,0,0,0,0,0,0,0,0,0,0,0,0,0,0,0,0,2.0,1.0,1.0,1.0,1.0,1.0,1.0,1.0,1.0,0.3333333333333333,0.3333333333333333,0.3333333333333333,0.6666666666666666,0.5833333333333333,0.5833333333333333,0.5833333333333333,0.5833333333333333,0.5833333333333333,0.5833333333333333,0.5,0.7,0.45,0.45,0.75,0.75,0.65,0.45,0.41666666666666663,0.16666666666666666,0.16666666666666666,0.16666666666666666,0.16666666666666666,0.16666666666666666,0.14285714285714285,0.125,0.125,0.33611111111111114,0.33611111111111114,0.33611111111111114,0.33611111111111114,0.33611111111111114,0.33611111111111114,0.36507936507936506,0.36507936507936506,0.41666666666666663,0.41666666666666663,0.41666666666666663,0.41666666666666663,0.41666666666666663,0.41666666666666663,0.4857142857142857,0.4857142857142857,0.4857142857142857,0.6857142857142857,1.0333333333333332,1.0333333333333332,1.0333333333333332,0.9095238095238096,0.5666666666666667,0.6166666666666667,0.3666666666666667,0.3666666666666667,0.3666666666666667,0.3333333333333333,0.30952380952380953,0.26785714285714285,0.26785714285714285,0.26785714285714285,0,0,0,0,0,0,0,0,0,0,0,0,0,0,0,0,0,0,0,0,0,0,0,0,0,0,0,0,0,0,0,0,0,0,0,0,0,0,0,0,0,0,0,0,0,0,0,0,0,0,0,0,0,0,0,0,0,0,0,0,0,0,0,0,0,0,0,0,0,0,0,0,0,0,0,0,0,0,0,0,0,0,0,0,0,0,0,0,0,0,0,0,0,0,0,0,0,0,0,0,0,0,0,0,0,0,0,0,0,0,0,0,0,0,0,0,0,0,0,0,0,0,0,0,0,0,0,0,0,0,0,0,0,0,0,0,0,0,0,0,0,0,0,0,0,0,0,0,0,0,0,0,0,0,0,0,0,0,0,0,0,0,0,0,0,0,0,0,0,0,0,0,0,0,0,0,0,0,0,0,0,0,0,0,0,0,0,0,0,0,0,0,0,0,0,0,0,0,0,0,0,0,0,0,0,0,0,0,0,0,0,0,0,0,0,0,0,0,0,0,0,0,0,0,0,0,0,0,0,0,0,0,0
0,0,0,0,0,0,0,0,0,0,0,0,0,0,0,0,0,0,0,0,0,0,0,0,0,0,0,0,0,0,0,0,0,0,0,0,0,0,0,0,0,0,0,0,0,0,0,0,0,0,0,0,0,0,0,0,0,0,0,0,0,0,0,0,0,0,0,0,0,0,0,0,0,0,0,0,0,0,0,0,0,0,0,0,0,0,0,0,0,0,0,0,0,0,0,0,0,0,0,0,0,0,0,0,0,0,0,0,0,0,0,0,0,0,0,0,0,0,0,0,0,0,0,0,2.15,2.15,2.15,2.15,2.15,1.8166666666666667,1.8166666666666667,1.8166666666666667,1.8166666666666667,1.8166666666666667,1.8166666666666667,1.8499999999999999,2.05,2.1,2.1,2.1,2.1,2.1,2.1,2.1,2.242857142857143,2.2523809523809524,2.151190476190476,2.151190476190476,1.817857142857143,1.817857142857143,1.817857142857143,1.817857142857143,1.841666666666667,2.0166666666666666,1.6833333333333333,1.4833333333333332,1.4416666666666667,1.375,1.2234126984126985,1.2055555555555557,1.3305555555555557,1.4317460317460318,1.3261904761904764,1.3440476190476192,1.3440476190476192,1.3440476190476192,1.144047619047619,1.144047619047619,1.3440476190476192,1.344047619047619,1.344047619047619,1.312301587301587,0,0,0,0,0,0,0,0,0,0,0,0,0,0,0,0,0,0,0,0,0,0,0,0,0,0,0,0,0,0,0,0,0,0,0,0,0,0,0,0,0,0,0,0,0,0,0,0,0,0,0,0,0,0,0,0,0,0,0,0,0,0,0,0,0,0,0,0,0,0,0,0,0,0,0,0,0,0,0,0,0,0,0,0,0,0,0,0,0,0,0,0,0,0,0,0,0,0,0,0,0,0,0,0,0,0,0,0,0,0,0,0,0,0,0,0,0,0,0,0,0,0,0,0,0,0,0,0,0,0,0,0,0,0,0,0,0,0,0,0,0,0,0,0,0,0,0,0,0,0,0,0,0,0,0
0,0,0,0,0,0,0,0,0,0,0,0,0,0,0,0,0,0,0,0,0,0,0,0,0,0,0,0,0,0,0,0,0,0,0,0,0,0,0,0,0,0,0,0,0,0,0,0,0,0,0,0,0,0,0,0,0,0,0,0,0,0,0,0,0,0,0,0,0,0,0,0,0,0,0,0,0,0,0,0,0,0,0,0,0,0,0,0,0,0,0,0,0,0,0,0,0,0,0,0,0,0,0,0,0,0,0,0,0,0,0,0,0,0,0,0,0,0,0,0,0,0,0,0,0,0,0,0,0,1.1166666666666667,1.1166666666666667,1.1166666666666667,1.1166666666666667,1.1166666666666667,1.1166666666666667,1.15,1.3499999999999999,1.3499999999999999,1.3499999999999999,1.3499999999999999,1.3499999999999999,1.3499999999999999,1.3499999999999999,1.3499999999999999,1.5499999999999998,1.4095238095238096,1.3583333333333336,1.3583333333333336,1.025,1.025,1.025,1.025,1.025,0.95,0.95,0.95,0.9083333333333333,0.9583333333333333,0.8567460317460318,0.838888888888889,0.963888888888889,0.9817460317460318,0.9595238095238094,0.9773809523809522,0.9773809523809522,0.9773809523809522,0.7773809523809524,0.7773809523809524,0.7773809523809524,0.7773809523809524,0.7773809523809524,0.7456349206349207,0.7928571428571429,0.7058913308913308,0.5328144078144078,0.866147741147741,0.7411477411477412,0.7782106782106781,0.8222222222222222,0.8222222222222222,0.6111111111111112,0.6111111111111112,0.6111111111111112,0.625,0.625,0.625,0.625,0.625,0.625,0.625,0.625,0.3333333333333333,0.3333333333333333,0.3333333333333333,0.3333333333333333,0.3333333333333333,0.3333333333333333,0,0,0,0,0,0,0,0,0,0,0,0,0,0,0,0,0,0,0,0,0,0,0,0,0,0,0,0,0,0,0,0,0,0,0,0,0,0,0,0,0,0,0,0,0,0,0,0,0,0,0,0,0,0,0,0,0,0,0,0,0,0,0,0,0,0,0,0,0,0,0,0,0,0,0,0,0,0,0,0,0,0,0,0,0,0,0,0,0,0,0,0,0,0,0,0,0,0,0,0,0,0,0,0,0,0,0,0,0,0,0,0,0,0,0,0,0,0,0,0,0,0,0,0,0,0,0,0,0,0
0,0,0,0,0,0,0,0,0,0,0,0,0,0,0,0,0,0,0,0,0,0,0,0,0,0,0,0,0,0,0,0,0,0,0,0,0,0,0,0,0,0,0,0,0,0,0,0,0,0,0,0,0,0,0,0,0,0,0,0,0,0,0,0,0,0,0,0,0,0,0,0,0,0,0,0,0,0,0,0,0,0,0,0,0,0,0,0,0,0,0,0,0,0,0,0,0,0,0,0,0,0,0,0,0,0,0,0,0,0,0,0,0,0,0,0,0,0,0,0,0,0,0,0,0,0,0,0,0,0,0,0,0,0,0,0,0,0,0,0,0,0,0,0,0,1.292857142857143,1.225,1.225,1.225,1.225,1.225,1.225,1.4583333333333335,1.3833333333333333,1.3833333333333333,1.1833333333333333,1.1416666666666666,1.1083333333333334,1.2567460317460317,1.2055555555555557,1.3305555555555557,1.381746031746032,1.5761904761904764,1.6440476190476192,1.6440476190476192,1.6440476190476192,1.6440476190476192,1.6440476190476192,1.8440476190476192,1.8440476190476192,1.5940476190476192,1.5289682539682539,1.453968253968254,1.5015262515262513,1.445115995115995,1.445115995115995,1.2213064713064712,1.1294011544011542,1.215079365079365,1.215079365079365,1.0039682539682537,1.0039682539682537,1.0039682539682537,1.0178571428571428,1.0178571428571428,0.8928571428571428,0.8928571428571428,0.9345238095238094,0.9345238095238094,0.9345238095238094,0.9345238095238094,0,0,0,0,0,0,0,0,0,0,0,0,0,0,0,0,0,0,0,0,0,0,0,0,0,0,0,0,0,0,0,0,0,0,0,0,0,0,0,0,0,0,0,0,0,0,0,0,0,0,0,0,0,0,0,0,0,0,0,0,0,0,0,0,0,0,0,0,0,0,0,0,0,0,0,0,0,0,0,0,0,0,0,0,0,0,0,0,0,0,0,0,0,0,0,0,0,0,0,0,0,0,0,0,0,0,0,0,0,0,0,0,0,0,0,0,0,0,0,0,0,0,0,0,0,0,0,0,0,0,0,0,0,0,0,0
0,0,0,0,0,0,0,0,0,0,0,0,0,0,0,0,0,0,0,0,0,0,0,0,0,0,0,0,0,0,0,0,0,0,0,0,0,0,0,0,0,0,0,0,0,0,0,0,0,0,0,0,0,0,0,0,0,0,0,0,0,0,0,0,0,0,0,0,0,0,0,0,0,0,0,0,0,0,0,0,0,0,0,0,0,0,0,0,0,0,0,0,0,0,0,0,0,0,0,0,0,0,0,0,0,0,0,0,0,0,0,0,0,0,0,0,0,0,0,0,0,0,0,0,0,0,0,0,0,0,0,0,0,0,0,0,0,0,0,0,0,0,0,0,0,0,0,0,0,0,0,0,0,0,0,0,0,0,0,0,0,0,0,0,0,0,0,0,0,0,0,0,0,0,0,0,0,0,0,0,0,0,0,0,0,0,0,0,0,0,0,0,0,0,0,0,0,1.1428571428571428,1.1428571428571428,1.1428571428571428,1.1428571428571428,1.1428571428571428,1.2428571428571429,1.1742424242424243,1.1742424242424243,1.1742424242424243,1.1742424242424243,1.1742424242424243,1.1742424242424243,1.7166666666666666,1.7166666666666666,1.7999999999999998,1.7999999999999998,1.7999999999999998,1.7999999999999998,1.7999999999999998,1.7999999999999998,1.7999999999999998,1.7999999999999998,1.8944444444444444,1.8944444444444444,1.8944444444444444,2.158333333333333,2.158333333333333,2.033333333333333,2.033333333333333,2.033333333333333,2.033333333333333,2.033333333333333,1.95,1.75,1.75,1.75,1.75,1.75,1.75,1.75,1.75,1.75,1.75,2.083333333333333,2.083333333333333,2.083333333333333,1.7,1.7,1.7833333333333332,1.7833333333333332,1.7833333333333332,1.7833333333333332,0.7833333333333333,0.7833333333333333,0.7833333333333333,0.9166666666666666,0.9166666666666666,0.9166666666666666,0.9166666666666666,0.9166666666666666,0.9166666666666666,0.9166666666666666,0.9166666666666666,0.9166666666666666,0.9166666666666666,0.9166666666666666,0.5833333333333333,0.5833333333333333,0.5833333333333333,0.3333333333333333,0.3333333333333333,0.3333333333333333,0,0,0,0,0,0,0,0,0,0,0,0,0,0,0,0,0,0,0,0,0,0,0,0,0,0,0,0,0,0,0,0,0,0,0,0,0,0,0,0,0,0,0,0,0,0,0,0,0,0,0,0,0,0,0,0,0,0
