id,Label,Slope,Aspect,Elevation,Horizontal_Distance_To_Hydrology,Horizontal_Distance_To_Roadways,Hillshade_9am,Hillshade_Noon
1,fctype1,9,120,2944,108,1236,236,232
2,fctype2,4,122,2942,85,1266,228,236
3,fctype3,2,119,2940,67,1296,223,237
4,fctype4,1,121,2940,42,1325,221,237
5,fctype5,1,121,2939,30,1355,221,237
6,fctype6,11,31,2933,42,1535,217,216
7,fctype7,10,321,2931,60,1595,193,230
8,fctype8,7,299,2936,42,1624,200,237
9,fctype9,4,305,2938,30,1654,209,237
10,fctype10,3,321,2939,42,1684,211,236
11,fctype11,4,69,2940,95,1744,224,231
12,fctype12,6,79,2937,124,1774,228,229
13,fctype13,6,70,2933,150,1804,227,228
14,fctype14,6,38,2930,170,1834,220,227
15,fctype15,8,357,2929,192,1864,207,226
16,fctype16,11,354,2930,216,1894,201,220
17,fctype17,11,320,2929,240,2073,191,229
18,fctype18,17,306,2938,240,2103,170,228
19,fctype19,20,313,2948,240,2133,163,221
20,fctype20,20,335,2957,240,2163,171,209
21,fctype21,21,33,2929,300,2248,211,190
22,fctype22,17,49,2922,306,2258,225,201
23,fctype23,15,63,2914,295,2268,232,208
24,fctype24,13,74,2907,277,2279,235,215
25,fctype25,11,89,2900,256,2290,237,222
26,fctype26,10,103,2895,228,2301,237,227
27,fctype27,12,111,2890,201,2312,241,226
28,fctype28,16,117,2883,175,2324,245,224
29,fctype29,17,121,2875,150,2336,246,225
30,fctype30,15,122,2868,127,2349,244,227
31,fctype31,12,119,2861,108,2362,241,229
32,fctype32,9,108,2856,85,2375,236,230
33,fctype33,8,95,2852,60,2388,234,228
34,fctype34,6,79,2847,30,2402,228,229
35,fctype35,4,14,2845,0,2415,216,231
36,fctype36,7,339,2846,0,2429,204,230
37,fctype37,10,342,2848,30,2442,198,224
38,fctype38,13,346,2849,42,2455,195,219
39,fctype39,15,347,2851,67,2469,191,215
40,fctype40,16,345,2853,85,2482,187,213
41,fctype41,16,343,2856,108,2496,186,214
42,fctype42,17,347,2858,127,2509,186,211
43,fctype43,19,345,2860,150,2524,179,207
44,fctype44,22,336,2864,170,2538,166,205
45,fctype45,24,327,2870,182,2553,154,205
46,fctype46,27,321,2878,190,2568,142,203
47,fctype47,30,319,2889,201,2583,129,197
48,fctype48,31,321,2902,216,2598,125,192
49,fctype49,31,323,2913,228,2614,126,190
50,fctype50,32,323,2924,242,2630,122,188
51,fctype51,33,326,2936,258,2646,120,183
52,fctype52,34,332,2947,277,2663,124,177
53,fctype53,34,340,2955,295,2679,130,171
54,fctype54,33,348,2961,306,2696,141,167
55,fctype55,32,36,2947,335,2730,199,152
56,fctype56,32,38,2935,350,2742,203,154
57,fctype57,28,30,2924,350,2754,199,167
58,fctype58,17,351,2916,277,2791,188,209
59,fctype59,17,336,2919,255,2804,181,216
60,fctype60,16,336,2923,228,2817,183,217
61,fctype61,15,344,2926,201,2831,189,216
62,fctype62,13,353,2928,175,2844,196,216
63,fctype63,11,356,2928,150,2858,203,221
64,fctype64,8,349,2929,120,2871,205,226
65,fctype65,7,354,2930,90,2885,208,227
66,fctype66,7,14,2930,60,2899,213,225
67,fctype67,7,14,2928,30,2914,213,225
68,fctype68,8,335,2928,0,2928,202,230
69,fctype69,11,308,2932,30,2943,190,233
70,fctype70,11,304,2937,60,2958,190,234
71,fctype71,11,308,2941,90,2974,190,233
72,fctype72,12,307,2946,120,2989,186,232
73,fctype73,12,305,2952,150,3005,187,233
74,fctype74,11,301,2957,180,3021,190,236
75,fctype75,10,292,2962,210,3007,191,238
76,fctype76,9,284,2967,240,2977,195,241
77,fctype77,8,277,2971,270,2948,199,242
78,fctype78,9,271,2975,300,2919,196,243
79,fctype79,11,272,2981,330,2890,191,243
80,fctype80,10,282,2986,360,2860,193,241
81,fctype81,11,292,2991,390,2831,188,238
82,fctype82,12,299,2997,420,2802,187,236
83,fctype83,10,308,3001,450,2773,191,234
84,fctype84,8,315,3005,480,2743,198,233
85,fctype85,6,315,3007,510,2714,203,235
86,fctype86,5,315,3010,540,2685,206,235
87,fctype87,4,325,3012,570,2656,210,235
88,fctype88,1,63,3012,600,2598,220,236
89,fctype89,2,72,3011,576,2568,222,234
90,fctype90,4,80,3009,553,2539,225,232
91,fctype91,4,84,3007,531,2510,226,232
92,fctype92,4,76,3005,509,2481,225,232
93,fctype93,4,65,3003,485,2452,223,231
94,fctype94,5,62,3001,457,2423,224,230
95,fctype95,6,66,2999,430,2394,227,227
96,fctype96,8,74,2995,402,2365,230,224
97,fctype97,11,85,2991,376,2337,236,222
98,fctype98,15,93,2984,350,2308,243,215
99,fctype99,18,97,2974,323,2279,246,211
100,fctype100,18,100,2964,295,2250,247,212
101,fctype101,18,102,2955,268,2221,247,214
102,fctype102,17,105,2945,242,2192,246,217
103,fctype103,7,172,2426,270,957,225,243
104,fctype104,9,143,2422,300,979,234,238
105,fctype105,11,130,2419,330,1003,238,234
106,fctype106,13,122,2407,390,1050,242,229
107,fctype107,13,119,2403,420,1074,242,228
108,fctype108,14,114,2395,446,1099,243,225
109,fctype109,9,107,2387,426,1123,236,229
110,fctype110,10,357,2382,391,1173,205,222
111,fctype111,13,324,2386,376,1199,187,226
112,fctype112,7,45,2392,297,1302,222,225
113,fctype113,8,90,2387,277,1329,232,228
114,fctype114,11,121,2383,258,1355,238,231
115,fctype115,16,129,2376,242,1382,244,229
116,fctype116,17,143,2369,228,1409,242,234
117,fctype117,16,165,2366,216,1436,232,243
118,fctype118,18,183,2365,201,1463,222,249
119,fctype119,21,182,2368,190,1490,221,248
120,fctype120,25,168,2367,162,1517,231,240
121,fctype121,29,151,2363,134,1544,242,224
122,fctype122,34,142,2351,108,1572,246,210
123,fctype123,34,144,2337,85,1599,244,212
124,fctype124,33,149,2326,67,1622,242,216
125,fctype125,32,152,2317,60,1593,240,220
126,fctype126,20,131,2304,60,1533,248,225
127,fctype127,16,99,2296,42,1503,244,217
128,fctype128,16,77,2285,30,1473,239,209
129,fctype129,13,61,2277,30,1443,230,212
130,fctype130,22,277,2279,30,1353,154,238
131,fctype131,28,261,2295,60,1323,139,241
132,fctype132,30,250,2313,90,1293,142,245
133,fctype133,21,233,2335,150,1233,181,253
134,fctype134,21,275,2353,210,1173,160,240
135,fctype135,23,280,2369,240,1144,152,236
136,fctype136,18,268,2381,270,1114,172,244
137,fctype137,18,245,2389,300,1084,180,251
138,fctype138,20,235,2398,330,1054,181,253
139,fctype139,19,246,2405,360,1024,177,251
140,fctype140,22,268,2416,390,994,159,242
141,fctype141,23,277,2430,420,964,153,237
142,fctype142,19,277,2442,450,934,164,240
143,fctype143,16,272,2451,480,904,176,243
144,fctype144,13,268,2459,480,875,186,245
145,fctype145,13,269,2465,450,845,185,244
146,fctype146,19,303,2260,30,371,164,227
147,fctype147,26,302,2271,42,342,139,217
148,fctype148,16,353,2268,30,450,190,210
149,fctype149,22,329,2274,30,480,162,208
150,fctype150,22,332,2280,30,510,164,207
151,fctype151,17,355,2285,0,540,190,207
152,fctype152,13,347,2280,0,534,194,218
153,fctype153,20,299,2287,30,516,159,227
154,fctype154,27,292,2299,60,499,134,223
155,fctype155,30,295,2316,90,484,123,216
156,fctype156,33,298,2332,120,470,112,208
157,fctype157,34,297,2350,150,457,108,207
158,fctype158,31,293,2368,180,446,118,215
159,fctype159,30,288,2384,210,437,124,221
160,fctype160,31,285,2400,240,430,122,223
161,fctype161,32,283,2418,270,424,116,222
162,fctype162,30,281,2438,295,421,123,225
163,fctype163,30,284,2453,268,420,126,225
164,fctype164,27,290,2471,240,420,134,224
165,fctype165,14,307,2484,210,421,180,231
166,fctype166,5,49,2484,180,424,222,229
167,fctype167,13,95,2479,150,430,240,221
168,fctype168,17,96,2470,120,437,245,214
169,fctype169,14,92,2460,90,446,242,216
170,fctype170,13,82,2455,60,457,237,218
171,fctype171,13,65,2438,0,484,232,212
172,fctype172,9,41,2433,67,524,221,221
173,fctype173,6,343,2430,85,537,207,230
174,fctype174,15,302,2435,108,551,177,232
175,fctype175,21,298,2445,127,560,158,228
176,fctype176,19,300,2455,150,553,163,228
177,fctype177,19,293,2463,170,547,165,233
178,fctype178,18,285,2474,192,543,166,237
179,fctype179,13,297,2483,216,541,184,236
180,fctype180,11,317,2486,242,540,190,230
181,fctype181,10,335,2491,268,540,198,227
182,fctype182,9,15,2491,323,532,212,221
183,fctype183,11,324,2491,283,518,192,228
184,fctype184,9,339,2498,228,511,200,227
185,fctype185,9,342,2499,201,510,202,227
186,fctype186,11,55,2498,150,510,227,216
187,fctype187,15,79,2483,95,511,239,211
188,fctype188,17,84,2474,67,514,242,209
189,fctype189,17,91,2465,42,518,244,211
190,fctype190,16,94,2456,30,524,243,215
191,fctype191,12,82,2450,0,532,237,219
192,fctype192,10,23,2444,0,541,214,219
193,fctype193,20,348,2450,42,564,179,204
194,fctype194,20,347,2450,67,577,177,203
195,fctype195,22,337,2454,95,592,168,205
196,fctype196,21,349,2460,85,607,176,199
197,fctype197,17,349,2459,0,661,187,210
198,fctype198,16,336,2462,30,680,183,217
199,fctype199,14,332,2466,60,700,187,222
200,fctype200,12,317,2468,90,721,188,230
201,fctype201,9,319,2474,120,743,198,232
202,fctype202,7,348,2473,180,785,207,229
203,fctype203,8,333,2477,210,806,202,230
204,fctype204,8,33,2480,240,828,219,222
205,fctype205,13,61,2473,270,850,230,211
206,fctype206,15,78,2467,300,872,238,212
207,fctype207,15,100,2457,295,895,244,218
208,fctype208,16,112,2451,268,918,246,220
209,fctype209,26,98,2428,216,966,251,192
210,fctype210,27,91,2412,192,990,249,186
211,fctype211,25,87,2396,170,1015,247,189
212,fctype212,26,80,2383,150,1024,244,183
213,fctype213,29,73,2367,134,1027,239,171
214,fctype214,29,69,2350,124,1031,236,170
215,fctype215,26,71,2335,108,1036,238,178
216,fctype216,24,73,2320,95,1041,240,188
217,fctype217,18,65,2308,85,1048,234,201
218,fctype218,15,51,2302,60,1055,226,206
219,fctype219,15,51,2297,30,1063,226,207
220,fctype220,16,301,2294,30,1092,173,231
221,fctype221,21,289,2303,60,1103,156,232
222,fctype222,28,286,2315,90,1110,132,226
223,fctype223,17,316,2345,150,1112,172,223
224,fctype224,20,63,2335,234,1120,233,194
225,fctype225,22,77,2324,240,1124,241,195
226,fctype226,24,88,2312,210,1130,247,194
227,fctype227,24,98,2297,180,1136,250,199
228,fctype228,21,108,2284,150,1142,250,210
229,fctype229,19,109,2273,120,1144,249,215
230,fctype230,16,98,2263,90,1146,244,216
231,fctype231,14,76,2256,60,1150,237,212
232,fctype232,11,47,2250,30,1154,224,217
233,fctype233,10,328,2254,30,1165,195,228
234,fctype234,12,313,2256,42,1172,188,231
235,fctype235,17,300,2263,67,1168,169,231
236,fctype236,22,302,2272,95,1154,153,224
237,fctype237,25,308,2284,124,1140,145,216
238,fctype238,23,324,2294,150,1127,156,209
239,fctype239,22,336,2299,175,1115,165,203
240,fctype240,23,335,2304,201,1103,163,203
241,fctype241,23,333,2309,228,1092,160,203
242,fctype242,24,326,2315,256,1082,154,205
243,fctype243,28,313,2324,285,1072,134,206
244,fctype244,31,307,2339,313,1063,123,205
245,fctype245,27,314,2353,342,1055,138,207
246,fctype246,25,327,2362,371,1048,151,203
247,fctype247,26,335,2368,391,1041,152,195
248,fctype248,27,344,2374,408,1036,155,186
249,fctype249,27,347,2377,426,1031,158,184
250,fctype250,27,340,2380,446,1027,152,189
251,fctype251,28,331,2387,421,1024,145,194
252,fctype252,27,328,2395,391,1022,146,198
253,fctype253,23,333,2402,361,1020,160,203
254,fctype254,17,345,2406,331,1020,183,210
255,fctype255,12,359,2407,301,1020,202,218
256,fctype256,9,18,2407,272,1022,213,221
257,fctype257,10,47,2404,242,1024,224,218
258,fctype258,10,62,2398,212,1027,229,218
259,fctype259,9,67,2395,182,1031,229,222
260,fctype260,13,84,2390,153,1036,238,217
261,fctype261,21,98,2381,124,1041,249,205
262,fctype262,25,105,2368,95,1048,253,199
263,fctype263,25,111,2353,67,1055,253,205
264,fctype264,18,111,2330,30,1072,248,217
265,fctype265,14,318,2325,0,1092,183,227
266,fctype266,20,308,2332,30,1103,162,223
267,fctype267,23,302,2342,60,1115,148,221
268,fctype268,25,304,2368,120,1140,141,218
269,fctype269,25,304,2379,150,1154,145,219
270,fctype270,24,300,2392,180,1168,146,222
271,fctype271,23,300,2403,210,1183,150,224
272,fctype272,21,297,2440,300,1128,155,228
273,fctype273,17,305,2448,330,1101,170,228
274,fctype274,11,318,2454,360,1075,190,230
275,fctype275,5,11,2455,390,1050,215,230
276,fctype276,7,266,2461,480,973,202,243
277,fctype277,3,252,2463,510,949,213,241
278,fctype278,2,169,2465,540,924,221,240
279,fctype279,13,113,2458,551,876,241,227
280,fctype280,11,126,2450,537,853,239,233
281,fctype281,11,178,2448,524,830,225,246
282,fctype282,14,179,2450,513,807,225,248
283,fctype283,15,164,2448,503,785,233,243
284,fctype284,17,165,2445,495,764,233,243
285,fctype285,19,172,2443,488,743,229,245
286,fctype286,19,173,2442,484,721,228,246
287,fctype287,17,178,2440,454,700,225,248
288,fctype288,18,151,2438,395,658,240,237
289,fctype289,20,147,2425,335,618,242,234
290,fctype290,20,150,2421,306,600,242,234
291,fctype291,21,148,2414,277,582,243,233
292,fctype292,21,155,2407,247,566,239,236
293,fctype293,22,162,2403,218,551,235,239
294,fctype294,22,165,2400,190,537,233,241
295,fctype295,21,165,2398,162,524,233,241
296,fctype296,18,159,2395,134,509,236,240
297,fctype297,17,357,3330,90,4451,191,207
298,fctype298,18,354,3331,60,4422,187,205
299,fctype299,18,356,3332,30,4394,189,205
300,fctype300,17,357,3332,0,4365,191,207
301,fctype301,26,315,3348,42,4279,144,210
302,fctype302,21,336,3356,67,4250,169,207
303,fctype303,18,351,3357,95,4222,185,206
304,fctype304,19,341,3359,124,4193,177,208
305,fctype305,20,356,3364,153,4165,183,199
306,fctype306,26,28,3361,182,4136,200,174
307,fctype307,33,44,3350,180,4108,208,151
308,fctype308,34,50,3334,150,4079,213,146
309,fctype309,32,53,3319,120,4051,219,155
310,fctype310,33,62,3304,90,4022,227,155
311,fctype311,29,75,3266,30,3966,240,173
312,fctype312,16,62,3253,0,3937,232,206
313,fctype313,18,348,3253,30,3881,183,207
314,fctype314,22,349,3255,60,3852,174,198
315,fctype315,20,344,3258,85,3824,175,204
316,fctype316,16,343,3261,108,3796,185,213
317,fctype317,15,347,3263,127,3768,190,214
318,fctype318,16,350,3265,150,3740,188,210
319,fctype319,17,353,3266,162,3711,189,208
320,fctype320,17,344,3267,175,3683,183,211
321,fctype321,19,333,3271,182,3655,172,211
322,fctype322,21,334,3277,190,3627,168,208
323,fctype323,22,338,3281,201,3599,166,203
324,fctype324,26,332,3286,212,3571,151,197
325,fctype325,29,334,3295,218,3543,142,189
326,fctype326,31,340,3301,228,3515,141,180
327,fctype327,32,340,3307,242,3487,136,175
328,fctype328,33,344,3314,256,3460,135,169
329,fctype329,37,338,3318,268,3432,118,163
330,fctype330,39,334,3331,283,3404,104,158
331,fctype331,38,339,3340,295,3376,113,157
332,fctype332,15,143,3116,376,2190,240,235
333,fctype333,13,145,3112,350,2166,238,237
334,fctype334,13,139,3108,324,2142,240,235
335,fctype335,15,130,3103,300,2118,243,231
336,fctype336,16,121,3096,270,2094,246,225
337,fctype337,21,104,3088,240,2071,250,209
338,fctype338,27,93,3074,210,2047,250,189
339,fctype339,27,87,3058,180,2024,248,184
340,fctype340,33,87,3043,150,2001,246,166
341,fctype341,35,88,3019,120,1978,246,159
342,fctype342,23,85,3000,90,1956,246,195
343,fctype343,16,77,2994,60,1933,238,210
344,fctype344,16,80,2984,30,1911,240,210
345,fctype345,8,74,2977,0,1889,230,226
346,fctype346,4,315,2976,0,1867,209,236
347,fctype347,8,302,2980,30,1846,199,237
348,fctype348,7,318,2983,60,1824,201,234
349,fctype349,7,335,2985,90,1803,205,231
350,fctype350,6,353,2986,120,1782,210,230
351,fctype351,6,349,2986,150,1762,209,230
352,fctype352,7,335,2987,175,1742,205,231
353,fctype353,8,308,2989,201,1722,198,235
354,fctype354,14,283,2994,228,1702,179,240
355,fctype355,17,282,3004,256,1682,170,239
356,fctype356,19,284,3012,285,1663,164,237
357,fctype357,24,284,3024,313,1645,147,232
358,fctype358,27,285,3038,342,1626,134,227
359,fctype359,25,291,3054,371,1608,143,227
360,fctype360,18,306,3064,400,1590,166,226
361,fctype361,18,311,3070,430,1573,168,224
362,fctype362,20,311,3079,459,1556,164,222
363,fctype363,19,313,3086,488,1539,166,222
364,fctype364,18,310,3094,518,1523,169,225
365,fctype365,19,300,3101,497,1507,163,228
366,fctype366,27,291,3112,470,1492,133,223
367,fctype367,34,291,3130,443,1477,106,211
368,fctype368,36,299,3150,417,1463,99,200
369,fctype369,33,313,3168,390,1449,114,193
370,fctype370,30,325,3179,362,1436,131,191
371,fctype371,28,328,3188,335,1422,141,195
372,fctype372,26,330,3196,309,1409,149,199
373,fctype373,26,332,3203,283,1396,150,197
374,fctype374,27,334,3210,258,1383,149,194
375,fctype375,27,330,3216,234,1371,146,197
376,fctype376,25,321,3225,212,1359,147,205
377,fctype377,19,330,3234,190,1348,170,213
378,fctype378,18,356,3236,162,1338,189,205
379,fctype379,15,315,3203,30,1277,180,227
380,fctype380,28,280,3214,42,1273,133,230
381,fctype381,33,273,3234,67,1269,116,228
382,fctype382,33,272,3253,95,1266,117,229
383,fctype383,28,276,3273,124,1263,133,232
384,fctype384,21,283,3285,150,1261,158,236
385,fctype385,15,293,3295,175,1260,177,236
386,fctype386,8,313,3300,201,1260,199,234
387,fctype387,4,342,3301,228,1260,212,234
388,fctype388,2,29,3301,256,1260,218,233
389,fctype389,2,72,3300,285,1260,222,234
390,fctype390,4,97,3299,313,1261,226,234
391,fctype391,6,107,3296,342,1263,230,233
392,fctype392,7,116,3293,371,1266,233,233
393,fctype393,11,108,3289,400,1269,239,227
394,fctype394,14,94,3282,430,1273,241,218
395,fctype395,13,82,3274,459,1263,237,218
396,fctype396,10,80,3269,488,1233,234,223
397,fctype397,9,90,3264,518,1203,235,225
398,fctype398,14,92,3259,547,1173,241,217
399,fctype399,24,88,3249,560,1144,247,192
400,fctype400,22,85,3232,553,1114,245,197
401,fctype401,11,81,3225,547,1084,235,219
402,fctype402,14,76,3213,541,1024,236,214
403,fctype403,12,77,3206,540,994,235,218
404,fctype404,12,80,3201,541,964,236,218
405,fctype405,17,83,3193,543,934,242,207
406,fctype406,20,87,3182,547,904,245,202
407,fctype407,22,91,3171,553,875,247,199
408,fctype408,29,94,3158,560,845,250,184
409,fctype409,35,96,3138,569,815,250,168
410,fctype410,37,98,3117,579,785,250,163
411,fctype411,38,99,3094,591,755,250,160
412,fctype412,37,101,3071,604,726,251,165
413,fctype413,31,107,3050,618,696,254,186
414,fctype414,26,115,3036,631,666,254,204
415,fctype415,23,122,3023,612,636,252,214
416,fctype416,19,133,3014,582,607,246,228
417,fctype417,31,107,3008,553,577,254,186
418,fctype418,22,103,2967,495,518,250,206
419,fctype419,24,103,2942,437,459,252,201
420,fctype420,23,103,2929,408,430,251,205
421,fctype421,21,102,2917,379,400,249,208
422,fctype422,17,103,2907,351,371,246,216
423,fctype423,15,110,2899,323,342,244,223
424,fctype424,15,119,2892,295,313,245,225
425,fctype425,15,125,2885,268,285,244,228
426,fctype426,16,128,2879,242,256,245,228
427,fctype427,17,130,2872,216,228,246,228
428,fctype428,19,131,2865,192,201,247,227
429,fctype429,19,134,2857,170,175,247,227
430,fctype430,20,139,2850,150,150,246,229
431,fctype431,21,140,2842,120,124,246,229
432,fctype432,21,135,2835,90,95,248,225
433,fctype433,7,106,3021,283,964,232,232
434,fctype434,10,110,3016,256,994,238,229
435,fctype435,13,107,3010,228,1024,241,224
436,fctype436,17,103,3003,201,1054,246,216
437,fctype437,22,100,2993,175,1084,250,205
438,fctype438,24,102,2980,150,1114,251,201
439,fctype439,23,106,2967,127,1144,251,206
440,fctype440,20,111,2955,108,1173,249,215
441,fctype441,14,115,2946,95,1203,243,226
442,fctype442,6,122,2942,85,1233,231,235
443,fctype443,2,119,2941,67,1263,223,237
444,fctype444,2,104,2940,42,1293,222,236
445,fctype445,2,124,2939,30,1323,222,237
446,fctype446,0,180,2937,60,1473,219,238
447,fctype447,2,8,2937,60,1503,217,235
448,fctype448,5,18,2937,67,1533,216,229
449,fctype449,8,342,2936,85,1593,205,229
450,fctype450,6,321,2937,67,1622,204,234
451,fctype451,5,319,2939,60,1652,207,235
452,fctype452,4,332,2941,67,1682,211,235
453,fctype453,2,63,2941,85,1712,221,234
454,fctype454,5,99,2939,108,1742,228,233
455,fctype455,5,87,2936,134,1772,227,232
456,fctype456,5,49,2934,162,1802,222,229
457,fctype457,7,358,2932,190,1832,210,227
458,fctype458,12,339,2934,212,1862,195,223
459,fctype459,14,346,2937,234,1892,191,217
460,fctype460,16,357,2938,258,1922,194,210
461,fctype461,14,23,2935,270,2012,211,209
462,fctype462,9,28,2931,270,2042,217,220
463,fctype463,5,298,2930,270,2072,207,238
464,fctype464,13,248,2936,270,2102,192,249
465,fctype465,18,235,2944,270,2132,186,253
466,fctype466,16,226,2953,270,2162,195,253
467,fctype467,8,211,2958,272,2192,213,248
468,fctype468,2,56,2960,277,2222,220,235
469,fctype469,9,43,2958,285,2248,222,220
470,fctype470,14,56,2953,295,2258,228,210
471,fctype471,16,67,2945,295,2268,234,207
472,fctype472,17,75,2936,285,2277,238,207
473,fctype473,17,81,2926,277,2287,241,208
474,fctype474,16,86,2917,268,2297,241,212
475,fctype475,14,89,2909,255,2307,241,216
476,fctype476,13,93,2901,234,2318,241,219
477,fctype477,13,104,2894,216,2329,241,223
478,fctype478,15,113,2888,190,2340,245,223
479,fctype479,17,122,2870,134,2364,246,224
480,fctype480,13,125,2863,108,2376,242,230
481,fctype481,8,121,2858,85,2389,235,233
482,fctype482,6,99,2856,67,2402,230,232
483,fctype483,6,70,2852,42,2415,227,228
484,fctype484,10,346,2849,0,2442,201,225
485,fctype485,14,336,2851,30,2455,187,220
486,fctype486,17,339,2855,42,2469,182,214
487,fctype487,18,345,2858,67,2482,182,209
488,fctype488,18,348,2861,85,2496,183,208
489,fctype489,18,346,2863,108,2509,182,208
490,fctype490,19,345,2865,127,2522,179,207
491,fctype491,20,344,2868,150,2536,175,204
492,fctype492,23,341,2871,170,2550,166,200
493,fctype493,25,336,2876,192,2564,156,197
494,fctype494,27,331,2882,212,2579,146,195
495,fctype495,30,324,2891,218,2594,132,193
496,fctype496,32,319,2903,228,2609,122,192
497,fctype497,32,320,2916,242,2624,123,192
498,fctype498,32,322,2927,256,2639,124,191
499,fctype499,33,321,2939,268,2655,120,189
500,fctype500,33,322,2952,283,2671,121,188
501,fctype501,32,327,2963,300,2688,127,187
502,fctype502,30,334,2973,319,2704,137,184
503,fctype503,28,347,2979,335,2721,155,182
504,fctype504,30,33,2973,351,2746,200,162
505,fctype505,31,43,2961,362,2758,209,157
506,fctype506,30,45,2948,376,2769,213,161
507,fctype507,26,37,2937,366,2781,210,174
508,fctype508,22,23,2930,342,2793,202,188
509,fctype509,19,358,2925,295,2818,188,203
510,fctype510,18,344,2927,268,2831,182,210
511,fctype511,16,339,2931,240,2844,184,215
512,fctype512,14,346,2934,210,2858,191,217
513,fctype513,10,14,2933,150,2885,211,220
514,fctype514,4,6,2933,90,2912,214,231
515,fctype515,4,30,2932,60,2926,218,231
516,fctype516,4,18,2931,30,2940,217,231
517,fctype517,4,320,2931,0,2955,209,236
518,fctype518,8,285,2934,30,2969,198,240
519,fctype519,10,286,2939,60,2984,191,240
520,fctype520,10,293,2944,90,3000,191,238
521,fctype521,10,291,2950,120,3015,192,239
522,fctype522,9,284,2954,150,3031,196,240
523,fctype523,8,275,2958,180,3030,199,242
524,fctype524,8,265,2962,210,3001,200,244
525,fctype525,8,258,2966,240,2971,201,245
526,fctype526,7,255,2970,270,2942,203,245
527,fctype527,9,258,2973,300,2912,198,246
528,fctype528,12,263,2979,330,2883,190,246
529,fctype529,12,269,2986,360,2854,190,244
530,fctype530,12,275,2992,390,2824,188,243
531,fctype531,12,280,2999,420,2795,188,241
532,fctype532,10,290,3005,450,2766,193,239
533,fctype533,7,306,3009,480,2737,201,236
534,fctype534,6,318,3010,510,2707,205,235
535,fctype535,4,319,3012,540,2678,208,235
536,fctype536,1,349,3013,570,2649,216,236
537,fctype537,2,113,3012,600,2620,222,237
538,fctype538,1,149,3011,582,2590,221,238
539,fctype539,1,101,3012,558,2561,221,237
540,fctype540,4,76,3010,534,2532,225,232
541,fctype541,4,68,3007,511,2503,224,231
542,fctype542,4,65,3005,488,2474,223,231
543,fctype543,4,76,3004,467,2445,225,232
544,fctype544,4,90,3002,446,2416,226,233
545,fctype545,6,97,3000,418,2387,230,231
546,fctype546,9,99,2996,390,2358,235,228
547,fctype547,13,102,2990,362,2329,241,223
548,fctype548,17,103,2982,335,2300,246,216
549,fctype549,19,104,2972,309,2271,249,212
550,fctype550,19,107,2962,283,2242,249,213
551,fctype551,19,108,2952,256,2213,248,215
552,fctype552,17,107,2942,228,2184,247,218
553,fctype553,4,144,2421,270,937,226,239
554,fctype554,8,125,2419,300,960,233,235
555,fctype555,9,120,2416,330,984,236,232
556,fctype556,11,112,2411,360,1008,239,228
557,fctype557,12,106,2405,390,1032,240,226
558,fctype558,11,103,2397,420,1057,238,226
559,fctype559,10,85,2393,450,1082,235,223
560,fctype560,7,39,2387,443,1107,221,225
561,fctype561,9,355,2390,417,1132,206,224
562,fctype562,11,351,2390,391,1158,201,222
563,fctype563,11,327,2392,366,1183,193,228
564,fctype564,8,338,2397,342,1209,204,229
565,fctype565,6,13,2395,319,1235,214,227
566,fctype566,5,45,2395,297,1262,221,229
567,fctype567,10,99,2391,277,1288,236,227
568,fctype568,14,115,2384,255,1315,243,226
569,fctype569,16,126,2378,234,1342,245,227
570,fctype570,19,128,2370,216,1369,248,224
571,fctype571,20,139,2361,201,1396,245,230
572,fctype572,20,158,2356,190,1423,237,239
573,fctype573,24,171,2354,175,1450,228,242
574,fctype574,28,173,2352,162,1477,224,240
575,fctype575,32,166,2350,153,1505,227,231
576,fctype576,36,155,2343,124,1532,235,217
577,fctype577,37,148,2330,95,1560,240,209
578,fctype578,35,147,2318,67,1588,242,212
579,fctype579,34,154,2295,30,1591,237,218
580,fctype580,32,165,2288,30,1561,229,231
581,fctype581,25,173,2285,30,1531,226,243
582,fctype582,9,114,2280,0,1471,236,231
583,fctype583,23,334,2280,0,1381,162,203
584,fctype584,22,319,2286,30,1351,156,213
585,fctype585,22,292,2295,60,1321,153,230
586,fctype586,23,268,2308,90,1291,155,242
587,fctype587,22,259,2321,120,1261,161,246
588,fctype588,22,269,2333,150,1231,157,242
589,fctype589,23,282,2347,180,1201,151,234
590,fctype590,22,282,2361,210,1172,153,235
591,fctype591,19,269,2373,240,1142,168,243
592,fctype592,14,252,2380,270,1112,188,249
593,fctype593,18,261,2391,330,1052,173,246
594,fctype594,22,270,2403,360,1022,157,241
595,fctype595,25,273,2419,390,992,147,238
596,fctype596,22,272,2433,420,962,157,240
597,fctype597,18,269,2443,450,932,170,244
598,fctype598,16,270,2452,480,902,177,244
599,fctype599,14,277,2465,450,842,182,242
600,fctype600,10,271,2473,420,812,195,243
601,fctype601,19,292,2264,30,365,162,232
602,fctype602,8,330,2276,0,420,201,231
603,fctype603,18,334,2278,30,450,176,214
604,fctype604,23,328,2285,60,480,159,207
605,fctype605,21,333,2292,42,510,166,207
606,fctype606,18,358,2290,0,511,189,204
607,fctype607,24,316,2296,30,492,149,212
608,fctype608,30,303,2309,60,474,123,209
609,fctype609,34,300,2326,90,458,107,204
610,fctype610,35,302,2343,120,443,102,199
611,fctype611,33,304,2363,150,430,110,202
612,fctype612,30,298,2391,210,408,124,214
613,fctype613,30,293,2407,240,400,122,217
614,fctype614,31,286,2425,270,395,121,222
615,fctype615,30,283,2441,285,391,125,226
616,fctype616,30,281,2458,256,390,123,225
617,fctype617,25,279,2477,228,390,144,234
618,fctype618,8,114,2484,175,395,235,232
619,fctype619,13,103,2477,150,400,242,222
620,fctype620,16,97,2469,120,408,244,215
621,fctype621,14,98,2461,90,418,243,219
622,fctype622,12,106,2455,60,430,241,225
623,fctype623,13,101,2449,30,443,242,222
624,fctype624,10,84,2442,0,457,234,224
625,fctype625,5,342,2438,30,470,209,232
626,fctype626,8,353,2442,60,484,206,226
627,fctype627,12,24,2438,85,497,213,214
628,fctype628,13,349,2436,108,510,195,218
629,fctype629,16,313,2441,127,525,175,226
630,fctype630,19,293,2451,150,532,163,232
631,fctype631,19,293,2462,170,524,165,233
632,fctype632,18,299,2468,192,518,168,231
633,fctype633,18,296,2476,212,514,166,231
634,fctype634,15,301,2485,234,511,178,233
635,fctype635,12,310,2491,258,510,187,232
636,fctype636,9,335,2496,283,510,200,228
637,fctype637,12,334,2494,268,488,192,224
638,fctype638,15,323,2500,242,484,181,224
639,fctype639,14,345,2504,216,481,192,217
640,fctype640,13,59,2501,134,480,229,213
641,fctype641,14,64,2495,108,480,232,210
642,fctype642,16,65,2488,85,481,233,205
643,fctype643,19,67,2479,60,484,235,199
644,fctype644,20,74,2468,30,488,240,197
645,fctype645,17,84,2458,0,495,242,208
646,fctype646,8,72,2450,0,503,229,226
647,fctype647,10,330,2450,30,513,196,228
648,fctype648,17,327,2456,42,524,176,218
649,fctype649,19,340,2460,67,537,176,209
650,fctype650,21,345,2462,85,551,173,202
651,fctype651,22,339,2466,108,566,167,202
652,fctype652,20,346,2471,90,582,176,203
653,fctype653,13,335,2470,30,658,189,221
654,fctype654,12,339,2473,60,679,193,222
655,fctype655,11,332,2474,90,700,193,225
656,fctype656,8,334,2479,120,721,202,229
657,fctype657,6,358,2479,150,743,210,228
658,fctype658,7,348,2479,180,764,207,229
659,fctype659,3,5,2480,210,785,216,234
660,fctype660,6,113,2479,240,807,231,234
661,fctype661,13,107,2475,270,830,241,224
662,fctype662,18,103,2466,297,853,247,214
663,fctype663,19,107,2454,277,876,249,213
664,fctype664,20,116,2444,255,900,250,217
665,fctype665,22,118,2434,228,924,252,213
666,fctype666,25,111,2423,201,949,253,204
667,fctype667,26,106,2409,175,973,253,198
668,fctype668,25,104,2396,150,992,252,199
669,fctype669,24,103,2383,127,994,252,201
670,fctype670,25,97,2372,108,997,251,195
671,fctype671,26,89,2356,95,1001,248,188
672,fctype672,25,81,2341,85,1006,244,186
673,fctype673,22,70,2326,67,1012,237,190
674,fctype674,18,50,2317,60,1019,225,198
675,fctype675,17,44,2311,42,1026,222,200
676,fctype676,17,50,2304,30,1034,226,201
677,fctype677,12,339,2295,30,1053,195,223
678,fctype678,18,311,2300,42,1064,170,225
679,fctype679,23,301,2309,67,1075,150,223
680,fctype680,29,292,2322,95,1080,127,220
681,fctype681,27,290,2340,124,1080,135,225
682,fctype682,16,306,2351,153,1082,173,229
683,fctype683,9,13,2355,182,1084,211,221
684,fctype684,16,68,2350,212,1087,235,206
685,fctype685,22,84,2340,242,1090,245,197
686,fctype686,25,93,2326,240,1095,249,194
687,fctype687,23,92,2296,180,1106,249,197
688,fctype688,19,77,2283,150,1112,240,202
689,fctype689,17,56,2274,120,1114,229,202
690,fctype690,18,39,2268,90,1116,218,198
691,fctype691,19,35,2263,60,1120,215,195
692,fctype692,16,32,2258,30,1124,215,203
693,fctype693,12,328,2259,30,1136,192,226
694,fctype694,14,322,2260,60,1142,183,225
695,fctype695,25,302,2279,108,1128,142,219
696,fctype696,23,317,2304,162,1100,155,213
697,fctype697,21,332,2315,216,1075,165,208
698,fctype698,22,332,2321,242,1064,162,206
699,fctype699,23,327,2327,268,1053,156,206
700,fctype700,27,313,2335,295,1044,138,208
701,fctype701,29,305,2349,323,1034,129,210
702,fctype702,25,308,2362,351,1026,145,216
703,fctype703,22,314,2371,379,1019,158,217
704,fctype704,22,319,2380,408,1012,156,213
705,fctype705,22,333,2388,433,1006,163,205
706,fctype706,24,343,2390,450,1001,166,197
707,fctype707,26,333,2400,420,994,151,196
708,fctype708,26,330,2407,390,992,150,199
709,fctype709,23,339,2415,360,990,165,201
710,fctype710,14,21,2414,300,990,209,208
711,fctype711,11,34,2410,270,992,219,217
712,fctype712,11,59,2409,240,994,228,218
713,fctype713,12,72,2402,210,997,233,217
714,fctype714,10,82,2396,180,1001,234,222
715,fctype715,17,98,2392,150,1006,246,213
716,fctype716,25,103,2378,120,1012,252,199
717,fctype717,26,105,2362,90,1019,253,197
718,fctype718,25,106,2348,60,1026,252,201
719,fctype719,21,108,2336,30,1034,250,210
720,fctype720,10,101,2326,0,1044,237,227
721,fctype721,9,321,2326,0,1053,196,231
722,fctype722,19,316,2333,30,1064,166,220
723,fctype723,22,315,2340,42,1075,156,216
724,fctype724,25,308,2350,67,1087,143,215
725,fctype725,27,303,2363,95,1100,136,216
726,fctype726,24,303,2376,124,1114,146,220
727,fctype727,20,298,2386,153,1128,159,228
728,fctype728,19,287,2396,182,1142,163,235
729,fctype729,20,280,2406,212,1158,161,238
730,fctype730,23,280,2418,242,1167,152,236
731,fctype731,19,281,2442,301,1114,166,239
732,fctype732,14,278,2451,331,1087,181,242
733,fctype733,5,280,2459,361,1061,205,240
734,fctype734,5,105,2456,391,1034,228,234
735,fctype735,5,156,2453,421,1008,225,240
736,fctype736,8,220,2453,451,983,210,248
737,fctype737,10,219,2459,481,957,209,250
738,fctype738,10,185,2462,511,932,222,247
739,fctype739,12,169,2460,541,907,229,245
740,fctype740,15,153,2459,571,882,237,239
741,fctype741,16,141,2447,564,834,242,234
742,fctype742,16,158,2441,552,811,236,241
743,fctype743,19,175,2440,541,787,227,246
744,fctype744,19,170,2440,532,765,230,245
745,fctype745,18,167,2431,518,721,232,244
746,fctype746,19,176,2431,488,700,226,247
747,fctype747,19,174,2432,430,658,227,246
748,fctype748,19,156,2429,400,636,238,238
749,fctype749,19,145,2423,371,616,243,233
750,fctype750,20,142,2416,342,595,245,231
751,fctype751,21,148,2409,313,576,243,233
752,fctype752,20,148,2404,285,558,242,234
753,fctype753,19,147,2398,256,541,242,235
754,fctype754,19,153,2393,228,525,239,237
755,fctype755,20,161,2389,201,510,236,240
756,fctype756,21,166,2386,175,497,233,242
757,fctype757,22,170,2384,150,484,230,243
758,fctype758,21,160,2384,127,467,236,239
759,fctype759,18,353,3340,95,4460,187,206
760,fctype760,18,355,3341,67,4431,189,206
761,fctype761,15,352,3342,0,4345,193,213
762,fctype762,20,313,3344,0,4317,163,221
763,fctype763,23,304,3359,30,4288,149,221
764,fctype764,15,330,3367,60,4260,183,220
765,fctype765,13,350,3367,90,4231,196,218
766,fctype766,15,331,3369,120,4203,184,221
767,fctype767,14,344,3375,150,4174,190,217
768,fctype768,18,31,3374,175,4146,212,197
769,fctype769,28,52,3365,180,4117,221,167
770,fctype770,33,60,3348,150,4089,224,152
771,fctype771,32,62,3330,120,4061,228,157
772,fctype772,34,68,3314,90,4032,232,152
773,fctype773,37,74,3291,60,4004,235,147
774,fctype774,30,74,3270,30,3976,239,168
775,fctype775,16,56,3257,0,3947,229,205
776,fctype776,13,335,3256,30,3919,191,223
777,fctype777,19,345,3268,67,3863,180,207
778,fctype778,17,353,3269,95,3834,188,207
779,fctype779,16,351,3269,124,3806,190,212
780,fctype780,15,344,3271,150,3778,188,214
781,fctype781,15,346,3274,170,3750,189,214
782,fctype782,15,353,3276,190,3722,193,213
783,fctype783,16,342,3276,201,3694,185,214
784,fctype784,19,328,3281,212,3666,170,214
785,fctype785,21,328,3287,218,3638,164,210
786,fctype786,23,332,3293,228,3610,161,205
787,fctype787,26,326,3299,242,3582,146,201
788,fctype788,29,325,3310,247,3554,137,195
789,fctype789,29,334,3318,256,3526,141,188
790,fctype790,30,336,3325,268,3499,139,184
791,fctype791,31,338,3333,283,3471,138,180
792,fctype792,34,331,3339,295,3443,122,177
793,fctype793,35,328,3354,309,3415,115,176
794,fctype794,15,126,3115,390,2232,244,229
795,fctype795,12,137,3110,362,2208,238,235
796,fctype796,10,139,3107,335,2184,236,237
797,fctype797,11,132,3103,309,2160,238,234
798,fctype798,13,125,3098,283,2137,241,230
799,fctype799,14,117,3092,258,2113,243,226
800,fctype800,18,104,3085,234,2090,247,215
801,fctype801,24,93,3074,210,2067,249,196
802,fctype802,26,89,3059,180,2044,248,188
803,fctype803,33,87,3045,150,2021,247,166
804,fctype804,36,86,3019,120,1998,245,158
805,fctype805,21,80,3001,90,1976,243,197
806,fctype806,16,77,2997,60,1953,239,209
807,fctype807,17,82,2985,30,1931,241,207
808,fctype808,7,73,2978,0,1910,229,226
809,fctype809,4,306,2978,0,1888,208,237
810,fctype810,8,288,2982,30,1867,199,240
811,fctype811,7,296,2986,60,1846,200,238
812,fctype812,5,323,2989,85,1825,207,235
813,fctype813,4,354,2989,108,1804,212,232
814,fctype814,5,337,2989,134,1784,208,232
815,fctype815,7,333,2991,162,1764,205,232
816,fctype816,7,320,2992,190,1744,202,233
817,fctype817,13,287,2995,218,1725,182,239
818,fctype818,18,280,3006,247,1706,169,239
819,fctype819,19,278,3015,277,1687,165,239
820,fctype820,24,277,3027,306,1668,147,236
821,fctype821,28,277,3042,335,1650,134,232
822,fctype822,25,281,3059,365,1632,142,232
823,fctype823,18,293,3070,395,1615,166,233
824,fctype824,17,301,3077,424,1598,170,230
825,fctype825,18,302,3086,454,1581,166,229
826,fctype826,17,307,3094,484,1565,171,227
827,fctype827,18,299,3106,510,1533,167,230
828,fctype828,28,287,3117,484,1518,132,225
829,fctype829,36,285,3137,457,1504,99,213
830,fctype830,38,289,3161,430,1489,91,206
831,fctype831,32,300,3183,402,1476,115,208
832,fctype832,26,316,3194,376,1463,144,209
833,fctype833,23,324,3202,350,1449,156,209
834,fctype834,22,324,3208,324,1436,159,211
835,fctype835,23,322,3216,300,1423,156,210
836,fctype836,23,326,3224,277,1410,159,208
837,fctype837,22,327,3230,255,1398,161,209
838,fctype838,20,324,3237,228,1387,167,215
839,fctype839,15,329,3242,201,1376,183,221
840,fctype840,14,341,3245,175,1366,191,219
841,fctype841,16,358,3248,150,1357,194,209
842,fctype842,26,27,3237,85,1332,200,176
843,fctype843,26,32,3230,60,1324,204,173
844,fctype844,24,32,3221,30,1318,207,181
845,fctype845,19,33,3214,0,1312,213,196
846,fctype846,11,338,3207,0,1307,196,225
847,fctype847,25,282,3217,30,1302,145,233
848,fctype848,31,272,3235,60,1299,126,232
849,fctype849,33,268,3253,85,1296,118,231
850,fctype850,30,269,3275,108,1293,130,235
851,fctype851,22,272,3288,134,1291,157,240
852,fctype852,15,279,3299,162,1290,179,241
853,fctype853,6,301,3303,190,1290,204,238
854,fctype854,3,355,3303,218,1290,215,234
855,fctype855,3,51,3303,247,1290,221,232
856,fctype856,3,74,3300,277,1290,224,233
857,fctype857,5,93,3299,306,1291,228,232
858,fctype858,7,104,3295,335,1293,232,231
859,fctype859,8,112,3292,365,1296,235,231
860,fctype860,10,110,3287,395,1299,238,229
861,fctype861,11,101,3282,424,1291,239,225
862,fctype862,12,94,3276,454,1261,238,222
863,fctype863,11,94,3270,484,1231,237,224
864,fctype864,11,96,3264,514,1201,237,225
865,fctype865,14,97,3258,541,1172,242,219
866,fctype866,23,93,3250,532,1142,249,198
867,fctype867,21,91,3233,524,1112,247,201
868,fctype868,11,88,3226,518,1082,237,221
869,fctype869,10,86,3221,514,1052,235,223
870,fctype870,13,85,3216,511,1022,238,217
871,fctype871,13,87,3207,510,992,239,218
872,fctype872,12,91,3202,511,962,238,221
873,fctype873,17,91,3195,514,932,244,210
874,fctype874,21,90,3183,518,902,247,202
875,fctype875,23,91,3171,524,872,248,197
876,fctype876,30,92,3157,532,842,250,179
877,fctype877,35,92,3136,541,812,248,163
878,fctype878,37,93,3114,552,782,248,159
879,fctype879,38,92,3091,564,752,247,155
880,fctype880,37,92,3067,577,722,247,157
881,fctype881,31,92,3044,591,693,250,175
882,fctype882,25,96,3030,601,663,250,194
883,fctype883,21,99,3016,603,633,249,206
884,fctype884,14,105,3007,577,603,243,222
885,fctype885,26,92,3002,547,573,250,190
886,fctype886,32,86,2982,518,543,246,170
887,fctype887,23,86,2967,488,514,246,193
888,fctype888,24,92,2954,459,484,249,195
889,fctype889,23,93,2940,430,454,249,197
890,fctype890,21,92,2928,400,424,247,202
891,fctype891,19,89,2917,371,395,245,205
892,fctype892,17,88,2907,342,365,243,210
893,fctype893,16,93,2899,313,335,243,214
894,fctype894,16,101,2890,285,306,245,217
895,fctype895,15,111,2882,256,277,245,222
896,fctype896,16,120,2875,228,247,246,224
897,fctype897,18,125,2867,201,218,247,224
898,fctype898,19,127,2859,175,190,248,224
899,fctype899,20,130,2850,150,162,248,224
900,fctype900,20,134,2842,127,134,247,226
901,fctype901,19,136,2834,108,108,246,228
902,fctype902,9,112,3019,268,962,235,231
903,fctype903,10,108,3014,242,992,238,228
904,fctype904,13,107,3009,216,1022,242,223
905,fctype905,18,107,3001,190,1052,248,216
906,fctype906,23,107,2990,162,1082,252,206
907,fctype907,25,107,2977,134,1112,253,201
908,fctype908,23,108,2963,108,1142,252,207
909,fctype909,18,107,2952,85,1172,247,216
910,fctype910,11,106,2944,67,1201,239,227
911,fctype911,4,120,2941,60,1231,226,236
912,fctype912,1,135,2941,42,1261,221,238
913,fctype913,2,98,2940,30,1291,222,236
914,fctype914,3,105,2939,0,1321,224,236
915,fctype915,3,225,2935,67,1441,215,242
916,fctype916,2,236,2936,85,1471,216,240
917,fctype917,2,278,2937,90,1501,214,239
918,fctype918,2,323,2938,95,1531,213,236
919,fctype919,4,349,2939,108,1561,213,233
920,fctype920,5,345,2939,108,1591,211,232
921,fctype921,5,331,2940,95,1621,208,234
922,fctype922,4,320,2942,90,1651,209,236
923,fctype923,2,352,2943,95,1681,216,236
924,fctype924,4,83,2942,108,1711,225,233
925,fctype925,4,84,2938,127,1741,226,232
926,fctype926,3,45,2937,150,1771,220,232
927,fctype927,5,358,2936,175,1801,211,230
928,fctype928,11,335,2937,201,1831,196,226
929,fctype929,15,331,2941,228,1861,184,221
930,fctype930,16,339,2945,255,1891,184,215
931,fctype931,16,353,2947,247,1921,190,210
932,fctype932,16,17,2946,240,1981,205,205
933,fctype933,16,35,2942,240,2011,217,204
934,fctype934,13,44,2936,242,2041,222,211
935,fctype935,5,30,2932,247,2071,218,228
936,fctype936,5,240,2932,256,2101,210,244
937,fctype937,14,225,2936,268,2131,200,252
938,fctype938,18,217,2943,283,2161,198,254
939,fctype939,18,209,2949,300,2191,204,254
940,fctype940,14,201,2953,306,2221,213,252
941,fctype941,10,161,2955,295,2250,230,243
942,fctype942,14,122,2950,283,2279,242,229
943,fctype943,15,111,2942,268,2296,245,222
944,fctype944,16,101,2934,256,2305,245,217
945,fctype945,17,95,2925,247,2315,245,212
946,fctype946,17,94,2915,242,2325,244,213
947,fctype947,15,96,2907,228,2335,243,217
948,fctype948,15,99,2900,212,2346,243,219
949,fctype949,18,114,2883,175,2368,248,219
950,fctype950,9,118,2859,95,2403,237,232
951,fctype951,5,120,2857,67,2416,229,235
952,fctype952,3,106,2855,42,2429,226,235
953,fctype953,3,39,2854,30,2442,220,232
954,fctype954,8,347,2853,0,2455,206,228
955,fctype955,14,332,2855,0,2469,187,222
956,fctype956,18,331,2860,30,2482,174,215
957,fctype957,20,336,2865,60,2496,171,208
958,fctype958,20,345,2869,85,2509,176,204
959,fctype959,20,350,2870,108,2522,180,203
960,fctype960,20,346,2872,127,2536,177,204
961,fctype961,21,343,2876,150,2549,172,202
962,fctype962,23,341,2879,170,2563,165,199
963,fctype963,26,338,2884,192,2577,156,194
964,fctype964,28,336,2890,212,2591,148,190
965,fctype965,29,332,2897,234,2605,141,190
966,fctype966,30,324,2906,247,2620,132,193
967,fctype967,32,318,2918,256,2635,123,194
968,fctype968,32,319,2930,268,2650,122,192
969,fctype969,32,321,2942,283,2665,123,191
970,fctype970,31,320,2954,295,2681,126,193
971,fctype971,30,318,2966,309,2697,129,198
972,fctype972,28,320,2978,324,2713,137,201
973,fctype973,24,328,2987,342,2729,154,204
974,fctype974,20,346,2993,361,2746,178,205
975,fctype975,19,21,2993,371,2763,205,197
976,fctype976,24,47,2986,379,2774,220,181
977,fctype977,28,54,2973,390,2785,223,169
978,fctype978,28,51,2959,402,2797,221,169
979,fctype979,24,39,2947,384,2809,213,179
980,fctype980,21,355,2937,270,2858,182,199
981,fctype981,17,351,2939,240,2871,188,209
982,fctype982,13,355,2941,210,2885,198,217
983,fctype983,11,12,2941,180,2898,209,217
984,fctype984,11,22,2938,150,2911,213,217
985,fctype985,9,19,2936,120,2925,214,220
986,fctype986,7,22,2934,90,2938,216,225
987,fctype987,5,23,2933,60,2952,217,228
988,fctype988,5,11,2932,30,2967,215,230
989,fctype989,5,342,2932,0,2981,210,233
990,fctype990,8,295,2933,30,2995,198,238
991,fctype991,11,285,2940,60,3010,188,240
992,fctype992,10,288,2946,90,3025,192,239
993,fctype993,8,286,2950,120,3041,197,240
994,fctype994,8,283,2954,150,3054,199,241
995,fctype995,7,280,2958,180,3024,201,241
996,fctype996,7,278,2961,210,2995,201,241
997,fctype997,8,277,2965,240,2965,199,242
998,fctype998,8,281,2969,270,2936,199,241
999,fctype999,10,284,2973,300,2906,193,240
1000,fctype1000,12,281,2979,330,2877,187,241
