id,Label,Slope,Aspect,Elevation,Horizontal_Distance_To_Hydrology,Horizontal_Distance_To_Roadways,Hillshade_9am,Hillshade_Noon,Hillshade_3pm,Horizontal_Distance_To_Fire_Points
1,covtype1,3,51,2596,258,510,221,232,148,6279
2,covtype2,2,56,2590,212,390,220,235,151,6225
3,covtype3,9,139,2804,268,3180,234,238,135,6121
4,covtype4,18,155,2785,242,3090,238,238,122,6211
5,covtype5,2,45,2595,153,391,220,234,150,6172
6,covtype6,6,132,2579,300,67,230,237,140,6031
7,covtype7,7,45,2606,270,633,222,225,138,6256
8,covtype8,4,49,2605,234,573,222,230,144,6228
9,covtype9,9,45,2617,240,666,223,221,133,6244
10,covtype10,10,59,2612,247,636,228,219,124,6230
11,covtype11,4,201,2612,180,735,218,243,161,6222
12,covtype12,11,151,2886,371,5253,234,240,136,4051
13,covtype13,22,134,2742,150,3215,248,224,92,6091
14,covtype14,7,214,2609,150,771,213,247,170,6211
15,covtype15,4,157,2503,67,674,224,240,151,5600
16,covtype16,7,51,2495,42,752,224,225,137,5576
17,covtype17,1,259,2610,120,607,216,239,161,6096
18,covtype18,7,72,2517,85,595,228,227,133,5607
19,covtype19,5,38,2503,85,741,220,228,144,5555
20,covtype20,9,71,2501,60,767,230,223,126,5547
21,covtype21,17,209,2880,216,4986,206,253,179,4323
22,covtype22,23,114,2768,192,3339,252,209,71,5972
23,covtype23,8,54,2511,124,638,225,222,130,5569
24,covtype24,9,22,2507,120,732,215,221,143,5534
25,covtype25,6,135,2492,0,860,229,237,142,5494
26,covtype26,10,163,2489,30,849,230,243,145,5486
27,covtype27,16,148,2962,323,5916,240,236,120,3395
28,covtype28,1,135,2811,212,3670,220,238,154,5643
29,covtype29,24,117,2739,127,3281,253,210,71,6033
30,covtype30,30,122,2703,67,3191,254,201,52,6123
31,covtype31,7,105,2522,120,595,233,231,130,5569
32,covtype32,6,102,2519,124,616,230,233,137,5559
33,covtype33,6,23,2516,150,658,216,227,147,5541
34,covtype34,9,41,2515,162,680,221,220,133,5532
35,covtype35,19,45,2900,242,5199,221,195,100,4115
36,covtype36,28,125,2709,67,3224,253,207,61,6094
37,covtype37,7,92,2511,182,722,231,229,131,5494
38,covtype38,30,98,2749,124,3316,252,183,36,6005
39,covtype39,12,354,2686,0,3167,200,219,157,6155
40,covtype40,3,347,2699,0,2096,213,234,159,6853
41,covtype41,2,346,2570,0,331,215,235,158,5745
42,covtype42,9,71,2533,150,577,230,223,126,5552
43,covtype43,27,330,2703,30,3141,146,197,184,6186
44,covtype44,5,128,2678,95,1660,229,236,141,6546
45,covtype45,8,68,2529,210,666,228,225,130,5484
46,covtype46,7,94,2524,212,684,232,229,130,5474
47,covtype47,6,99,2536,234,659,230,232,136,5475
48,covtype48,6,66,2498,95,900,227,227,135,5357
49,covtype49,7,100,2489,85,810,232,231,131,5334
50,covtype50,30,117,2713,60,3297,254,198,48,6039
51,covtype51,25,323,2739,85,3118,149,205,192,6219
52,covtype52,2,72,2696,30,3271,222,234,149,6071
53,covtype53,14,79,2510,192,891,237,215,106,5325
54,covtype54,7,81,2502,175,912,230,227,129,5316
55,covtype55,24,315,2722,30,3216,148,212,200,6132
56,covtype56,11,74,2500,190,930,233,219,116,5279
57,covtype57,5,68,2486,180,870,225,230,139,5262
58,covtype58,4,11,2489,175,840,216,232,153,5254
59,covtype59,6,42,2489,162,810,221,227,141,5247
60,covtype60,5,75,2490,134,810,227,230,137,5218
61,covtype61,11,107,2952,42,5845,239,226,116,3509
62,covtype62,8,90,2705,134,2023,232,228,129,6615
63,covtype63,7,40,2507,153,930,221,224,138,5221
64,covtype64,14,49,2500,150,870,225,210,116,5205
65,covtype65,10,63,2493,127,840,229,221,124,5197
66,covtype66,7,59,2509,134,900,226,226,134,5184
67,covtype67,6,54,2740,218,2287,224,227,138,6686
68,covtype68,8,80,2640,180,1092,231,225,127,5866
69,covtype69,12,166,2843,242,4434,230,244,144,4956
70,covtype70,14,45,3008,277,6371,223,208,116,3036
71,covtype71,16,114,2893,108,5066,245,223,102,4340
72,covtype72,10,30,2628,240,960,217,218,136,5645
73,covtype73,18,118,2864,201,4567,248,221,93,4849
74,covtype74,28,160,2827,134,3948,235,233,108,5474
75,covtype75,5,326,2529,30,1062,207,234,166,5047
76,covtype76,7,99,2808,382,3107,233,230,130,6341
77,covtype77,26,153,2840,134,4613,241,231,102,4833
78,covtype78,10,79,2795,531,2980,233,223,121,6497
79,covtype79,16,143,2746,67,2440,241,235,119,6597
80,covtype80,26,352,2847,150,3697,166,187,152,5796
81,covtype81,7,42,2537,210,1132,222,224,137,4919
82,covtype82,17,358,2860,175,3705,191,206,151,5800
83,covtype83,26,332,2818,30,4526,151,197,181,4978
84,covtype84,7,18,2801,560,3084,215,226,148,6457
85,covtype85,10,63,2791,418,2942,229,221,124,6606
86,covtype86,11,306,2745,67,2416,190,234,184,6428
87,covtype87,6,102,2514,272,1082,230,233,137,4811
88,covtype88,12,354,2562,67,1057,200,218,156,5031
89,covtype89,12,173,3073,108,6836,227,246,149,2735
90,covtype90,10,71,2978,426,5742,231,221,121,3792
91,covtype91,10,31,2860,295,3644,218,218,135,5904
92,covtype92,11,164,3067,85,6811,230,243,144,2774
93,covtype93,5,72,2804,543,3115,225,231,141,6471
94,covtype94,3,59,2562,0,1116,221,233,148,5091
95,covtype95,9,34,2567,190,1136,219,221,138,4924
96,covtype96,8,45,2998,351,5842,223,222,134,3721
97,covtype97,12,84,2684,150,1677,237,220,113,5693
98,covtype98,11,42,2676,150,1634,222,216,128,5655
99,covtype99,15,102,2863,190,4389,244,219,100,5184
100,covtype100,5,170,2574,170,1180,224,242,153,4910
101,covtype101,6,211,2511,162,1071,216,245,166,4660
102,covtype102,4,32,3067,30,6679,219,230,147,2947
103,covtype103,16,57,2909,134,5502,229,203,102,4084
104,covtype104,14,348,2863,309,3918,193,216,161,5695
105,covtype105,1,333,2567,0,1266,216,237,158,5079
106,covtype106,11,105,3182,408,6000,240,226,115,1184
107,covtype107,12,324,2818,242,4156,189,227,177,5467
108,covtype108,6,332,2752,342,2372,207,233,165,6131
109,covtype109,5,88,2751,400,2322,228,231,137,6088
110,covtype110,7,102,2569,228,1266,232,231,132,4844
111,covtype111,15,111,3195,469,5941,245,222,101,1206
112,covtype112,14,53,2982,240,5756,227,209,112,3880
113,covtype113,6,58,2850,295,4394,225,227,137,5239
114,covtype114,4,76,2586,190,1290,225,232,143,4875
115,covtype115,13,17,2837,330,4241,208,211,138,5428
116,covtype116,6,99,2723,301,2109,230,232,136,5793
117,covtype117,12,124,3057,150,6508,240,231,118,3211
118,covtype118,19,119,2818,30,5213,248,220,92,4497
119,covtype119,33,320,2847,85,4983,120,190,199,4727
120,covtype120,11,112,2606,30,1584,239,228,119,5106
121,covtype121,6,83,2893,551,4011,229,230,135,5755
122,covtype122,20,125,2644,67,1719,249,221,90,5168
123,covtype123,5,37,2613,216,1519,220,229,146,4818
124,covtype124,12,356,2929,0,5757,201,219,155,4017
125,covtype125,12,307,2767,30,2796,187,233,186,6192
126,covtype126,13,49,2991,85,6199,225,211,117,3613
127,covtype127,18,56,2939,95,5563,229,200,98,4224
128,covtype128,7,119,3119,162,6660,233,234,133,2556
129,covtype129,12,346,2942,30,5918,197,221,162,3900
130,covtype130,7,12,2886,570,4295,213,226,150,5518
131,covtype131,13,344,2775,42,2854,194,219,164,6177
132,covtype132,9,79,2490,240,878,232,224,124,4184
133,covtype133,18,228,3106,658,5984,191,254,196,1655
134,covtype134,24,284,2831,60,5208,145,232,222,4611
135,covtype135,8,112,2837,272,3649,235,231,128,6221
136,covtype136,23,299,2890,180,5104,150,224,212,4734
137,covtype137,5,135,2824,218,3583,227,238,144,6316
138,covtype138,3,135,2728,242,2250,224,238,150,5515
139,covtype139,16,88,2962,190,6095,242,212,95,3811
140,covtype140,11,220,3142,424,6216,207,251,179,1989
141,covtype141,5,34,2536,242,1242,219,228,146,4201
142,covtype142,6,95,3168,30,4884,229,231,136,1239
143,covtype143,24,289,2926,210,5126,145,228,220,4814
144,covtype144,6,21,2893,295,4106,216,227,148,5865
145,covtype145,11,20,2687,150,1986,212,217,140,4936
146,covtype146,17,211,3109,424,6089,204,254,181,2017
147,covtype147,20,200,3119,60,6297,208,253,172,2377
148,covtype148,10,349,2916,488,4472,202,223,160,5502
149,covtype149,3,18,2795,218,3042,217,233,153,6073
150,covtype150,14,58,2555,285,1231,230,209,109,4159
151,covtype151,13,42,2499,497,953,222,212,123,3950
152,covtype152,11,173,3027,335,5678,227,245,149,1900
153,covtype153,15,160,3096,85,6156,234,242,135,2310
154,covtype154,13,105,2916,268,5618,242,223,108,4417
155,covtype155,12,42,2591,350,1398,222,213,125,4224
156,covtype156,16,328,3185,127,4763,178,219,180,1392
157,covtype157,10,221,3021,324,5675,208,250,177,1937
158,covtype158,4,257,3083,510,6363,209,242,171,2873
159,covtype159,33,276,2860,60,5292,115,226,240,4759
160,covtype160,15,196,3008,228,5535,215,251,166,1924
161,covtype161,14,189,3034,384,5754,220,250,160,2012
162,covtype162,16,130,2873,67,4030,244,230,110,6091
163,covtype163,13,49,3182,319,4767,225,211,118,1513
164,covtype164,12,102,2998,384,6026,239,225,114,4121
165,covtype165,20,357,2658,300,1597,184,199,149,4286
166,covtype166,7,15,3175,366,4816,214,226,149,1584
167,covtype167,7,8,2952,488,4953,212,227,152,5192
168,covtype168,12,95,2622,484,1329,239,222,112,4086
169,covtype169,21,288,2955,247,5224,156,233,215,4968
170,covtype170,9,66,2837,201,3655,229,221,124,6341
171,covtype171,3,45,3182,458,4723,220,232,149,1661
172,covtype172,3,129,3077,618,6296,225,237,147,3261
173,covtype173,4,320,2755,30,2890,209,236,165,5468
174,covtype174,11,28,3047,600,6414,216,215,134,3540
175,covtype175,12,86,2880,30,4369,237,221,113,5906
176,covtype176,3,292,3221,424,4401,212,238,165,1710
177,covtype177,10,115,3182,553,4605,237,231,124,1768
178,covtype178,24,29,3064,150,5051,204,182,104,2148
179,covtype179,15,332,2827,42,3599,185,221,174,6067
180,covtype180,5,107,2518,360,553,229,234,139,3522
181,covtype181,4,180,3050,277,5782,221,242,156,2721
182,covtype182,12,356,3107,283,4855,201,219,155,2069
183,covtype183,15,173,2995,268,6312,228,246,146,4135
184,covtype184,4,164,2721,67,1747,224,241,152,4191
185,covtype185,7,116,3182,579,4425,233,233,133,1854
186,covtype186,11,132,2724,60,2720,238,234,124,4875
187,covtype187,9,90,2515,313,511,233,227,125,3451
188,covtype188,22,46,3017,212,5118,221,188,92,2352
189,covtype189,4,256,3077,618,6230,210,242,170,3734
190,covtype190,8,338,2929,190,4393,202,228,165,6106
191,covtype191,12,127,2735,67,2806,240,232,120,4924
192,covtype192,20,319,2893,150,5825,164,217,192,4667
193,covtype193,4,45,3231,648,4173,221,231,147,1921
194,covtype194,10,89,2560,218,731,235,224,120,3505
195,covtype195,15,43,3162,484,4657,221,205,115,2188
196,covtype196,14,188,2982,120,5501,220,250,160,2750
197,covtype197,5,66,2731,0,2826,225,230,141,4873
198,covtype198,11,50,3172,759,4287,225,215,123,2037
199,covtype199,21,138,2916,127,6349,247,227,98,4206
200,covtype200,17,63,2890,153,3670,233,202,96,5757
201,covtype201,10,45,2704,323,1323,223,219,130,3734
202,covtype202,18,23,3198,604,4545,207,200,124,2285
203,covtype203,5,214,2985,342,5495,215,245,166,3195
204,covtype204,21,323,3011,443,5838,164,214,188,4910
205,covtype205,18,312,3024,474,5785,169,224,194,4961
206,covtype206,16,56,3244,618,3865,229,204,104,2225
207,covtype207,25,36,2972,30,5113,209,176,90,2816
208,covtype208,13,167,2985,458,5571,230,244,144,3519
209,covtype209,17,23,2539,90,488,207,201,125,3115
210,covtype210,8,260,3001,720,5790,200,245,183,3903
211,covtype211,10,51,2952,150,5123,225,218,126,2960
212,covtype212,13,211,2962,255,5365,209,252,177,3337
213,covtype213,4,45,2727,124,2285,221,231,147,4245
214,covtype214,17,167,3004,603,5798,232,244,137,4031
215,covtype215,8,22,2886,285,3849,215,222,144,5557
216,covtype216,8,344,3024,600,5201,203,227,163,5764
217,covtype217,14,187,3034,335,6084,221,249,158,4921
218,covtype218,13,279,2903,190,4179,184,241,197,5904
219,covtype219,4,245,2926,30,5180,212,243,169,3331
220,covtype220,16,200,2942,180,5276,212,252,170,3470
221,covtype221,13,54,2991,495,4849,227,211,115,6214
222,covtype222,9,116,2742,150,2475,236,231,126,4314
223,covtype223,18,356,2606,67,911,188,205,152,3174
224,covtype224,5,326,3244,750,3730,207,234,166,2460
225,covtype225,14,27,3237,997,4002,213,210,130,2506
226,covtype226,24,359,2616,42,977,176,187,142,3186
227,covtype227,11,16,2913,457,3974,211,217,142,5568
228,covtype228,7,48,2813,201,3018,223,225,137,4729
229,covtype229,1,149,2530,319,234,221,238,154,2726
230,covtype230,7,45,3260,503,3558,222,225,138,2531
231,covtype231,3,90,3047,870,5484,224,234,146,5635
232,covtype232,20,60,2955,201,4934,231,195,88,3248
233,covtype233,13,77,2893,85,6012,236,215,107,4682
234,covtype234,24,38,2965,247,4883,212,181,92,3315
235,covtype235,15,230,3037,570,5985,196,252,191,5238
236,covtype236,10,152,3027,792,5316,233,240,138,5912
237,covtype237,16,70,2756,120,2501,235,208,100,4210
238,covtype238,6,325,2939,510,4078,206,234,167,5584
239,covtype239,9,126,3198,418,4200,235,234,130,2858
240,covtype240,7,90,3195,362,4243,231,229,132,2880
241,covtype241,6,222,2975,360,5719,213,245,169,4519
242,covtype242,13,84,2890,30,5918,238,218,108,4761
243,covtype243,10,109,3018,815,5833,238,229,121,5486
244,covtype244,5,85,3011,842,5389,228,231,137,5975
245,covtype245,16,79,3221,618,3968,239,210,96,2868
246,covtype246,7,135,3004,811,5383,231,237,138,6017
247,covtype247,20,49,2572,384,391,224,192,94,2509
248,covtype248,11,128,3260,743,3824,238,233,124,2854
249,covtype249,4,25,3168,30,4426,218,231,150,3180
250,covtype250,12,349,2878,67,3489,198,220,161,4924
251,covtype251,8,9,3198,301,4099,211,224,150,3076
252,covtype252,8,260,2975,391,6071,200,245,183,5262
253,covtype253,10,38,3178,0,4286,220,217,131,3248
254,covtype254,10,176,2995,690,6068,226,246,152,5533
255,covtype255,8,144,2913,210,5478,232,239,139,4733
256,covtype256,9,175,2982,424,5267,225,245,153,6500
257,covtype257,12,209,2945,362,5877,211,251,173,5354
258,covtype258,2,143,2995,631,5459,223,238,151,6349
259,covtype259,5,288,2945,0,4801,205,239,173,6034
260,covtype260,8,288,2959,120,4683,199,240,180,5920
261,covtype261,13,114,2796,60,2599,242,226,111,3934
262,covtype262,2,315,2785,60,2486,214,237,161,3829
263,covtype263,17,325,2784,153,1798,177,220,182,3198
264,covtype264,15,320,2789,182,1771,181,225,183,3174
265,covtype265,19,162,2922,240,5076,235,241,129,4536
266,covtype266,3,135,3008,931,5727,224,238,150,6096
267,covtype267,10,73,2978,323,5160,232,221,121,6368
268,covtype268,11,54,2892,134,3178,226,217,123,4457
269,covtype269,10,45,2521,42,408,223,218,129,2066
270,covtype270,7,72,2985,497,5372,228,227,133,6482
271,covtype271,19,39,3057,626,4435,217,196,107,3955
272,covtype272,9,78,2829,60,2941,232,223,123,4187
273,covtype273,5,331,3201,0,4002,208,234,164,3460
274,covtype274,13,329,3136,789,4228,187,223,175,3798
275,covtype275,14,355,2548,60,551,197,215,155,2058
276,covtype276,9,89,2962,42,4891,234,225,122,6046
277,covtype277,13,15,2808,201,2431,208,213,141,3651
278,covtype278,12,87,2749,516,1499,238,220,111,2797
279,covtype279,14,328,3155,849,4184,185,222,177,3871
280,covtype280,11,285,2991,849,5939,189,240,191,6068
281,covtype281,5,108,2968,306,4113,229,234,138,5265
282,covtype282,13,77,2932,108,3911,236,216,108,5067
283,covtype283,7,356,2808,153,2592,209,227,157,3757
284,covtype284,4,106,2794,210,1888,227,234,142,3079
285,covtype285,17,24,3080,659,4377,208,201,125,4176
286,covtype286,16,52,2936,180,4656,227,203,105,4456
287,covtype287,10,261,2913,313,5706,197,245,187,5517
288,covtype288,8,232,2919,323,5728,207,248,178,5539
289,covtype289,6,257,2978,85,4795,205,244,177,5905
290,covtype290,14,312,2574,134,636,183,229,187,1924
291,covtype291,21,59,3142,730,4155,231,192,85,4070
292,covtype292,10,15,2804,212,1917,211,219,144,3031
293,covtype293,8,232,2929,366,5835,208,247,177,5776
294,covtype294,9,246,3001,764,5961,201,247,184,6227
295,covtype295,7,94,2813,371,1800,231,230,132,2872
296,covtype296,6,342,2988,192,4805,208,231,162,5836
297,covtype297,18,59,3175,612,4042,231,200,96,4184
298,covtype298,7,61,2804,362,1838,226,225,133,2825
299,covtype299,10,78,3001,335,5320,234,221,118,6310
300,covtype300,9,141,2914,277,3471,234,238,135,4430
301,covtype301,17,41,2668,283,1276,219,200,110,2240
302,covtype302,12,129,3185,481,3899,240,233,121,4273
303,covtype303,9,216,2913,268,5715,211,249,173,5983
304,covtype304,5,72,3168,418,3855,226,230,138,4394
305,covtype305,9,30,2955,30,4478,218,220,137,5370
306,covtype306,7,100,2932,30,4280,232,231,131,5166
307,covtype307,7,53,3201,488,3667,224,225,135,4255
308,covtype308,5,236,2903,212,5656,211,244,171,6046
309,covtype309,2,352,2874,400,2869,216,236,157,3653
310,covtype310,6,254,2903,212,5689,206,244,176,6195
311,covtype311,12,45,2800,0,2244,223,214,124,2958
312,covtype312,9,336,3257,693,3443,199,227,167,4246
313,covtype313,5,278,3188,210,3634,206,241,173,4526
314,covtype314,8,62,2952,192,4487,227,223,130,5251
315,covtype315,16,237,2932,342,5797,189,252,198,6409
316,covtype316,4,281,3050,630,5540,209,240,169,6162
317,covtype317,11,285,2955,212,4302,188,240,192,5057
318,covtype318,17,41,2791,458,1740,220,201,111,2294
319,covtype319,3,162,3172,180,3632,222,240,153,4624
320,covtype320,14,69,3116,297,3870,234,212,107,4802
321,covtype321,10,51,2895,162,3326,225,219,127,4002
322,covtype322,6,122,3182,134,3510,230,235,138,4585
323,covtype323,9,81,3024,218,4152,233,224,123,5114
324,covtype324,9,251,2962,480,5863,201,246,183,6356
325,covtype325,4,27,2978,192,4780,218,230,149,5502
326,covtype326,12,40,2952,323,4558,221,213,124,5268
327,covtype327,13,348,2945,255,3768,194,217,161,4425
328,covtype328,7,188,3149,134,3718,221,245,159,4831
329,covtype329,15,150,2833,242,1953,238,238,126,2407
330,covtype330,10,185,3136,42,3623,222,248,158,4858
331,covtype331,13,49,2851,268,2538,225,211,118,3037
332,covtype332,8,111,2933,300,3644,234,231,129,4221
333,covtype333,6,110,2810,421,1871,230,234,138,2178
334,covtype334,10,85,3267,484,3194,235,223,119,4518
335,covtype335,16,30,3188,85,3340,213,203,121,4753
336,covtype336,5,37,2955,426,3905,220,229,145,4475
337,covtype337,9,276,3001,752,5893,197,242,184,6012
338,covtype338,10,281,3008,780,5864,194,241,187,5998
339,covtype339,5,28,2942,391,3707,218,230,148,4228
340,covtype340,9,331,2921,395,3516,200,230,169,4024
341,covtype341,5,315,2985,361,5023,206,235,169,5570
342,covtype342,14,289,2978,570,4480,179,238,198,5007
343,covtype343,20,51,2889,362,2689,225,193,94,3049
344,covtype344,3,103,2814,210,2145,225,235,145,2316
345,covtype345,9,127,2938,408,2896,236,234,128,3239
346,covtype346,11,95,2828,127,2467,238,224,116,2714
347,covtype347,12,95,3146,240,3287,239,222,112,5052
348,covtype348,8,94,2977,466,4283,232,229,129,4676
349,covtype349,2,45,3034,680,5544,220,234,151,5490
350,covtype350,19,61,3083,192,3320,232,197,90,5380
351,covtype351,5,23,3044,210,3481,217,228,148,5476
352,covtype352,8,90,2982,242,3695,232,228,129,5609
353,covtype353,15,176,2901,256,3181,226,247,149,3360
354,covtype354,6,66,2995,247,4770,227,227,135,5126
355,covtype355,6,151,2528,108,598,228,240,145,390
356,covtype356,8,112,3188,60,2880,235,231,128,5166
357,covtype357,24,243,2939,400,5619,164,250,217,5753
358,covtype358,11,215,3008,696,5880,209,251,176,5600
359,covtype359,9,238,3021,815,5855,204,248,181,5543
360,covtype360,11,80,2937,330,4094,234,221,118,4354
361,covtype361,10,317,2844,67,2758,194,231,178,2724
362,covtype362,3,13,2781,351,2148,216,233,154,1707
363,covtype363,18,252,2945,421,5615,176,249,209,5686
364,covtype364,12,143,2857,85,3111,238,237,127,3161
365,covtype365,7,53,3021,258,3544,224,224,134,5720
366,covtype366,3,141,2919,192,3992,225,238,149,6047
367,covtype367,9,185,2800,170,2382,222,246,158,2001
368,covtype368,18,151,2773,350,1680,240,237,119,983
369,covtype369,17,144,2759,300,1590,242,234,115,895
370,covtype370,20,117,2714,242,1470,250,217,85,779
371,covtype371,26,109,2671,175,1350,253,200,58,664
372,covtype372,9,126,2975,120,4763,235,234,130,4928
373,covtype373,19,148,2775,335,1770,242,234,113,1061
374,covtype374,18,149,2746,268,1620,240,236,119,912
375,covtype375,19,148,2743,255,1590,242,235,114,883
376,covtype376,16,108,2717,201,1500,246,220,98,794
377,covtype377,14,136,2751,277,1680,241,234,119,967
378,covtype378,14,131,2739,242,1620,242,232,116,908
379,covtype379,16,133,2733,228,1590,244,231,111,878
380,covtype380,15,117,2716,175,1500,245,225,105,789
381,covtype381,14,99,2611,30,1200,243,220,103,495
382,covtype382,11,123,3073,0,3060,239,231,121,5654
383,covtype383,18,167,3060,95,3251,232,244,136,5755
384,covtype384,8,120,2899,162,3944,234,234,132,4034
385,covtype385,8,107,2861,30,3434,234,231,129,3406
386,covtype386,3,351,2853,0,3342,214,234,158,3287
387,covtype387,8,202,2785,134,2429,217,247,165,1860
388,covtype388,16,127,2723,190,1560,245,228,108,845
389,covtype389,23,110,2656,85,1350,252,208,72,636
390,covtype390,10,194,3064,30,3111,218,249,164,5721
391,covtype391,16,167,3050,67,3229,231,244,140,5783
392,covtype392,13,141,3004,124,3500,239,236,124,5934
393,covtype393,10,58,2952,201,3736,228,218,123,6078
394,covtype394,12,68,3034,362,5550,232,216,114,5100
395,covtype395,20,130,2703,127,1500,248,225,97,780
396,covtype396,23,128,2685,95,1440,251,218,81,722
397,covtype397,25,119,2661,67,1380,253,210,70,663
398,covtype398,4,101,3057,0,3069,226,234,144,5740
399,covtype399,13,139,3050,30,3127,240,235,123,5770
400,covtype400,5,342,3060,495,5700,209,232,161,5139
401,covtype401,14,49,2945,0,4671,225,208,114,4737
402,covtype402,18,123,2704,124,1530,247,224,99,797
403,covtype403,24,129,2676,67,1440,251,217,79,713
404,covtype404,14,81,2621,0,1290,238,214,103,571
405,covtype405,13,45,3060,30,3046,223,211,120,5768
406,covtype406,15,136,2975,124,3543,243,232,114,6039
407,covtype407,4,21,3067,518,5739,217,231,151,5125
408,covtype408,16,128,2719,150,1621,244,229,109,874
409,covtype409,15,86,2638,0,1351,241,213,98,618
410,covtype410,19,115,2700,67,1533,249,218,90,779
411,covtype411,22,108,2673,42,1473,251,208,72,721
412,covtype412,11,71,2654,0,1413,233,218,115,664
413,covtype413,12,50,2664,0,1445,225,214,122,684
414,covtype414,8,80,3050,360,5638,231,225,127,4978
415,covtype415,8,125,2858,268,3288,233,235,134,3034
416,covtype416,9,163,2854,285,3246,229,243,146,2974
417,covtype417,11,56,3047,95,3182,227,218,123,5994
418,covtype418,6,351,2873,201,3459,210,230,159,3242
419,covtype419,12,23,2680,0,1511,213,214,136,730
420,covtype420,9,120,2839,190,3055,236,233,128,2612
421,covtype421,7,86,2792,228,2862,230,229,132,2282
422,covtype422,11,74,3103,201,2870,233,219,116,5920
423,covtype423,1,90,2702,0,1727,221,236,151,932
424,covtype424,8,282,2991,268,5024,198,241,182,4582
425,covtype425,6,31,3004,180,5222,219,228,145,4624
426,covtype426,6,117,2919,150,3903,231,234,136,6349
427,covtype427,14,258,2945,376,5535,186,247,199,5134
428,covtype428,1,270,3054,390,5742,215,239,161,4830
429,covtype429,5,75,2978,295,4847,227,230,137,4455
430,covtype430,8,81,2915,0,4345,231,226,128,4260
431,covtype431,4,30,2756,150,2571,218,231,149,1770
432,covtype432,4,155,2717,0,2037,224,240,150,1230
433,covtype433,1,315,2928,150,4194,215,237,160,4050
434,covtype434,3,95,2770,258,2813,224,235,147,2011
435,covtype435,23,77,2656,283,1320,242,190,66,518
436,covtype436,5,124,2750,150,2370,229,236,140,1565
437,covtype437,7,45,2907,350,4041,222,225,138,3783
438,covtype438,13,65,2781,42,3162,232,214,112,2465
439,covtype439,5,203,2715,124,1920,217,245,164,1120
440,covtype440,11,338,2968,216,3426,196,225,167,6508
441,covtype441,8,130,2739,134,2160,234,236,133,1366
442,covtype442,3,129,2922,218,4283,225,237,147,4027
443,covtype443,6,101,2792,108,3180,230,232,135,2442
444,covtype444,8,90,3064,371,2822,232,228,129,6357
445,covtype445,14,243,3041,513,5911,192,250,195,4636
446,covtype446,8,32,2888,470,3700,219,224,141,3164
447,covtype447,1,180,3080,247,2715,219,239,157,6347
448,covtype448,27,132,2613,170,1260,251,215,73,558
449,covtype449,4,135,2978,108,3247,226,238,146,6576
450,covtype450,12,353,2952,0,4928,200,219,157,4105
451,covtype451,14,81,2773,108,3019,238,215,106,2338
452,covtype452,8,90,3057,390,2783,232,228,129,6452
453,covtype453,16,45,3064,228,5623,223,203,110,4361
454,covtype454,9,174,2742,268,2455,226,245,152,1725
455,covtype455,16,167,2677,85,1680,231,244,140,953
456,covtype456,18,140,2567,60,1110,244,232,110,492
457,covtype457,6,142,2739,228,2465,229,239,143,1761
458,covtype458,14,267,3001,641,5749,182,245,201,4570
459,covtype459,13,343,2584,150,812,192,219,165,480
460,covtype460,6,104,2902,558,3643,230,233,136,3107
461,covtype461,9,155,3047,424,2760,231,241,142,6661
462,covtype462,6,212,2909,212,4092,215,246,168,3586
463,covtype463,5,198,2910,234,4063,218,244,161,3556
464,covtype464,10,108,3011,212,2912,237,229,122,6632
465,covtype465,8,68,2998,124,2987,228,225,130,6557
466,covtype466,12,263,3011,674,5753,189,246,196,4386
467,covtype467,12,24,3008,309,5353,213,214,135,3950
468,covtype468,10,18,3004,192,5232,212,219,143,3899
469,covtype469,6,81,3031,513,5542,228,230,136,4002
470,covtype470,5,288,2939,379,5448,207,239,171,4506
471,covtype471,12,277,2949,437,5506,186,242,195,4471
472,covtype472,9,323,3028,242,5079,196,230,174,3771
473,covtype473,1,315,2900,90,5152,216,237,159,4667
474,covtype474,7,96,2932,247,3861,232,229,129,5585
475,covtype475,5,72,2909,324,4554,226,230,138,5006
476,covtype476,3,180,2900,300,4725,220,241,156,4880
477,covtype477,12,143,2867,437,3363,237,237,129,2963
478,covtype478,10,356,3047,618,5664,204,222,156,3811
479,covtype479,14,15,2617,30,1652,207,211,139,1383
480,covtype480,7,340,2998,108,2978,205,230,163,6224
481,covtype481,7,276,2962,497,3610,201,242,179,5658
482,covtype482,12,160,2759,120,2782,233,242,139,2462
483,covtype483,17,217,3027,700,5844,201,254,185,4011
484,covtype484,13,121,2963,175,4557,241,229,116,3360
485,covtype485,15,117,2919,175,4375,244,225,106,3311
486,covtype486,24,343,2690,120,1816,163,195,165,1645
487,covtype487,21,235,2955,451,5590,180,253,205,4074
488,covtype488,13,120,2953,134,4518,241,229,115,3297
489,covtype489,17,124,2887,95,4252,246,226,102,3273
490,covtype490,8,338,3014,150,2888,202,228,165,6169
491,covtype491,11,62,2995,484,3209,230,216,118,5849
492,covtype492,6,142,2965,0,4778,229,239,143,3283
493,covtype493,9,47,2982,437,3387,223,220,131,5641
494,covtype494,10,311,2739,270,1765,193,233,180,1742
495,covtype495,3,243,2916,335,5442,213,242,166,4030
496,covtype496,3,135,3047,932,5900,224,238,149,3591
497,covtype497,2,270,2751,0,3068,214,239,163,2912
498,covtype498,7,318,2690,514,967,202,234,171,1310
499,covtype499,10,89,2599,30,558,235,224,120,1233
500,covtype500,7,264,2919,408,5490,202,244,181,3945
501,covtype501,12,253,2975,616,5780,193,248,193,3739
502,covtype502,9,83,2617,127,573,233,224,122,1290
503,covtype503,7,92,2574,0,408,232,229,129,1318
504,covtype504,11,19,2939,60,3980,212,217,141,5016
505,covtype505,10,45,2915,60,4397,223,218,129,3018
506,covtype506,5,41,2765,0,3263,221,229,144,3107
507,covtype507,13,348,2784,170,2758,194,217,161,2687
508,covtype508,22,108,2850,42,3976,251,210,76,2971
509,covtype509,7,236,2919,350,5470,208,246,176,3853
510,covtype510,14,233,2995,638,5932,196,252,191,3487
511,covtype511,15,32,2817,390,2561,216,207,124,2613
512,covtype512,2,18,2932,485,4326,217,234,154,4597
513,covtype513,7,11,2826,366,2648,213,225,150,2704
514,covtype514,10,47,2795,451,2260,224,219,129,2389
515,covtype515,5,62,2760,547,1842,224,230,142,2079
516,covtype516,9,76,2700,433,1124,231,224,126,1691
517,covtype517,9,238,3001,592,5966,204,248,181,3379
518,covtype518,3,165,2699,390,908,222,240,154,1670
519,covtype519,6,79,2730,270,1353,228,229,135,1883
520,covtype520,8,82,2655,384,607,232,225,126,1634
521,covtype521,14,46,2644,319,518,224,209,116,1624
522,covtype522,12,252,2998,553,5940,193,248,193,3271
523,covtype523,8,28,2854,446,2791,217,223,141,2912
524,covtype524,8,63,2809,458,2251,228,223,128,2486
525,covtype525,19,94,2633,258,454,246,208,84,1651
526,covtype526,10,152,2588,182,277,233,240,138,1654
527,covtype527,10,84,2811,433,2250,234,224,121,2506
528,covtype528,15,208,2926,300,5633,208,253,176,3446
529,covtype529,14,71,2839,488,2370,235,213,107,2616
530,covtype530,11,179,2689,210,932,225,247,153,1851
531,covtype531,19,66,3015,335,3777,235,199,88,4847
532,covtype532,14,62,2995,362,3836,231,211,109,4795
533,covtype533,7,159,2938,285,4891,228,242,146,2656
534,covtype534,8,130,2929,150,4651,233,236,135,2590
535,covtype535,11,107,2851,458,2402,238,227,119,2698
536,covtype536,14,122,2949,379,5131,242,229,113,2714
537,covtype537,14,33,2596,335,150,216,209,125,1321
538,covtype538,8,45,2939,306,4602,223,222,134,4080
539,covtype539,17,44,2805,170,1902,222,200,108,2436
540,covtype540,9,52,3074,42,3105,225,221,130,5353
541,covtype541,16,54,2932,283,3578,228,203,104,2418
542,covtype542,20,29,2868,95,3369,209,192,112,2468
543,covtype543,8,128,2864,451,2741,234,235,133,2713
544,covtype544,14,352,2946,170,4298,195,216,158,2352
545,covtype545,12,25,3021,564,3847,213,213,134,4662
546,covtype546,14,49,3018,631,3936,225,208,114,4569
547,covtype547,6,193,2863,390,2869,220,245,161,2577
548,covtype548,6,156,2978,524,5532,228,241,147,2688
549,covtype549,12,63,2945,324,3561,230,215,116,2278
550,covtype550,9,120,2968,365,5386,236,232,127,2557
551,covtype551,5,93,2734,277,1645,228,232,138,2445
552,covtype552,11,83,2728,277,1587,236,220,114,2416
553,covtype553,5,190,2762,30,1972,220,244,159,2647
554,covtype554,5,270,2922,120,4843,207,241,173,3582
555,covtype555,11,61,2926,90,5123,229,218,121,2375
556,covtype556,6,346,2962,518,5549,209,231,160,2514
557,covtype557,27,183,2624,60,1195,215,245,145,2374
558,covtype558,5,107,2917,210,3413,229,234,139,2125
559,covtype559,3,345,2644,85,509,214,235,159,1426
560,covtype560,4,45,2645,134,467,221,230,145,1368
561,covtype561,16,24,3024,297,4116,210,204,127,4161
562,covtype562,14,40,2651,242,641,220,208,119,1783
563,covtype563,7,231,2936,285,5773,210,246,174,2571
564,covtype564,14,127,2813,60,2845,243,230,112,2313
565,covtype565,19,344,2617,30,1307,178,206,165,2506
566,covtype566,5,281,2952,212,4824,206,240,173,2022
567,covtype567,17,286,2968,283,4735,171,237,206,1992
568,covtype568,6,228,2992,458,4439,211,246,172,1919
569,covtype569,9,124,2976,277,4173,235,234,129,1891
570,covtype570,9,131,2796,0,2794,235,235,132,2323
571,covtype571,9,311,2955,421,5660,196,234,177,2428
572,covtype572,13,175,2917,30,3707,227,247,149,1907
573,covtype573,20,72,2821,90,2889,238,198,82,2247
574,covtype574,20,179,2794,124,2629,224,247,147,2408
575,covtype575,4,266,2661,67,631,210,241,169,1499
576,covtype576,17,119,2793,30,2810,247,222,97,2274
577,covtype577,19,315,2976,319,4779,165,220,194,1917
578,covtype578,21,115,2807,85,2876,251,214,81,2215
579,covtype579,13,87,3109,446,3469,239,218,108,4669
580,covtype580,7,53,3109,362,3774,224,224,134,4310
581,covtype581,19,109,2792,67,2856,249,214,85,2208
582,covtype582,16,121,2775,30,2799,246,225,103,2244
583,covtype583,13,14,3113,376,3684,207,213,141,4380
584,covtype584,9,341,2919,467,4830,202,228,164,3187
585,covtype585,12,129,2757,0,2751,240,232,120,2259
586,covtype586,14,41,2952,335,4604,221,208,119,3375
587,covtype587,15,91,2764,42,2789,242,216,100,2216
588,covtype588,19,109,2753,60,2771,248,216,88,2213
589,covtype589,19,122,2744,30,2742,248,222,94,2232
590,covtype590,18,138,2736,0,2714,244,231,109,2252
591,covtype591,10,156,2954,301,4308,232,242,141,1657
592,covtype592,23,138,2662,30,2173,248,225,93,2588
593,covtype593,14,69,2988,228,4298,234,211,106,3596
594,covtype594,14,72,2965,361,4509,235,212,105,3383
595,covtype595,21,118,2663,30,2214,250,217,84,2546
596,covtype596,10,64,2600,247,277,230,219,122,1195
597,covtype597,16,71,2942,499,4656,236,208,99,3211
598,covtype598,18,90,2718,30,2719,244,209,87,2207
599,covtype599,19,168,2695,30,2608,231,244,135,2291
600,covtype600,3,31,2669,342,696,219,233,151,1559
601,covtype601,20,103,2753,108,2813,249,210,80,2123
602,covtype602,18,101,2721,42,2730,247,213,88,2185
603,covtype603,10,142,2686,0,2592,235,238,132,2293
604,covtype604,5,119,2676,0,2483,228,235,141,2352
605,covtype605,6,135,2610,272,323,230,237,141,1256
606,covtype606,18,137,2706,60,2714,245,230,106,2185
607,covtype607,24,323,2709,127,2125,153,208,191,2563
608,covtype608,3,66,2676,391,883,222,233,147,1745
609,covtype609,8,70,3201,331,2908,229,225,129,5058
610,covtype610,7,120,2688,30,2644,232,235,136,2227
611,covtype611,2,11,2685,30,2617,217,234,155,2241
612,covtype612,6,347,2684,0,2630,208,230,160,2215
613,covtype613,25,329,2714,127,2207,153,202,184,2479
614,covtype614,5,38,2766,85,1813,220,228,144,2800
615,covtype615,10,101,2695,0,2778,237,227,120,2101
616,covtype616,6,35,2690,0,2751,219,227,144,2123
617,covtype617,24,126,2795,153,3259,252,215,76,1740
618,covtype618,27,332,2740,175,2239,146,194,181,2432
619,covtype619,7,238,3009,446,5071,207,246,177,1631
620,covtype620,19,84,2964,124,4607,243,204,83,1434
621,covtype621,30,332,2783,255,2180,138,188,181,2467
622,covtype622,9,56,2781,190,1987,226,222,130,2630
623,covtype623,8,40,2775,134,1940,221,223,137,2673
624,covtype624,3,39,2781,60,1871,220,232,149,2739
625,covtype625,13,120,3149,150,3438,242,229,114,4269
626,covtype626,5,345,3044,342,4119,209,231,160,3538
627,covtype627,4,76,2919,228,4914,225,232,143,2754
628,covtype628,11,52,2786,182,2005,226,216,123,2609
629,covtype629,8,13,2780,124,1959,212,223,148,2652
630,covtype630,9,350,2780,95,1936,203,224,160,2674
631,covtype631,9,79,2872,0,4336,232,224,124,1323
632,covtype632,2,27,2796,240,2071,218,234,153,2546
633,covtype633,10,54,2790,180,2024,226,218,125,2588
634,covtype634,11,107,2769,95,1663,238,227,119,2869
635,covtype635,7,48,2719,361,1290,223,224,136,2177
636,covtype636,23,357,2763,201,2728,177,192,147,2032
637,covtype637,9,73,3011,659,4341,231,223,124,3215
638,covtype638,13,65,2955,481,4590,232,214,112,2967
639,covtype639,7,135,3149,67,3282,231,237,138,4310
640,covtype640,9,112,2808,0,4034,235,231,127,1230
641,covtype641,13,352,2811,228,2145,198,218,158,2464
642,covtype642,5,60,3205,570,2797,224,229,140,4817
643,covtype643,23,48,2892,150,4337,222,183,85,1140
644,covtype644,14,293,2922,283,5205,179,236,197,2218
645,covtype645,23,352,2828,424,2556,174,194,154,2086
646,covtype646,7,327,2598,30,582,204,233,168,1482
647,covtype647,10,348,2972,402,4565,201,223,161,2880
648,covtype648,26,348,2834,430,2647,163,188,157,2005
649,covtype649,14,42,2810,300,1666,222,209,120,2620
650,covtype650,17,141,2684,30,1107,243,233,113,2047
651,covtype651,9,39,2613,42,685,221,219,133,1626
652,covtype652,2,234,2647,323,726,216,241,162,1299
653,covtype653,9,95,2667,541,691,234,227,124,1293
654,covtype654,8,305,2942,379,5232,198,236,177,2110
655,covtype655,15,340,2971,85,4734,187,217,168,1131
656,covtype656,5,308,2822,234,1758,205,237,171,2765
657,covtype657,11,60,2661,30,1045,229,216,119,1996
658,covtype658,10,338,2687,437,792,198,226,167,1350
659,covtype659,8,85,3103,524,3805,232,227,128,3589
660,covtype660,22,50,3034,531,4252,224,186,86,3131
661,covtype661,19,28,2682,60,1110,209,194,115,2060
662,covtype662,22,343,2876,532,2742,171,201,165,1894
663,covtype663,6,358,2802,433,1718,210,228,156,2630
664,covtype664,25,39,2958,351,4440,211,176,87,932
665,covtype665,16,20,2890,430,2954,208,205,131,1723
666,covtype666,22,27,2702,120,1149,205,188,111,2101
667,covtype667,23,29,2686,95,1082,205,184,106,2036
668,covtype668,17,52,2727,0,1332,226,202,103,2278
669,covtype669,17,36,2720,30,1308,217,201,114,2255
670,covtype670,13,44,2733,30,1350,222,210,120,2297
671,covtype671,15,349,2724,67,1302,191,213,160,2252
672,covtype672,4,13,2619,42,819,215,231,152,1691
673,covtype673,11,83,3195,366,2952,235,221,116,4401
674,covtype674,6,106,3139,531,3599,231,232,135,3690
675,covtype675,16,44,2929,591,2698,222,204,112,1911
676,covtype676,22,293,2849,120,2115,154,229,213,2646
677,covtype677,5,90,2733,60,1364,227,232,139,2315
678,covtype678,20,333,2803,182,3721,170,210,177,1124
679,covtype679,14,82,2871,228,2385,238,215,105,2271
680,covtype680,13,99,2737,30,1406,241,221,108,2357
681,covtype681,1,135,2730,60,1383,220,238,155,2335
682,covtype682,13,332,2653,190,900,190,224,173,1722
683,covtype683,13,21,2655,741,630,211,212,135,1652
684,covtype684,13,332,2659,201,930,190,224,173,1749
685,covtype685,32,92,2871,218,4173,249,174,28,792
686,covtype686,7,217,2988,446,5467,212,247,171,1437
687,covtype687,29,316,2920,433,3511,133,202,203,1265
688,covtype688,17,63,2718,242,1142,233,204,98,2082
689,covtype689,8,66,2682,547,812,228,225,131,1702
690,covtype690,6,324,2662,616,543,205,233,168,1765
691,covtype691,14,49,3096,242,4180,225,208,114,2984
692,covtype692,11,38,2975,633,3282,220,216,129,1381
693,covtype693,12,93,2653,511,424,239,222,111,1833
694,covtype694,26,314,2876,295,3746,142,210,203,1074
695,covtype695,4,35,2969,531,2930,219,231,148,1679
696,covtype696,10,119,2662,531,481,237,232,125,1841
697,covtype697,7,108,2919,85,5022,232,232,133,1841
698,covtype698,12,270,2738,30,1506,188,244,195,2461
699,covtype699,23,27,2673,30,1113,204,183,106,1800
700,covtype700,11,276,2696,120,1167,190,242,192,1776
701,covtype701,14,56,2694,480,866,228,211,113,1782
702,covtype702,17,56,3024,67,4397,229,203,101,2584
703,covtype703,18,174,2986,234,4805,228,246,142,644
704,covtype704,5,332,2860,485,1964,209,234,163,2905
705,covtype705,11,40,2690,495,800,221,215,127,1820
706,covtype706,17,169,2987,390,4629,230,245,139,547
707,covtype707,17,96,2787,218,1767,245,214,93,2718
708,covtype708,25,299,2934,418,3736,141,221,216,1044
709,covtype709,7,304,2712,190,1146,201,237,175,1862
710,covtype710,13,160,2954,390,3012,233,242,137,1608
711,covtype711,7,68,2750,30,1676,227,226,133,2631
712,covtype712,16,57,3044,108,4295,229,206,105,2589
713,covtype713,10,52,2719,371,812,226,218,125,1935
714,covtype714,7,76,2764,323,1437,229,227,131,2372
715,covtype715,17,61,3034,212,4325,231,202,98,2491
716,covtype716,14,230,2753,175,1398,197,252,190,2315
717,covtype717,7,26,3109,30,3947,217,225,144,2962
718,covtype718,13,100,2936,300,4687,242,221,107,2012
719,covtype719,15,331,2875,277,2506,184,221,176,2402
720,covtype720,20,273,2878,134,4085,164,241,215,738
721,covtype721,14,66,2856,371,2086,233,211,108,2905
722,covtype722,7,211,2976,509,3599,215,247,168,1022
723,covtype723,6,9,2747,150,1380,214,228,152,2182
724,covtype724,8,47,2703,319,666,223,223,134,1813
725,covtype725,20,99,3073,216,4133,248,209,80,2624
726,covtype726,9,93,2932,124,4860,235,226,123,342
727,covtype727,24,323,2889,277,2605,152,208,191,2315
728,covtype728,9,85,3146,192,3755,233,225,124,3099
729,covtype729,9,64,2651,127,335,229,221,125,1559
730,covtype730,12,170,2942,323,4552,229,245,147,2051
731,covtype731,2,108,2534,247,234,221,237,151,1395
732,covtype732,7,10,2774,306,1691,213,227,151,2621
733,covtype733,9,43,2732,0,1566,222,220,132,2455
734,covtype734,12,228,2916,67,4975,202,251,185,1507
735,covtype735,18,118,2744,42,1531,248,221,95,2334
736,covtype736,6,171,2711,108,845,224,243,153,1803
737,covtype737,8,68,3021,201,4134,228,225,130,2493
738,covtype738,12,87,3032,277,5328,238,219,109,671
739,covtype739,26,53,2904,30,4975,224,176,71,256
740,covtype740,6,122,2866,242,2335,230,235,138,2730
741,covtype741,6,24,2539,120,446,217,226,146,1208
742,covtype742,13,357,2895,60,4236,198,215,154,514
743,covtype743,10,146,2903,443,2766,234,239,135,2219
744,covtype744,10,123,3086,319,3684,237,233,127,2970
745,covtype745,5,45,3083,256,3776,221,229,143,2850
746,covtype746,6,9,2924,255,3095,213,227,152,1855
747,covtype747,15,56,2740,162,1442,229,207,107,2151
748,covtype748,16,60,3109,319,3599,231,206,103,3031
749,covtype749,4,104,2914,391,2989,226,234,143,1995
750,covtype750,2,45,2686,0,616,220,234,150,1383
751,covtype751,18,44,2564,67,680,221,199,106,1052
752,covtype752,16,203,3010,484,5519,211,253,173,760
753,covtype753,6,111,2753,90,1897,230,234,137,2791
754,covtype754,5,6,2719,67,1194,214,230,154,1848
755,covtype755,1,45,2699,60,834,219,236,154,1510
756,covtype756,5,82,2925,424,3066,227,231,138,1948
757,covtype757,13,102,2821,242,2134,241,223,110,3013
758,covtype758,11,101,2754,85,1588,239,225,115,2148
759,covtype759,7,344,2674,234,626,206,229,162,1116
760,covtype760,6,83,3178,306,3209,228,230,137,3398
761,covtype761,13,76,2826,234,2174,236,216,109,2970
762,covtype762,8,95,2725,0,1490,233,229,128,2026
763,covtype763,20,97,2961,150,3636,248,206,77,1218
764,covtype764,7,88,2939,342,3234,231,228,129,1812
765,covtype765,10,181,2761,42,2117,223,247,156,3019
766,covtype766,6,148,2764,175,1816,229,239,144,2307
767,covtype767,22,322,2971,361,4671,160,213,190,258
768,covtype768,8,355,2992,67,4095,207,226,157,589
769,covtype769,7,80,2525,67,706,229,228,133,916
770,covtype770,4,60,2750,0,2154,223,231,144,2976
771,covtype771,7,345,2742,30,1597,206,229,161,2033
772,covtype772,7,15,2695,285,819,214,225,148,1104
773,covtype773,10,346,2993,300,4663,201,225,162,175
774,covtype774,14,30,2931,391,3078,215,209,128,2093
775,covtype775,2,188,2868,108,2616,219,240,157,2470
776,covtype776,3,252,2976,212,5365,213,241,166,900
777,covtype777,12,67,2926,324,3055,232,217,116,2093
778,covtype778,9,293,2853,42,2755,195,238,183,2329
779,covtype779,11,126,2719,277,1092,239,233,123,1302
780,covtype780,14,109,2624,127,911,244,223,105,655
781,covtype781,9,90,2985,295,4375,234,226,123,1900
782,covtype782,10,77,2909,120,4759,233,221,119,1499
783,covtype783,30,130,2911,108,5485,252,207,60,811
784,covtype784,14,357,2780,85,2335,197,213,153,2952
785,covtype785,7,338,2854,0,5493,205,230,164,703
786,covtype786,5,315,2997,30,4248,206,236,168,573
787,covtype787,9,65,3152,120,2928,229,222,126,3526
788,covtype788,10,76,2945,175,4542,233,220,118,1717
789,covtype789,14,63,2821,30,2496,232,211,108,2704
790,covtype790,4,166,3002,258,4690,223,241,153,120
791,covtype791,14,81,3030,85,4414,238,215,106,408
792,covtype792,13,125,3041,323,3971,242,230,115,2308
793,covtype793,20,339,2878,30,5493,175,208,170,872
794,covtype794,12,51,2770,120,1528,226,214,120,1652
795,covtype795,15,89,2733,582,1092,242,214,98,900
796,covtype796,15,62,3159,150,2881,231,209,106,3518
797,covtype797,12,94,3123,342,3544,238,222,113,2758
798,covtype798,14,69,2673,240,1084,234,211,106,553
799,covtype799,9,99,2787,30,1964,235,228,125,2136
800,covtype800,7,86,2544,247,1020,230,229,132,531
801,covtype801,10,55,3162,190,2871,226,219,126,3501
802,covtype802,24,151,2998,124,4140,242,231,105,2117
803,covtype803,7,37,2972,90,4242,220,224,139,920
804,covtype804,5,113,2859,42,2881,230,234,138,2250
805,covtype805,17,43,2851,255,2599,221,201,110,2771
806,covtype806,11,48,2601,162,1243,224,216,124,342
807,covtype807,7,96,3025,234,4437,232,229,129,726
808,covtype808,15,325,2869,120,2898,181,222,180,2310
809,covtype809,11,133,3067,242,3491,237,235,127,2771
810,covtype810,3,248,2905,95,4859,214,241,165,1490
811,covtype811,6,17,3001,323,3929,215,228,150,1371
812,covtype812,12,72,2712,391,1351,233,217,115,560
813,covtype813,10,72,3050,124,3538,231,221,122,2719
814,covtype814,10,37,2882,0,5639,220,219,133,1040
815,covtype815,9,108,2962,150,3840,236,230,125,1320
816,covtype816,9,357,2762,658,1529,207,225,156,900
817,covtype817,12,144,3041,60,3476,237,238,129,2781
818,covtype818,11,132,2984,153,3967,238,234,124,1245
819,covtype819,14,131,3090,124,3270,242,231,115,2986
820,covtype820,16,356,3008,42,3719,192,209,153,2549
821,covtype821,17,66,2900,42,5655,234,205,97,1116
822,covtype822,21,234,3014,285,5432,180,253,205,834
823,covtype823,7,254,2898,30,4919,204,245,179,1552
824,covtype824,3,114,2898,60,4948,224,236,147,1533
825,covtype825,15,32,2834,247,1897,216,207,124,1561
826,covtype826,5,96,2780,582,1616,228,233,139,902
827,covtype827,7,276,2896,30,4911,201,242,179,1575
828,covtype828,3,352,2898,60,4941,214,233,158,1556
829,covtype829,14,322,2838,85,2379,183,225,182,2252
830,covtype830,11,91,2802,540,1699,237,223,115,1084
831,covtype831,8,292,2891,0,4875,197,239,182,1617
832,covtype832,3,342,2902,67,4963,213,235,159,1560
833,covtype833,10,39,2853,350,2109,221,219,132,1834
834,covtype834,15,194,3025,342,5307,217,251,164,1396
835,covtype835,20,104,2960,150,3479,249,211,82,1663
836,covtype836,15,113,2932,85,3432,245,223,104,1734
837,covtype837,8,351,2896,30,4803,206,227,159,1702
838,covtype838,8,353,2905,42,4979,206,226,158,1590
839,covtype839,20,258,2921,108,5066,168,247,215,1539
840,covtype840,15,335,3046,134,4530,185,218,172,1055
841,covtype841,11,68,2752,418,1684,232,218,118,626
842,covtype842,10,87,2906,212,3070,236,223,118,2513
843,covtype843,10,81,2756,420,1717,234,222,118,664
844,covtype844,14,63,2666,212,1176,232,211,109,228
845,covtype845,11,78,2654,272,1116,234,220,116,258
846,covtype846,40,354,2975,474,4118,126,141,132,2250
847,covtype847,13,318,3131,618,5272,185,228,183,872
848,covtype848,16,321,2913,95,4784,178,223,184,1771
849,covtype849,2,198,2908,30,4954,218,240,158,1689
850,covtype850,4,266,2910,42,4983,210,241,169,1673
851,covtype851,3,68,2770,330,1820,222,234,148,808
852,covtype852,11,113,2914,0,4889,239,229,119,1747
853,covtype853,1,329,2905,30,4948,215,237,159,1714
854,covtype854,11,280,2917,108,5037,191,241,190,1667
855,covtype855,10,270,2924,134,5066,194,244,189,1652
856,covtype856,21,236,2987,365,5302,178,253,207,1537
857,covtype857,13,347,2999,150,4146,195,218,162,966
858,covtype858,12,290,2878,218,2525,187,238,191,2244
859,covtype859,5,297,2915,108,4736,205,238,172,1860
860,covtype860,11,310,2918,124,5031,191,233,182,1693
861,covtype861,5,205,2925,175,5090,217,244,164,1664
862,covtype862,7,8,2918,85,4731,212,226,152,1884
863,covtype863,16,267,2931,242,5144,178,245,205,1664
864,covtype864,6,351,2997,42,3827,210,230,159,1302
865,covtype865,13,346,3037,418,3667,195,219,162,2696
866,covtype866,15,75,2929,95,4696,237,212,103,1926
867,covtype867,13,350,3174,700,5370,195,217,160,1050
868,covtype868,2,79,3082,212,4669,222,234,148,816
869,covtype869,5,96,2841,295,2174,228,233,139,1558
870,covtype870,6,294,2928,216,5075,204,239,174,1744
871,covtype871,10,288,2939,268,5134,193,239,186,1718
872,covtype872,12,356,3103,134,3071,201,219,155,3237
873,covtype873,11,73,3096,192,3187,233,218,115,3133
874,covtype874,8,59,3064,319,3362,227,223,130,2980
875,covtype875,11,50,2917,30,4745,225,217,125,1939
876,covtype876,9,295,2920,42,4833,195,238,182,1889
877,covtype877,12,32,2935,162,4981,217,214,131,1812
878,covtype878,11,38,3129,190,2802,220,216,129,3489
879,covtype879,14,53,2924,0,4740,227,210,113,1964
880,covtype880,16,302,2929,85,4858,172,230,198,1899
881,covtype881,11,22,2936,201,5006,213,216,138,1825
882,covtype882,14,273,3004,301,5754,181,243,201,1237
883,covtype883,6,203,3168,700,5459,217,246,164,1140
884,covtype884,12,110,3130,421,5271,240,227,115,1172
885,covtype885,9,191,2775,134,2081,220,247,161,1140
886,covtype886,11,81,2744,170,1702,235,219,114,642
887,covtype887,14,71,2698,30,1554,235,211,104,564
888,covtype888,11,68,2927,0,4735,232,218,118,1989
889,covtype889,8,16,2941,216,5002,214,224,147,1852
890,covtype890,9,350,2942,242,5032,203,224,160,1838
891,covtype891,12,133,3112,210,5128,239,234,122,999
892,covtype892,6,114,2931,30,4701,232,233,135,2030
893,covtype893,9,13,3038,376,4524,211,221,146,641
894,covtype894,16,344,2954,242,5024,185,213,165,1892
895,covtype895,17,358,2959,361,5143,192,207,151,1804
896,covtype896,15,66,2980,175,3896,233,209,104,1369
897,covtype897,4,169,2749,30,1895,222,241,154,828
898,covtype898,13,282,2943,60,4841,184,241,196,2002
899,covtype899,16,84,3156,458,5416,241,211,95,1195
900,covtype900,22,95,3060,454,4272,249,201,69,2359
901,covtype901,13,348,2976,300,5076,194,217,161,1889
902,covtype902,15,79,2948,120,5493,239,211,99,1608
903,covtype903,11,323,2851,170,2910,191,228,177,2518
904,covtype904,4,325,2937,30,4774,210,235,163,2084
905,covtype905,11,50,3104,150,5205,225,215,123,882
906,covtype906,5,75,2753,30,2030,226,231,140,976
907,covtype907,12,132,2666,42,1350,239,234,123,690
908,covtype908,8,26,2955,124,4592,216,222,142,2205
909,covtype909,9,19,2953,67,4651,214,222,144,2172
910,covtype910,13,44,3129,722,3606,222,211,121,2896
911,covtype911,11,34,2996,400,5155,219,216,132,1889
912,covtype912,18,125,2859,127,2738,247,225,100,2173
913,covtype913,10,265,2979,242,4973,194,245,190,2037
914,covtype914,9,86,2955,258,3580,234,225,122,2142
915,covtype915,8,310,2948,60,4761,197,234,177,2188
916,covtype916,7,84,3146,306,5464,231,227,129,1036
917,covtype917,18,98,2683,67,1418,246,213,89,812
918,covtype918,12,346,3159,642,3833,196,220,163,2779
919,covtype919,4,54,2952,85,4609,222,231,144,2290
920,covtype920,9,328,2950,30,4729,198,230,171,2229
921,covtype921,9,323,2953,60,4759,197,231,173,2215
922,covtype922,9,164,2861,180,2863,228,243,147,2290
923,covtype923,13,343,3165,649,3353,192,219,165,3158
924,covtype924,5,27,2952,67,4607,218,228,147,2315
925,covtype925,5,38,2954,30,4666,220,228,144,2285
926,covtype926,4,280,2952,30,4726,208,240,170,2255
927,covtype927,5,270,2957,60,4756,206,242,174,2241
928,covtype928,3,255,2957,90,4786,213,241,166,2227
929,covtype929,8,101,3188,547,3022,233,230,129,3439
930,covtype930,8,27,2955,42,4604,217,223,142,2341
931,covtype931,2,84,2951,0,4694,222,235,149,2296
932,covtype932,8,98,3111,90,5369,234,228,126,808
933,covtype933,4,55,2952,30,4692,222,231,145,2322
934,covtype934,1,270,2953,42,4722,216,238,160,2308
935,covtype935,16,316,3121,127,5219,176,225,188,577
936,covtype936,19,54,2855,180,2635,227,196,94,1765
937,covtype937,16,43,2746,60,1753,221,204,113,1008
938,covtype938,11,109,3124,218,5498,240,227,116,902
939,covtype939,8,300,2963,201,4867,199,237,178,2249
940,covtype940,8,338,3112,95,5346,202,228,165,664
941,covtype941,10,18,2926,242,3336,212,219,143,2648
942,covtype942,8,114,2811,330,2345,235,232,129,1400
943,covtype943,15,72,2656,182,1180,236,209,101,1006
944,covtype944,20,117,3064,134,4812,250,218,87,277
945,covtype945,9,326,3014,30,4635,198,230,172,541
946,covtype946,12,317,2917,108,3522,188,230,181,2435
947,covtype947,11,234,3031,295,5883,202,250,185,1774
948,covtype948,13,313,3138,216,5347,186,230,184,553
949,covtype949,9,112,3098,272,4990,235,231,127,120
950,covtype950,10,349,3032,127,4635,202,224,160,612
951,covtype951,14,339,3032,95,4710,189,219,169,518
952,covtype952,16,72,2896,319,3294,236,208,98,2726
953,covtype953,2,135,2846,0,3056,222,238,152,2349
954,covtype954,18,39,2995,0,4472,218,198,109,2609
955,covtype955,11,144,2795,258,2280,236,238,132,1471
956,covtype956,10,141,2955,124,5251,236,237,131,2147
957,covtype957,7,48,3132,324,5622,223,225,138,841
958,covtype958,12,202,3241,277,3571,214,251,169,3204
959,covtype959,20,86,3057,42,4290,244,203,79,2779
960,covtype960,10,95,2977,309,4830,236,225,120,2447
961,covtype961,8,87,2976,210,4012,232,227,127,1920
962,covtype962,9,45,2755,108,1740,223,220,131,1290
963,covtype963,10,209,3160,295,5301,213,249,171,277
964,covtype964,9,45,2954,67,3925,223,220,132,2071
965,covtype965,2,352,2780,30,2070,216,236,157,1451
966,covtype966,4,90,2940,30,5370,226,233,143,2188
967,covtype967,1,169,2943,60,5460,220,239,156,2147
968,covtype968,21,290,3099,604,6120,156,232,214,1533
969,covtype969,15,327,2895,212,3140,182,222,179,2313
970,covtype970,7,15,2779,0,1980,214,225,148,1436
971,covtype971,18,37,2595,218,930,216,197,110,1357
972,covtype972,7,112,2951,60,5280,232,233,133,2259
973,covtype973,16,259,3005,324,5790,179,247,206,1864
974,covtype974,7,352,3035,42,4744,208,229,158,789
975,covtype975,16,77,3113,30,4141,239,208,95,2987
976,covtype976,20,357,3083,127,4411,184,199,149,2843
977,covtype977,18,268,3049,537,6001,172,244,210,1660
978,covtype978,4,62,3144,313,5431,223,232,145,376
979,covtype979,2,241,3049,469,4578,214,241,164,1273
980,covtype980,12,14,3170,524,5752,208,214,141,808
981,covtype981,5,63,3054,323,4696,225,229,139,1071
982,covtype982,14,311,3052,85,4849,182,230,187,816
983,covtype983,10,346,2977,210,4012,200,223,162,2143
984,covtype984,19,71,2827,124,2586,237,201,88,1894
985,covtype985,20,89,2653,417,1095,245,204,79,1465
986,covtype986,8,169,3185,42,3724,226,244,151,3308
987,covtype987,7,350,3105,90,5245,208,228,159,285
988,covtype988,18,103,2922,182,3726,247,214,89,2624
989,covtype989,5,87,2979,120,5134,227,232,140,2490
990,covtype990,7,15,3167,408,5600,214,226,149,541
991,covtype991,6,196,2898,350,3013,219,245,162,2252
992,covtype992,11,240,3157,830,6131,198,250,188,1245
993,covtype993,13,355,2814,95,2359,199,218,156,1848
994,covtype994,2,135,3221,371,3284,222,238,151,3693
995,covtype995,8,78,3073,330,4870,231,226,128,1092
996,covtype996,25,77,3013,277,4841,242,186,60,2755
997,covtype997,8,239,2959,30,5352,205,247,180,2353
998,covtype998,17,261,2978,277,5803,177,247,207,1921
999,covtype999,9,116,2876,162,2862,236,231,126,2334
1000,covtype1000,7,230,3166,771,6155,209,247,175,1167
