id,Label,Slope,Aspect,Elevation,Horizontal_Distance_To_Hydrology,Horizontal_Distance_To_Roadways
1,fctype1,9,120,2944,108,1236
2,fctype2,4,122,2942,85,1266
3,fctype3,2,119,2940,67,1296
4,fctype4,1,121,2940,42,1325
5,fctype5,1,121,2939,30,1355
6,fctype6,11,31,2933,42,1535
7,fctype7,10,321,2931,60,1595
8,fctype8,7,299,2936,42,1624
9,fctype9,4,305,2938,30,1654
10,fctype10,3,321,2939,42,1684
11,fctype11,4,69,2940,95,1744
12,fctype12,6,79,2937,124,1774
13,fctype13,6,70,2933,150,1804
14,fctype14,6,38,2930,170,1834
15,fctype15,8,357,2929,192,1864
16,fctype16,11,354,2930,216,1894
17,fctype17,11,320,2929,240,2073
18,fctype18,17,306,2938,240,2103
19,fctype19,20,313,2948,240,2133
20,fctype20,20,335,2957,240,2163
21,fctype21,21,33,2929,300,2248
22,fctype22,17,49,2922,306,2258
23,fctype23,15,63,2914,295,2268
24,fctype24,13,74,2907,277,2279
25,fctype25,11,89,2900,256,2290
26,fctype26,10,103,2895,228,2301
27,fctype27,12,111,2890,201,2312
28,fctype28,16,117,2883,175,2324
29,fctype29,17,121,2875,150,2336
30,fctype30,15,122,2868,127,2349
31,fctype31,12,119,2861,108,2362
32,fctype32,9,108,2856,85,2375
33,fctype33,8,95,2852,60,2388
34,fctype34,6,79,2847,30,2402
35,fctype35,4,14,2845,0,2415
36,fctype36,7,339,2846,0,2429
37,fctype37,10,342,2848,30,2442
38,fctype38,13,346,2849,42,2455
39,fctype39,15,347,2851,67,2469
40,fctype40,16,345,2853,85,2482
41,fctype41,16,343,2856,108,2496
42,fctype42,17,347,2858,127,2509
43,fctype43,19,345,2860,150,2524
44,fctype44,22,336,2864,170,2538
45,fctype45,24,327,2870,182,2553
46,fctype46,27,321,2878,190,2568
47,fctype47,30,319,2889,201,2583
48,fctype48,31,321,2902,216,2598
49,fctype49,31,323,2913,228,2614
50,fctype50,32,323,2924,242,2630
51,fctype51,33,326,2936,258,2646
52,fctype52,34,332,2947,277,2663
53,fctype53,34,340,2955,295,2679
54,fctype54,33,348,2961,306,2696
55,fctype55,32,36,2947,335,2730
56,fctype56,32,38,2935,350,2742
57,fctype57,28,30,2924,350,2754
58,fctype58,17,351,2916,277,2791
59,fctype59,17,336,2919,255,2804
60,fctype60,16,336,2923,228,2817
61,fctype61,15,344,2926,201,2831
62,fctype62,13,353,2928,175,2844
63,fctype63,11,356,2928,150,2858
64,fctype64,8,349,2929,120,2871
65,fctype65,7,354,2930,90,2885
66,fctype66,7,14,2930,60,2899
67,fctype67,7,14,2928,30,2914
68,fctype68,8,335,2928,0,2928
69,fctype69,11,308,2932,30,2943
70,fctype70,11,304,2937,60,2958
71,fctype71,11,308,2941,90,2974
72,fctype72,12,307,2946,120,2989
73,fctype73,12,305,2952,150,3005
74,fctype74,11,301,2957,180,3021
75,fctype75,10,292,2962,210,3007
76,fctype76,9,284,2967,240,2977
77,fctype77,8,277,2971,270,2948
78,fctype78,9,271,2975,300,2919
79,fctype79,11,272,2981,330,2890
80,fctype80,10,282,2986,360,2860
81,fctype81,11,292,2991,390,2831
82,fctype82,12,299,2997,420,2802
83,fctype83,10,308,3001,450,2773
84,fctype84,8,315,3005,480,2743
85,fctype85,6,315,3007,510,2714
86,fctype86,5,315,3010,540,2685
87,fctype87,4,325,3012,570,2656
88,fctype88,1,63,3012,600,2598
89,fctype89,2,72,3011,576,2568
90,fctype90,4,80,3009,553,2539
91,fctype91,4,84,3007,531,2510
92,fctype92,4,76,3005,509,2481
93,fctype93,4,65,3003,485,2452
94,fctype94,5,62,3001,457,2423
95,fctype95,6,66,2999,430,2394
96,fctype96,8,74,2995,402,2365
97,fctype97,11,85,2991,376,2337
98,fctype98,15,93,2984,350,2308
99,fctype99,18,97,2974,323,2279
100,fctype100,18,100,2964,295,2250
101,fctype101,18,102,2955,268,2221
102,fctype102,17,105,2945,242,2192
103,fctype103,7,172,2426,270,957
104,fctype104,9,143,2422,300,979
105,fctype105,11,130,2419,330,1003
106,fctype106,13,122,2407,390,1050
107,fctype107,13,119,2403,420,1074
108,fctype108,14,114,2395,446,1099
109,fctype109,9,107,2387,426,1123
110,fctype110,10,357,2382,391,1173
111,fctype111,13,324,2386,376,1199
112,fctype112,7,45,2392,297,1302
113,fctype113,8,90,2387,277,1329
114,fctype114,11,121,2383,258,1355
115,fctype115,16,129,2376,242,1382
116,fctype116,17,143,2369,228,1409
117,fctype117,16,165,2366,216,1436
118,fctype118,18,183,2365,201,1463
119,fctype119,21,182,2368,190,1490
120,fctype120,25,168,2367,162,1517
121,fctype121,29,151,2363,134,1544
122,fctype122,34,142,2351,108,1572
123,fctype123,34,144,2337,85,1599
124,fctype124,33,149,2326,67,1622
125,fctype125,32,152,2317,60,1593
126,fctype126,20,131,2304,60,1533
127,fctype127,16,99,2296,42,1503
128,fctype128,16,77,2285,30,1473
129,fctype129,13,61,2277,30,1443
130,fctype130,22,277,2279,30,1353
131,fctype131,28,261,2295,60,1323
132,fctype132,30,250,2313,90,1293
133,fctype133,21,233,2335,150,1233
134,fctype134,21,275,2353,210,1173
135,fctype135,23,280,2369,240,1144
136,fctype136,18,268,2381,270,1114
137,fctype137,18,245,2389,300,1084
138,fctype138,20,235,2398,330,1054
139,fctype139,19,246,2405,360,1024
140,fctype140,22,268,2416,390,994
141,fctype141,23,277,2430,420,964
142,fctype142,19,277,2442,450,934
143,fctype143,16,272,2451,480,904
144,fctype144,13,268,2459,480,875
145,fctype145,13,269,2465,450,845
146,fctype146,19,303,2260,30,371
147,fctype147,26,302,2271,42,342
148,fctype148,16,353,2268,30,450
149,fctype149,22,329,2274,30,480
150,fctype150,22,332,2280,30,510
151,fctype151,17,355,2285,0,540
152,fctype152,13,347,2280,0,534
153,fctype153,20,299,2287,30,516
154,fctype154,27,292,2299,60,499
155,fctype155,30,295,2316,90,484
156,fctype156,33,298,2332,120,470
157,fctype157,34,297,2350,150,457
158,fctype158,31,293,2368,180,446
159,fctype159,30,288,2384,210,437
160,fctype160,31,285,2400,240,430
161,fctype161,32,283,2418,270,424
162,fctype162,30,281,2438,295,421
163,fctype163,30,284,2453,268,420
164,fctype164,27,290,2471,240,420
165,fctype165,14,307,2484,210,421
166,fctype166,5,49,2484,180,424
167,fctype167,13,95,2479,150,430
168,fctype168,17,96,2470,120,437
169,fctype169,14,92,2460,90,446
170,fctype170,13,82,2455,60,457
171,fctype171,13,65,2438,0,484
172,fctype172,9,41,2433,67,524
173,fctype173,6,343,2430,85,537
174,fctype174,15,302,2435,108,551
175,fctype175,21,298,2445,127,560
176,fctype176,19,300,2455,150,553
177,fctype177,19,293,2463,170,547
178,fctype178,18,285,2474,192,543
179,fctype179,13,297,2483,216,541
180,fctype180,11,317,2486,242,540
181,fctype181,10,335,2491,268,540
182,fctype182,9,15,2491,323,532
183,fctype183,11,324,2491,283,518
184,fctype184,9,339,2498,228,511
185,fctype185,9,342,2499,201,510
186,fctype186,11,55,2498,150,510
187,fctype187,15,79,2483,95,511
188,fctype188,17,84,2474,67,514
189,fctype189,17,91,2465,42,518
190,fctype190,16,94,2456,30,524
191,fctype191,12,82,2450,0,532
192,fctype192,10,23,2444,0,541
193,fctype193,20,348,2450,42,564
194,fctype194,20,347,2450,67,577
195,fctype195,22,337,2454,95,592
196,fctype196,21,349,2460,85,607
197,fctype197,17,349,2459,0,661
198,fctype198,16,336,2462,30,680
199,fctype199,14,332,2466,60,700
200,fctype200,12,317,2468,90,721
201,fctype201,9,319,2474,120,743
202,fctype202,7,348,2473,180,785
203,fctype203,8,333,2477,210,806
204,fctype204,8,33,2480,240,828
205,fctype205,13,61,2473,270,850
206,fctype206,15,78,2467,300,872
207,fctype207,15,100,2457,295,895
208,fctype208,16,112,2451,268,918
209,fctype209,26,98,2428,216,966
210,fctype210,27,91,2412,192,990
211,fctype211,25,87,2396,170,1015
212,fctype212,26,80,2383,150,1024
213,fctype213,29,73,2367,134,1027
214,fctype214,29,69,2350,124,1031
215,fctype215,26,71,2335,108,1036
216,fctype216,24,73,2320,95,1041
217,fctype217,18,65,2308,85,1048
218,fctype218,15,51,2302,60,1055
219,fctype219,15,51,2297,30,1063
220,fctype220,16,301,2294,30,1092
221,fctype221,21,289,2303,60,1103
222,fctype222,28,286,2315,90,1110
223,fctype223,17,316,2345,150,1112
224,fctype224,20,63,2335,234,1120
225,fctype225,22,77,2324,240,1124
226,fctype226,24,88,2312,210,1130
227,fctype227,24,98,2297,180,1136
228,fctype228,21,108,2284,150,1142
229,fctype229,19,109,2273,120,1144
230,fctype230,16,98,2263,90,1146
231,fctype231,14,76,2256,60,1150
232,fctype232,11,47,2250,30,1154
233,fctype233,10,328,2254,30,1165
234,fctype234,12,313,2256,42,1172
235,fctype235,17,300,2263,67,1168
236,fctype236,22,302,2272,95,1154
237,fctype237,25,308,2284,124,1140
238,fctype238,23,324,2294,150,1127
239,fctype239,22,336,2299,175,1115
240,fctype240,23,335,2304,201,1103
241,fctype241,23,333,2309,228,1092
242,fctype242,24,326,2315,256,1082
243,fctype243,28,313,2324,285,1072
244,fctype244,31,307,2339,313,1063
245,fctype245,27,314,2353,342,1055
246,fctype246,25,327,2362,371,1048
247,fctype247,26,335,2368,391,1041
248,fctype248,27,344,2374,408,1036
249,fctype249,27,347,2377,426,1031
250,fctype250,27,340,2380,446,1027
251,fctype251,28,331,2387,421,1024
252,fctype252,27,328,2395,391,1022
253,fctype253,23,333,2402,361,1020
254,fctype254,17,345,2406,331,1020
255,fctype255,12,359,2407,301,1020
256,fctype256,9,18,2407,272,1022
257,fctype257,10,47,2404,242,1024
258,fctype258,10,62,2398,212,1027
259,fctype259,9,67,2395,182,1031
260,fctype260,13,84,2390,153,1036
261,fctype261,21,98,2381,124,1041
262,fctype262,25,105,2368,95,1048
263,fctype263,25,111,2353,67,1055
264,fctype264,18,111,2330,30,1072
265,fctype265,14,318,2325,0,1092
266,fctype266,20,308,2332,30,1103
267,fctype267,23,302,2342,60,1115
268,fctype268,25,304,2368,120,1140
269,fctype269,25,304,2379,150,1154
270,fctype270,24,300,2392,180,1168
271,fctype271,23,300,2403,210,1183
272,fctype272,21,297,2440,300,1128
273,fctype273,17,305,2448,330,1101
274,fctype274,11,318,2454,360,1075
275,fctype275,5,11,2455,390,1050
276,fctype276,7,266,2461,480,973
277,fctype277,3,252,2463,510,949
278,fctype278,2,169,2465,540,924
279,fctype279,13,113,2458,551,876
280,fctype280,11,126,2450,537,853
281,fctype281,11,178,2448,524,830
282,fctype282,14,179,2450,513,807
283,fctype283,15,164,2448,503,785
284,fctype284,17,165,2445,495,764
285,fctype285,19,172,2443,488,743
286,fctype286,19,173,2442,484,721
287,fctype287,17,178,2440,454,700
288,fctype288,18,151,2438,395,658
289,fctype289,20,147,2425,335,618
290,fctype290,20,150,2421,306,600
291,fctype291,21,148,2414,277,582
292,fctype292,21,155,2407,247,566
293,fctype293,22,162,2403,218,551
294,fctype294,22,165,2400,190,537
295,fctype295,21,165,2398,162,524
296,fctype296,18,159,2395,134,509
297,fctype297,17,357,3330,90,4451
298,fctype298,18,354,3331,60,4422
299,fctype299,18,356,3332,30,4394
300,fctype300,17,357,3332,0,4365
301,fctype301,26,315,3348,42,4279
302,fctype302,21,336,3356,67,4250
303,fctype303,18,351,3357,95,4222
304,fctype304,19,341,3359,124,4193
305,fctype305,20,356,3364,153,4165
306,fctype306,26,28,3361,182,4136
307,fctype307,33,44,3350,180,4108
308,fctype308,34,50,3334,150,4079
309,fctype309,32,53,3319,120,4051
310,fctype310,33,62,3304,90,4022
311,fctype311,29,75,3266,30,3966
312,fctype312,16,62,3253,0,3937
313,fctype313,18,348,3253,30,3881
314,fctype314,22,349,3255,60,3852
315,fctype315,20,344,3258,85,3824
316,fctype316,16,343,3261,108,3796
317,fctype317,15,347,3263,127,3768
318,fctype318,16,350,3265,150,3740
319,fctype319,17,353,3266,162,3711
320,fctype320,17,344,3267,175,3683
321,fctype321,19,333,3271,182,3655
322,fctype322,21,334,3277,190,3627
323,fctype323,22,338,3281,201,3599
324,fctype324,26,332,3286,212,3571
325,fctype325,29,334,3295,218,3543
326,fctype326,31,340,3301,228,3515
327,fctype327,32,340,3307,242,3487
328,fctype328,33,344,3314,256,3460
329,fctype329,37,338,3318,268,3432
330,fctype330,39,334,3331,283,3404
331,fctype331,38,339,3340,295,3376
332,fctype332,15,143,3116,376,2190
333,fctype333,13,145,3112,350,2166
334,fctype334,13,139,3108,324,2142
335,fctype335,15,130,3103,300,2118
336,fctype336,16,121,3096,270,2094
337,fctype337,21,104,3088,240,2071
338,fctype338,27,93,3074,210,2047
339,fctype339,27,87,3058,180,2024
340,fctype340,33,87,3043,150,2001
341,fctype341,35,88,3019,120,1978
342,fctype342,23,85,3000,90,1956
343,fctype343,16,77,2994,60,1933
344,fctype344,16,80,2984,30,1911
345,fctype345,8,74,2977,0,1889
346,fctype346,4,315,2976,0,1867
347,fctype347,8,302,2980,30,1846
348,fctype348,7,318,2983,60,1824
349,fctype349,7,335,2985,90,1803
350,fctype350,6,353,2986,120,1782
351,fctype351,6,349,2986,150,1762
352,fctype352,7,335,2987,175,1742
353,fctype353,8,308,2989,201,1722
354,fctype354,14,283,2994,228,1702
355,fctype355,17,282,3004,256,1682
356,fctype356,19,284,3012,285,1663
357,fctype357,24,284,3024,313,1645
358,fctype358,27,285,3038,342,1626
359,fctype359,25,291,3054,371,1608
360,fctype360,18,306,3064,400,1590
361,fctype361,18,311,3070,430,1573
362,fctype362,20,311,3079,459,1556
363,fctype363,19,313,3086,488,1539
364,fctype364,18,310,3094,518,1523
365,fctype365,19,300,3101,497,1507
366,fctype366,27,291,3112,470,1492
367,fctype367,34,291,3130,443,1477
368,fctype368,36,299,3150,417,1463
369,fctype369,33,313,3168,390,1449
370,fctype370,30,325,3179,362,1436
371,fctype371,28,328,3188,335,1422
372,fctype372,26,330,3196,309,1409
373,fctype373,26,332,3203,283,1396
374,fctype374,27,334,3210,258,1383
375,fctype375,27,330,3216,234,1371
376,fctype376,25,321,3225,212,1359
377,fctype377,19,330,3234,190,1348
378,fctype378,18,356,3236,162,1338
379,fctype379,15,315,3203,30,1277
380,fctype380,28,280,3214,42,1273
381,fctype381,33,273,3234,67,1269
382,fctype382,33,272,3253,95,1266
383,fctype383,28,276,3273,124,1263
384,fctype384,21,283,3285,150,1261
385,fctype385,15,293,3295,175,1260
386,fctype386,8,313,3300,201,1260
387,fctype387,4,342,3301,228,1260
388,fctype388,2,29,3301,256,1260
389,fctype389,2,72,3300,285,1260
390,fctype390,4,97,3299,313,1261
391,fctype391,6,107,3296,342,1263
392,fctype392,7,116,3293,371,1266
393,fctype393,11,108,3289,400,1269
394,fctype394,14,94,3282,430,1273
395,fctype395,13,82,3274,459,1263
396,fctype396,10,80,3269,488,1233
397,fctype397,9,90,3264,518,1203
398,fctype398,14,92,3259,547,1173
399,fctype399,24,88,3249,560,1144
400,fctype400,22,85,3232,553,1114
401,fctype401,11,81,3225,547,1084
402,fctype402,14,76,3213,541,1024
403,fctype403,12,77,3206,540,994
404,fctype404,12,80,3201,541,964
405,fctype405,17,83,3193,543,934
406,fctype406,20,87,3182,547,904
407,fctype407,22,91,3171,553,875
408,fctype408,29,94,3158,560,845
409,fctype409,35,96,3138,569,815
410,fctype410,37,98,3117,579,785
411,fctype411,38,99,3094,591,755
412,fctype412,37,101,3071,604,726
413,fctype413,31,107,3050,618,696
414,fctype414,26,115,3036,631,666
415,fctype415,23,122,3023,612,636
416,fctype416,19,133,3014,582,607
417,fctype417,31,107,3008,553,577
418,fctype418,22,103,2967,495,518
419,fctype419,24,103,2942,437,459
420,fctype420,23,103,2929,408,430
421,fctype421,21,102,2917,379,400
422,fctype422,17,103,2907,351,371
423,fctype423,15,110,2899,323,342
424,fctype424,15,119,2892,295,313
425,fctype425,15,125,2885,268,285
426,fctype426,16,128,2879,242,256
427,fctype427,17,130,2872,216,228
428,fctype428,19,131,2865,192,201
429,fctype429,19,134,2857,170,175
430,fctype430,20,139,2850,150,150
431,fctype431,21,140,2842,120,124
432,fctype432,21,135,2835,90,95
433,fctype433,7,106,3021,283,964
434,fctype434,10,110,3016,256,994
435,fctype435,13,107,3010,228,1024
436,fctype436,17,103,3003,201,1054
437,fctype437,22,100,2993,175,1084
438,fctype438,24,102,2980,150,1114
439,fctype439,23,106,2967,127,1144
440,fctype440,20,111,2955,108,1173
441,fctype441,14,115,2946,95,1203
442,fctype442,6,122,2942,85,1233
443,fctype443,2,119,2941,67,1263
444,fctype444,2,104,2940,42,1293
445,fctype445,2,124,2939,30,1323
446,fctype446,0,180,2937,60,1473
447,fctype447,2,8,2937,60,1503
448,fctype448,5,18,2937,67,1533
449,fctype449,8,342,2936,85,1593
450,fctype450,6,321,2937,67,1622
451,fctype451,5,319,2939,60,1652
452,fctype452,4,332,2941,67,1682
453,fctype453,2,63,2941,85,1712
454,fctype454,5,99,2939,108,1742
455,fctype455,5,87,2936,134,1772
456,fctype456,5,49,2934,162,1802
457,fctype457,7,358,2932,190,1832
458,fctype458,12,339,2934,212,1862
459,fctype459,14,346,2937,234,1892
460,fctype460,16,357,2938,258,1922
461,fctype461,14,23,2935,270,2012
462,fctype462,9,28,2931,270,2042
463,fctype463,5,298,2930,270,2072
464,fctype464,13,248,2936,270,2102
465,fctype465,18,235,2944,270,2132
466,fctype466,16,226,2953,270,2162
467,fctype467,8,211,2958,272,2192
468,fctype468,2,56,2960,277,2222
469,fctype469,9,43,2958,285,2248
470,fctype470,14,56,2953,295,2258
471,fctype471,16,67,2945,295,2268
472,fctype472,17,75,2936,285,2277
473,fctype473,17,81,2926,277,2287
474,fctype474,16,86,2917,268,2297
475,fctype475,14,89,2909,255,2307
476,fctype476,13,93,2901,234,2318
477,fctype477,13,104,2894,216,2329
478,fctype478,15,113,2888,190,2340
479,fctype479,17,122,2870,134,2364
480,fctype480,13,125,2863,108,2376
481,fctype481,8,121,2858,85,2389
482,fctype482,6,99,2856,67,2402
483,fctype483,6,70,2852,42,2415
484,fctype484,10,346,2849,0,2442
485,fctype485,14,336,2851,30,2455
486,fctype486,17,339,2855,42,2469
487,fctype487,18,345,2858,67,2482
488,fctype488,18,348,2861,85,2496
489,fctype489,18,346,2863,108,2509
490,fctype490,19,345,2865,127,2522
491,fctype491,20,344,2868,150,2536
492,fctype492,23,341,2871,170,2550
493,fctype493,25,336,2876,192,2564
494,fctype494,27,331,2882,212,2579
495,fctype495,30,324,2891,218,2594
496,fctype496,32,319,2903,228,2609
497,fctype497,32,320,2916,242,2624
498,fctype498,32,322,2927,256,2639
499,fctype499,33,321,2939,268,2655
500,fctype500,33,322,2952,283,2671
501,fctype501,32,327,2963,300,2688
502,fctype502,30,334,2973,319,2704
503,fctype503,28,347,2979,335,2721
504,fctype504,30,33,2973,351,2746
505,fctype505,31,43,2961,362,2758
506,fctype506,30,45,2948,376,2769
507,fctype507,26,37,2937,366,2781
508,fctype508,22,23,2930,342,2793
509,fctype509,19,358,2925,295,2818
510,fctype510,18,344,2927,268,2831
511,fctype511,16,339,2931,240,2844
512,fctype512,14,346,2934,210,2858
513,fctype513,10,14,2933,150,2885
514,fctype514,4,6,2933,90,2912
515,fctype515,4,30,2932,60,2926
516,fctype516,4,18,2931,30,2940
517,fctype517,4,320,2931,0,2955
518,fctype518,8,285,2934,30,2969
519,fctype519,10,286,2939,60,2984
520,fctype520,10,293,2944,90,3000
521,fctype521,10,291,2950,120,3015
522,fctype522,9,284,2954,150,3031
523,fctype523,8,275,2958,180,3030
524,fctype524,8,265,2962,210,3001
525,fctype525,8,258,2966,240,2971
526,fctype526,7,255,2970,270,2942
527,fctype527,9,258,2973,300,2912
528,fctype528,12,263,2979,330,2883
529,fctype529,12,269,2986,360,2854
530,fctype530,12,275,2992,390,2824
531,fctype531,12,280,2999,420,2795
532,fctype532,10,290,3005,450,2766
533,fctype533,7,306,3009,480,2737
534,fctype534,6,318,3010,510,2707
535,fctype535,4,319,3012,540,2678
536,fctype536,1,349,3013,570,2649
537,fctype537,2,113,3012,600,2620
538,fctype538,1,149,3011,582,2590
539,fctype539,1,101,3012,558,2561
540,fctype540,4,76,3010,534,2532
541,fctype541,4,68,3007,511,2503
542,fctype542,4,65,3005,488,2474
543,fctype543,4,76,3004,467,2445
544,fctype544,4,90,3002,446,2416
545,fctype545,6,97,3000,418,2387
546,fctype546,9,99,2996,390,2358
547,fctype547,13,102,2990,362,2329
548,fctype548,17,103,2982,335,2300
549,fctype549,19,104,2972,309,2271
550,fctype550,19,107,2962,283,2242
551,fctype551,19,108,2952,256,2213
552,fctype552,17,107,2942,228,2184
553,fctype553,4,144,2421,270,937
554,fctype554,8,125,2419,300,960
555,fctype555,9,120,2416,330,984
556,fctype556,11,112,2411,360,1008
557,fctype557,12,106,2405,390,1032
558,fctype558,11,103,2397,420,1057
559,fctype559,10,85,2393,450,1082
560,fctype560,7,39,2387,443,1107
561,fctype561,9,355,2390,417,1132
562,fctype562,11,351,2390,391,1158
563,fctype563,11,327,2392,366,1183
564,fctype564,8,338,2397,342,1209
565,fctype565,6,13,2395,319,1235
566,fctype566,5,45,2395,297,1262
567,fctype567,10,99,2391,277,1288
568,fctype568,14,115,2384,255,1315
569,fctype569,16,126,2378,234,1342
570,fctype570,19,128,2370,216,1369
571,fctype571,20,139,2361,201,1396
572,fctype572,20,158,2356,190,1423
573,fctype573,24,171,2354,175,1450
574,fctype574,28,173,2352,162,1477
575,fctype575,32,166,2350,153,1505
576,fctype576,36,155,2343,124,1532
577,fctype577,37,148,2330,95,1560
578,fctype578,35,147,2318,67,1588
579,fctype579,34,154,2295,30,1591
580,fctype580,32,165,2288,30,1561
581,fctype581,25,173,2285,30,1531
582,fctype582,9,114,2280,0,1471
583,fctype583,23,334,2280,0,1381
584,fctype584,22,319,2286,30,1351
585,fctype585,22,292,2295,60,1321
586,fctype586,23,268,2308,90,1291
587,fctype587,22,259,2321,120,1261
588,fctype588,22,269,2333,150,1231
589,fctype589,23,282,2347,180,1201
590,fctype590,22,282,2361,210,1172
591,fctype591,19,269,2373,240,1142
592,fctype592,14,252,2380,270,1112
593,fctype593,18,261,2391,330,1052
594,fctype594,22,270,2403,360,1022
595,fctype595,25,273,2419,390,992
596,fctype596,22,272,2433,420,962
597,fctype597,18,269,2443,450,932
598,fctype598,16,270,2452,480,902
599,fctype599,14,277,2465,450,842
600,fctype600,10,271,2473,420,812
601,fctype601,19,292,2264,30,365
602,fctype602,8,330,2276,0,420
603,fctype603,18,334,2278,30,450
604,fctype604,23,328,2285,60,480
605,fctype605,21,333,2292,42,510
606,fctype606,18,358,2290,0,511
607,fctype607,24,316,2296,30,492
608,fctype608,30,303,2309,60,474
609,fctype609,34,300,2326,90,458
610,fctype610,35,302,2343,120,443
611,fctype611,33,304,2363,150,430
612,fctype612,30,298,2391,210,408
613,fctype613,30,293,2407,240,400
614,fctype614,31,286,2425,270,395
615,fctype615,30,283,2441,285,391
616,fctype616,30,281,2458,256,390
617,fctype617,25,279,2477,228,390
618,fctype618,8,114,2484,175,395
619,fctype619,13,103,2477,150,400
620,fctype620,16,97,2469,120,408
621,fctype621,14,98,2461,90,418
622,fctype622,12,106,2455,60,430
623,fctype623,13,101,2449,30,443
624,fctype624,10,84,2442,0,457
625,fctype625,5,342,2438,30,470
626,fctype626,8,353,2442,60,484
627,fctype627,12,24,2438,85,497
628,fctype628,13,349,2436,108,510
629,fctype629,16,313,2441,127,525
630,fctype630,19,293,2451,150,532
631,fctype631,19,293,2462,170,524
632,fctype632,18,299,2468,192,518
633,fctype633,18,296,2476,212,514
634,fctype634,15,301,2485,234,511
635,fctype635,12,310,2491,258,510
636,fctype636,9,335,2496,283,510
637,fctype637,12,334,2494,268,488
638,fctype638,15,323,2500,242,484
639,fctype639,14,345,2504,216,481
640,fctype640,13,59,2501,134,480
641,fctype641,14,64,2495,108,480
642,fctype642,16,65,2488,85,481
643,fctype643,19,67,2479,60,484
644,fctype644,20,74,2468,30,488
645,fctype645,17,84,2458,0,495
646,fctype646,8,72,2450,0,503
647,fctype647,10,330,2450,30,513
648,fctype648,17,327,2456,42,524
649,fctype649,19,340,2460,67,537
650,fctype650,21,345,2462,85,551
651,fctype651,22,339,2466,108,566
652,fctype652,20,346,2471,90,582
653,fctype653,13,335,2470,30,658
654,fctype654,12,339,2473,60,679
655,fctype655,11,332,2474,90,700
656,fctype656,8,334,2479,120,721
657,fctype657,6,358,2479,150,743
658,fctype658,7,348,2479,180,764
659,fctype659,3,5,2480,210,785
660,fctype660,6,113,2479,240,807
661,fctype661,13,107,2475,270,830
662,fctype662,18,103,2466,297,853
663,fctype663,19,107,2454,277,876
664,fctype664,20,116,2444,255,900
665,fctype665,22,118,2434,228,924
666,fctype666,25,111,2423,201,949
667,fctype667,26,106,2409,175,973
668,fctype668,25,104,2396,150,992
669,fctype669,24,103,2383,127,994
670,fctype670,25,97,2372,108,997
671,fctype671,26,89,2356,95,1001
672,fctype672,25,81,2341,85,1006
673,fctype673,22,70,2326,67,1012
674,fctype674,18,50,2317,60,1019
675,fctype675,17,44,2311,42,1026
676,fctype676,17,50,2304,30,1034
677,fctype677,12,339,2295,30,1053
678,fctype678,18,311,2300,42,1064
679,fctype679,23,301,2309,67,1075
680,fctype680,29,292,2322,95,1080
681,fctype681,27,290,2340,124,1080
682,fctype682,16,306,2351,153,1082
683,fctype683,9,13,2355,182,1084
684,fctype684,16,68,2350,212,1087
685,fctype685,22,84,2340,242,1090
686,fctype686,25,93,2326,240,1095
687,fctype687,23,92,2296,180,1106
688,fctype688,19,77,2283,150,1112
689,fctype689,17,56,2274,120,1114
690,fctype690,18,39,2268,90,1116
691,fctype691,19,35,2263,60,1120
692,fctype692,16,32,2258,30,1124
693,fctype693,12,328,2259,30,1136
694,fctype694,14,322,2260,60,1142
695,fctype695,25,302,2279,108,1128
696,fctype696,23,317,2304,162,1100
697,fctype697,21,332,2315,216,1075
698,fctype698,22,332,2321,242,1064
699,fctype699,23,327,2327,268,1053
700,fctype700,27,313,2335,295,1044
701,fctype701,29,305,2349,323,1034
702,fctype702,25,308,2362,351,1026
703,fctype703,22,314,2371,379,1019
704,fctype704,22,319,2380,408,1012
705,fctype705,22,333,2388,433,1006
706,fctype706,24,343,2390,450,1001
707,fctype707,26,333,2400,420,994
708,fctype708,26,330,2407,390,992
709,fctype709,23,339,2415,360,990
710,fctype710,14,21,2414,300,990
711,fctype711,11,34,2410,270,992
712,fctype712,11,59,2409,240,994
713,fctype713,12,72,2402,210,997
714,fctype714,10,82,2396,180,1001
715,fctype715,17,98,2392,150,1006
716,fctype716,25,103,2378,120,1012
717,fctype717,26,105,2362,90,1019
718,fctype718,25,106,2348,60,1026
719,fctype719,21,108,2336,30,1034
720,fctype720,10,101,2326,0,1044
721,fctype721,9,321,2326,0,1053
722,fctype722,19,316,2333,30,1064
723,fctype723,22,315,2340,42,1075
724,fctype724,25,308,2350,67,1087
725,fctype725,27,303,2363,95,1100
726,fctype726,24,303,2376,124,1114
727,fctype727,20,298,2386,153,1128
728,fctype728,19,287,2396,182,1142
729,fctype729,20,280,2406,212,1158
730,fctype730,23,280,2418,242,1167
731,fctype731,19,281,2442,301,1114
732,fctype732,14,278,2451,331,1087
733,fctype733,5,280,2459,361,1061
734,fctype734,5,105,2456,391,1034
735,fctype735,5,156,2453,421,1008
736,fctype736,8,220,2453,451,983
737,fctype737,10,219,2459,481,957
738,fctype738,10,185,2462,511,932
739,fctype739,12,169,2460,541,907
740,fctype740,15,153,2459,571,882
741,fctype741,16,141,2447,564,834
742,fctype742,16,158,2441,552,811
743,fctype743,19,175,2440,541,787
744,fctype744,19,170,2440,532,765
745,fctype745,18,167,2431,518,721
746,fctype746,19,176,2431,488,700
747,fctype747,19,174,2432,430,658
748,fctype748,19,156,2429,400,636
749,fctype749,19,145,2423,371,616
750,fctype750,20,142,2416,342,595
751,fctype751,21,148,2409,313,576
752,fctype752,20,148,2404,285,558
753,fctype753,19,147,2398,256,541
754,fctype754,19,153,2393,228,525
755,fctype755,20,161,2389,201,510
756,fctype756,21,166,2386,175,497
757,fctype757,22,170,2384,150,484
758,fctype758,21,160,2384,127,467
759,fctype759,18,353,3340,95,4460
760,fctype760,18,355,3341,67,4431
761,fctype761,15,352,3342,0,4345
762,fctype762,20,313,3344,0,4317
763,fctype763,23,304,3359,30,4288
764,fctype764,15,330,3367,60,4260
765,fctype765,13,350,3367,90,4231
766,fctype766,15,331,3369,120,4203
767,fctype767,14,344,3375,150,4174
768,fctype768,18,31,3374,175,4146
769,fctype769,28,52,3365,180,4117
770,fctype770,33,60,3348,150,4089
771,fctype771,32,62,3330,120,4061
772,fctype772,34,68,3314,90,4032
773,fctype773,37,74,3291,60,4004
774,fctype774,30,74,3270,30,3976
775,fctype775,16,56,3257,0,3947
776,fctype776,13,335,3256,30,3919
777,fctype777,19,345,3268,67,3863
778,fctype778,17,353,3269,95,3834
779,fctype779,16,351,3269,124,3806
780,fctype780,15,344,3271,150,3778
781,fctype781,15,346,3274,170,3750
782,fctype782,15,353,3276,190,3722
783,fctype783,16,342,3276,201,3694
784,fctype784,19,328,3281,212,3666
785,fctype785,21,328,3287,218,3638
786,fctype786,23,332,3293,228,3610
787,fctype787,26,326,3299,242,3582
788,fctype788,29,325,3310,247,3554
789,fctype789,29,334,3318,256,3526
790,fctype790,30,336,3325,268,3499
791,fctype791,31,338,3333,283,3471
792,fctype792,34,331,3339,295,3443
793,fctype793,35,328,3354,309,3415
794,fctype794,15,126,3115,390,2232
795,fctype795,12,137,3110,362,2208
796,fctype796,10,139,3107,335,2184
797,fctype797,11,132,3103,309,2160
798,fctype798,13,125,3098,283,2137
799,fctype799,14,117,3092,258,2113
800,fctype800,18,104,3085,234,2090
801,fctype801,24,93,3074,210,2067
802,fctype802,26,89,3059,180,2044
803,fctype803,33,87,3045,150,2021
804,fctype804,36,86,3019,120,1998
805,fctype805,21,80,3001,90,1976
806,fctype806,16,77,2997,60,1953
807,fctype807,17,82,2985,30,1931
808,fctype808,7,73,2978,0,1910
809,fctype809,4,306,2978,0,1888
810,fctype810,8,288,2982,30,1867
811,fctype811,7,296,2986,60,1846
812,fctype812,5,323,2989,85,1825
813,fctype813,4,354,2989,108,1804
814,fctype814,5,337,2989,134,1784
815,fctype815,7,333,2991,162,1764
816,fctype816,7,320,2992,190,1744
817,fctype817,13,287,2995,218,1725
818,fctype818,18,280,3006,247,1706
819,fctype819,19,278,3015,277,1687
820,fctype820,24,277,3027,306,1668
821,fctype821,28,277,3042,335,1650
822,fctype822,25,281,3059,365,1632
823,fctype823,18,293,3070,395,1615
824,fctype824,17,301,3077,424,1598
825,fctype825,18,302,3086,454,1581
826,fctype826,17,307,3094,484,1565
827,fctype827,18,299,3106,510,1533
828,fctype828,28,287,3117,484,1518
829,fctype829,36,285,3137,457,1504
830,fctype830,38,289,3161,430,1489
831,fctype831,32,300,3183,402,1476
832,fctype832,26,316,3194,376,1463
833,fctype833,23,324,3202,350,1449
834,fctype834,22,324,3208,324,1436
835,fctype835,23,322,3216,300,1423
836,fctype836,23,326,3224,277,1410
837,fctype837,22,327,3230,255,1398
838,fctype838,20,324,3237,228,1387
839,fctype839,15,329,3242,201,1376
840,fctype840,14,341,3245,175,1366
841,fctype841,16,358,3248,150,1357
842,fctype842,26,27,3237,85,1332
843,fctype843,26,32,3230,60,1324
844,fctype844,24,32,3221,30,1318
845,fctype845,19,33,3214,0,1312
846,fctype846,11,338,3207,0,1307
847,fctype847,25,282,3217,30,1302
848,fctype848,31,272,3235,60,1299
849,fctype849,33,268,3253,85,1296
850,fctype850,30,269,3275,108,1293
851,fctype851,22,272,3288,134,1291
852,fctype852,15,279,3299,162,1290
853,fctype853,6,301,3303,190,1290
854,fctype854,3,355,3303,218,1290
855,fctype855,3,51,3303,247,1290
856,fctype856,3,74,3300,277,1290
857,fctype857,5,93,3299,306,1291
858,fctype858,7,104,3295,335,1293
859,fctype859,8,112,3292,365,1296
860,fctype860,10,110,3287,395,1299
861,fctype861,11,101,3282,424,1291
862,fctype862,12,94,3276,454,1261
863,fctype863,11,94,3270,484,1231
864,fctype864,11,96,3264,514,1201
865,fctype865,14,97,3258,541,1172
866,fctype866,23,93,3250,532,1142
867,fctype867,21,91,3233,524,1112
868,fctype868,11,88,3226,518,1082
869,fctype869,10,86,3221,514,1052
870,fctype870,13,85,3216,511,1022
871,fctype871,13,87,3207,510,992
872,fctype872,12,91,3202,511,962
873,fctype873,17,91,3195,514,932
874,fctype874,21,90,3183,518,902
875,fctype875,23,91,3171,524,872
876,fctype876,30,92,3157,532,842
877,fctype877,35,92,3136,541,812
878,fctype878,37,93,3114,552,782
879,fctype879,38,92,3091,564,752
880,fctype880,37,92,3067,577,722
881,fctype881,31,92,3044,591,693
882,fctype882,25,96,3030,601,663
883,fctype883,21,99,3016,603,633
884,fctype884,14,105,3007,577,603
885,fctype885,26,92,3002,547,573
886,fctype886,32,86,2982,518,543
887,fctype887,23,86,2967,488,514
888,fctype888,24,92,2954,459,484
889,fctype889,23,93,2940,430,454
890,fctype890,21,92,2928,400,424
891,fctype891,19,89,2917,371,395
892,fctype892,17,88,2907,342,365
893,fctype893,16,93,2899,313,335
894,fctype894,16,101,2890,285,306
895,fctype895,15,111,2882,256,277
896,fctype896,16,120,2875,228,247
897,fctype897,18,125,2867,201,218
898,fctype898,19,127,2859,175,190
899,fctype899,20,130,2850,150,162
900,fctype900,20,134,2842,127,134
901,fctype901,19,136,2834,108,108
902,fctype902,9,112,3019,268,962
903,fctype903,10,108,3014,242,992
904,fctype904,13,107,3009,216,1022
905,fctype905,18,107,3001,190,1052
906,fctype906,23,107,2990,162,1082
907,fctype907,25,107,2977,134,1112
908,fctype908,23,108,2963,108,1142
909,fctype909,18,107,2952,85,1172
910,fctype910,11,106,2944,67,1201
911,fctype911,4,120,2941,60,1231
912,fctype912,1,135,2941,42,1261
913,fctype913,2,98,2940,30,1291
914,fctype914,3,105,2939,0,1321
915,fctype915,3,225,2935,67,1441
916,fctype916,2,236,2936,85,1471
917,fctype917,2,278,2937,90,1501
918,fctype918,2,323,2938,95,1531
919,fctype919,4,349,2939,108,1561
920,fctype920,5,345,2939,108,1591
921,fctype921,5,331,2940,95,1621
922,fctype922,4,320,2942,90,1651
923,fctype923,2,352,2943,95,1681
924,fctype924,4,83,2942,108,1711
925,fctype925,4,84,2938,127,1741
926,fctype926,3,45,2937,150,1771
927,fctype927,5,358,2936,175,1801
928,fctype928,11,335,2937,201,1831
929,fctype929,15,331,2941,228,1861
930,fctype930,16,339,2945,255,1891
931,fctype931,16,353,2947,247,1921
932,fctype932,16,17,2946,240,1981
933,fctype933,16,35,2942,240,2011
934,fctype934,13,44,2936,242,2041
935,fctype935,5,30,2932,247,2071
936,fctype936,5,240,2932,256,2101
937,fctype937,14,225,2936,268,2131
938,fctype938,18,217,2943,283,2161
939,fctype939,18,209,2949,300,2191
940,fctype940,14,201,2953,306,2221
941,fctype941,10,161,2955,295,2250
942,fctype942,14,122,2950,283,2279
943,fctype943,15,111,2942,268,2296
944,fctype944,16,101,2934,256,2305
945,fctype945,17,95,2925,247,2315
946,fctype946,17,94,2915,242,2325
947,fctype947,15,96,2907,228,2335
948,fctype948,15,99,2900,212,2346
949,fctype949,18,114,2883,175,2368
950,fctype950,9,118,2859,95,2403
951,fctype951,5,120,2857,67,2416
952,fctype952,3,106,2855,42,2429
953,fctype953,3,39,2854,30,2442
954,fctype954,8,347,2853,0,2455
955,fctype955,14,332,2855,0,2469
956,fctype956,18,331,2860,30,2482
957,fctype957,20,336,2865,60,2496
958,fctype958,20,345,2869,85,2509
959,fctype959,20,350,2870,108,2522
960,fctype960,20,346,2872,127,2536
961,fctype961,21,343,2876,150,2549
962,fctype962,23,341,2879,170,2563
963,fctype963,26,338,2884,192,2577
964,fctype964,28,336,2890,212,2591
965,fctype965,29,332,2897,234,2605
966,fctype966,30,324,2906,247,2620
967,fctype967,32,318,2918,256,2635
968,fctype968,32,319,2930,268,2650
969,fctype969,32,321,2942,283,2665
970,fctype970,31,320,2954,295,2681
971,fctype971,30,318,2966,309,2697
972,fctype972,28,320,2978,324,2713
973,fctype973,24,328,2987,342,2729
974,fctype974,20,346,2993,361,2746
975,fctype975,19,21,2993,371,2763
976,fctype976,24,47,2986,379,2774
977,fctype977,28,54,2973,390,2785
978,fctype978,28,51,2959,402,2797
979,fctype979,24,39,2947,384,2809
980,fctype980,21,355,2937,270,2858
981,fctype981,17,351,2939,240,2871
982,fctype982,13,355,2941,210,2885
983,fctype983,11,12,2941,180,2898
984,fctype984,11,22,2938,150,2911
985,fctype985,9,19,2936,120,2925
986,fctype986,7,22,2934,90,2938
987,fctype987,5,23,2933,60,2952
988,fctype988,5,11,2932,30,2967
989,fctype989,5,342,2932,0,2981
990,fctype990,8,295,2933,30,2995
991,fctype991,11,285,2940,60,3010
992,fctype992,10,288,2946,90,3025
993,fctype993,8,286,2950,120,3041
994,fctype994,8,283,2954,150,3054
995,fctype995,7,280,2958,180,3024
996,fctype996,7,278,2961,210,2995
997,fctype997,8,277,2965,240,2965
998,fctype998,8,281,2969,270,2936
999,fctype999,10,284,2973,300,2906
1000,fctype1000,12,281,2979,330,2877
1001,fctype1001,12,277,2986,360,2848
1002,fctype1002,12,273,2992,390,2818
1003,fctype1003,12,271,2999,420,2789
1004,fctype1004,10,271,3005,450,2760
1005,fctype1005,7,282,3009,480,2730
1006,fctype1006,5,304,3012,510,2701
1007,fctype1007,4,337,3014,540,2672
1008,fctype1008,3,38,3013,570,2642
1009,fctype1009,3,66,3012,592,2613
1010,fctype1010,1,45,3010,566,2584
1011,fctype1011,1,45,3011,541,2554
1012,fctype1012,3,72,3010,516,2525
1013,fctype1013,4,69,3009,492,2496
1014,fctype1014,5,81,3007,469,2467
1015,fctype1015,5,98,3004,446,2438
1016,fctype1016,6,111,3001,424,2408
1017,fctype1017,8,118,2998,404,2379
1018,fctype1018,11,118,2994,379,2350
1019,fctype1019,15,114,2988,351,2321
1020,fctype1020,18,110,2980,323,2292
1021,fctype1021,20,108,2969,295,2263
1022,fctype1022,20,108,2958,268,2234
1023,fctype1023,17,107,2948,242,2205
1024,fctype1024,16,103,2940,216,2176
1025,fctype1025,7,33,2422,270,918
1026,fctype1026,9,70,2418,300,942
1027,fctype1027,9,87,2413,330,966
1028,fctype1028,10,94,2409,360,990
1029,fctype1029,9,77,2399,420,1040
1030,fctype1030,8,58,2396,450,1065
1031,fctype1031,6,21,2393,430,1091
1032,fctype1032,5,342,2394,402,1116
1033,fctype1033,6,331,2395,376,1142
1034,fctype1034,7,329,2396,350,1168
1035,fctype1035,3,352,2397,324,1195
1036,fctype1036,3,81,2398,300,1221
1037,fctype1037,8,106,2395,277,1248
1038,fctype1038,14,111,2390,255,1275
1039,fctype1039,17,116,2381,234,1301
1040,fctype1040,18,120,2372,212,1328
1041,fctype1041,19,121,2363,192,1356
1042,fctype1042,20,125,2354,175,1383
1043,fctype1043,21,141,2345,162,1410
1044,fctype1044,24,158,2339,150,1438
1045,fctype1045,28,164,2335,134,1465
1046,fctype1046,31,161,2330,124,1493
1047,fctype1047,31,153,2322,120,1521
1048,fctype1048,30,145,2313,90,1549
1049,fctype1049,29,141,2303,60,1577
1050,fctype1050,28,137,2292,30,1605
1051,fctype1051,23,140,2280,0,1590
1052,fctype1052,13,350,2281,0,1470
1053,fctype1053,21,348,2285,30,1440
1054,fctype1054,27,342,2288,30,1410
1055,fctype1055,28,341,2299,42,1350
1056,fctype1056,24,333,2304,67,1320
1057,fctype1057,16,309,2311,95,1290
1058,fctype1058,20,272,2320,124,1260
1059,fctype1059,25,265,2335,153,1230
1060,fctype1060,24,263,2350,182,1200
1061,fctype1061,20,259,2360,212,1170
1062,fctype1062,17,256,2368,242,1140
1063,fctype1063,15,267,2375,272,1110
1064,fctype1064,18,287,2384,301,1080
1065,fctype1065,21,294,2394,331,1050
1066,fctype1066,23,277,2418,391,990
1067,fctype1067,18,269,2441,451,930
1068,fctype1068,17,273,2451,466,900
1069,fctype1069,15,281,2460,450,871
1070,fctype1070,15,290,2468,433,841
1071,fctype1071,9,305,2475,417,811
1072,fctype1072,9,264,2275,0,331
1073,fctype1073,7,323,2271,0,390
1074,fctype1074,18,314,2281,30,420
1075,fctype1075,21,324,2288,42,450
1076,fctype1076,19,329,2296,67,480
1077,fctype1077,13,343,2300,0,488
1078,fctype1078,23,313,2306,30,469
1079,fctype1079,34,295,2335,90,433
1080,fctype1080,35,296,2357,120,417
1081,fctype1081,32,301,2372,150,402
1082,fctype1082,30,304,2387,180,390
1083,fctype1083,29,304,2400,210,379
1084,fctype1084,28,299,2414,240,371
1085,fctype1085,28,283,2444,277,361
1086,fctype1086,28,275,2461,247,360
1087,fctype1087,21,263,2477,218,360
1088,fctype1088,7,225,2482,190,361
1089,fctype1089,8,118,2480,162,365
1090,fctype1090,12,102,2475,134,371
1091,fctype1091,16,99,2469,108,379
1092,fctype1092,16,102,2458,85,390
1093,fctype1093,14,110,2451,60,402
1094,fctype1094,13,116,2444,30,417
1095,fctype1095,6,129,2439,0,430
1096,fctype1096,7,285,2440,30,443
1097,fctype1097,16,348,2445,120,484
1098,fctype1098,15,331,2448,150,499
1099,fctype1099,16,299,2451,170,503
1100,fctype1100,18,283,2463,192,495
1101,fctype1101,18,287,2473,212,488
1102,fctype1102,18,294,2483,234,484
1103,fctype1103,14,302,2490,255,481
1104,fctype1104,11,306,2495,277,480
1105,fctype1105,7,350,2500,324,480
1106,fctype1106,9,347,2501,309,474
1107,fctype1107,12,350,2501,283,466
1108,fctype1108,15,338,2502,256,459
1109,fctype1109,17,325,2507,228,454
1110,fctype1110,13,345,2514,201,451
1111,fctype1111,10,38,2511,150,450
1112,fctype1112,13,65,2504,124,450
1113,fctype1113,14,73,2498,95,450
1114,fctype1114,15,76,2490,67,451
1115,fctype1115,18,76,2483,42,454
1116,fctype1116,22,79,2472,30,459
1117,fctype1117,8,16,2449,30,474
1118,fctype1118,16,317,2455,42,485
1119,fctype1119,19,321,2462,67,497
1120,fctype1120,19,332,2469,85,510
1121,fctype1121,19,340,2474,108,525
1122,fctype1122,19,339,2477,120,541
1123,fctype1123,17,347,2481,90,558
1124,fctype1124,9,20,2473,0,616
1125,fctype1125,9,322,2475,30,636
1126,fctype1126,10,326,2478,60,658
1127,fctype1127,10,337,2480,90,679
1128,fctype1128,8,358,2481,120,700
1129,fctype1129,6,353,2479,150,721
1130,fctype1130,6,61,2480,210,765
1131,fctype1131,8,88,2475,240,787
1132,fctype1132,13,96,2470,270,811
1133,fctype1133,18,96,2462,277,834
1134,fctype1134,20,97,2452,255,858
1135,fctype1135,21,102,2441,234,882
1136,fctype1136,22,107,2429,212,907
1137,fctype1137,24,107,2418,190,932
1138,fctype1138,25,105,2404,162,957
1139,fctype1139,26,106,2390,134,962
1140,fctype1140,26,111,2376,108,964
1141,fctype1141,26,117,2363,85,967
1142,fctype1142,25,115,2351,67,972
1143,fctype1143,23,107,2339,60,977
1144,fctype1144,18,100,2328,42,983
1145,fctype1145,12,94,2322,30,990
1146,fctype1146,11,83,2316,30,997
1147,fctype1147,13,25,2301,0,1015
1148,fctype1148,17,340,2300,30,1025
1149,fctype1149,22,320,2307,60,1036
1150,fctype1150,26,311,2316,85,1048
1151,fctype1151,28,301,2329,108,1050
1152,fctype1152,26,295,2344,134,1050
1153,fctype1153,15,302,2356,162,1052
1154,fctype1154,7,62,2359,190,1054
1155,fctype1155,18,94,2350,218,1057
1156,fctype1156,24,97,2338,247,1061
1157,fctype1157,26,95,2322,240,1065
1158,fctype1158,20,36,2289,150,1082
1159,fctype1159,23,24,2283,120,1084
1160,fctype1160,23,33,2274,60,1090
1161,fctype1161,20,34,2265,30,1095
1162,fctype1162,17,335,2263,30,1106
1163,fctype1163,21,328,2269,60,1113
1164,fctype1164,25,319,2276,90,1116
1165,fctype1165,28,310,2287,120,1101
1166,fctype1166,27,306,2301,150,1087
1167,fctype1167,22,314,2313,175,1073
1168,fctype1168,20,324,2325,228,1048
1169,fctype1169,20,327,2331,256,1036
1170,fctype1170,22,323,2337,283,1025
1171,fctype1171,24,312,2345,309,1015
1172,fctype1172,26,302,2358,335,1006
1173,fctype1173,22,303,2370,362,997
1174,fctype1174,20,307,2377,390,990
1175,fctype1175,21,307,2387,418,983
1176,fctype1176,20,319,2396,446,977
1177,fctype1177,26,335,2413,420,964
1178,fctype1178,26,333,2420,390,962
1179,fctype1179,22,344,2426,360,960
1180,fctype1180,13,52,2416,270,962
1181,fctype1181,13,72,2409,240,964
1182,fctype1182,12,77,2402,210,967
1183,fctype1183,13,85,2397,180,972
1184,fctype1184,21,95,2388,150,977
1185,fctype1185,24,94,2373,120,983
1186,fctype1186,24,86,2360,90,990
1187,fctype1187,24,81,2346,60,997
1188,fctype1188,20,80,2333,30,1006
1189,fctype1189,17,308,2331,30,1025
1190,fctype1190,20,309,2341,42,1036
1191,fctype1191,21,310,2350,67,1048
1192,fctype1192,23,303,2359,85,1060
1193,fctype1193,24,295,2371,108,1073
1194,fctype1194,20,295,2383,134,1087
1195,fctype1195,17,296,2390,162,1101
1196,fctype1196,17,291,2397,190,1116
1197,fctype1197,19,283,2406,218,1132
1198,fctype1198,22,275,2418,247,1148
1199,fctype1199,22,268,2432,277,1127
1200,fctype1200,16,256,2444,306,1100
1201,fctype1201,11,207,2456,365,1047
1202,fctype1202,9,150,2454,395,1020
1203,fctype1203,6,157,2449,424,994
1204,fctype1204,7,214,2450,454,967
1205,fctype1205,10,198,2453,484,942
1206,fctype1206,13,173,2453,514,916
1207,fctype1207,15,166,2451,543,890
1208,fctype1208,17,153,2449,573,865
1209,fctype1209,18,147,2442,603,841
1210,fctype1210,18,145,2439,591,816
1211,fctype1211,18,147,2432,579,792
1212,fctype1212,19,166,2427,569,768
1213,fctype1213,20,175,2427,560,745
1214,fctype1214,19,166,2428,553,722
1215,fctype1215,19,162,2423,524,700
1216,fctype1216,20,173,2421,495,679
1217,fctype1217,22,181,2421,466,658
1218,fctype1218,21,179,2421,437,636
1219,fctype1219,18,164,2419,408,616
1220,fctype1220,18,147,2415,379,594
1221,fctype1221,20,137,2409,351,573
1222,fctype1222,21,143,2400,323,553
1223,fctype1223,20,150,2391,268,516
1224,fctype1224,21,149,2385,242,499
1225,fctype1225,22,156,2379,216,484
1226,fctype1226,23,162,2375,192,470
1227,fctype1227,25,168,2371,170,457
1228,fctype1228,26,167,2369,150,443
1229,fctype1229,13,357,3349,30,4355
1230,fctype1230,17,310,3350,0,4326
1231,fctype1231,20,294,3363,30,4298
1232,fctype1232,9,315,3370,60,4269
1233,fctype1233,7,337,3370,85,4241
1234,fctype1234,10,313,3373,108,4212
1235,fctype1235,8,324,3378,134,4184
1236,fctype1236,11,36,3378,162,4155
1237,fctype1237,24,62,3371,180,4127
1238,fctype1238,32,69,3355,150,4099
1239,fctype1239,32,70,3336,120,4070
1240,fctype1240,34,73,3320,90,4042
1241,fctype1241,38,75,3297,60,4014
1242,fctype1242,31,73,3275,30,3986
1243,fctype1243,16,51,3262,0,3957
1244,fctype1244,14,323,3262,30,3929
1245,fctype1245,19,316,3271,60,3901
1246,fctype1246,16,339,3276,85,3873
1247,fctype1247,16,356,3277,108,3845
1248,fctype1248,16,353,3277,134,3817
1249,fctype1249,16,346,3279,162,3789
1250,fctype1250,14,349,3281,190,3761
1251,fctype1251,13,353,3282,212,3733
1252,fctype1252,15,335,3283,228,3705
1253,fctype1253,19,321,3289,242,3677
1254,fctype1254,22,322,3296,247,3649
1255,fctype1255,23,327,3304,256,3621
1256,fctype1256,26,322,3310,268,3593
1257,fctype1257,29,319,3322,277,3565
1258,fctype1258,29,329,3332,285,3538
1259,fctype1259,29,333,3339,295,3510
1260,fctype1260,29,333,3347,309,3482
1261,fctype1261,30,325,3354,323,3455
1262,fctype1262,13,112,3112,376,2250
1263,fctype1263,9,122,3107,350,2226
1264,fctype1264,8,126,3104,323,2202
1265,fctype1265,10,120,3100,295,2179
1266,fctype1266,12,117,3095,268,2155
1267,fctype1267,12,113,3089,242,2132
1268,fctype1268,16,103,3083,216,2109
1269,fctype1269,22,95,3073,192,2086
1270,fctype1270,25,91,3059,170,2063
1271,fctype1271,32,88,3045,150,2040
1272,fctype1272,34,84,3021,124,2018
1273,fctype1273,21,76,3005,95,1996
1274,fctype1274,18,78,2998,67,1974
1275,fctype1275,18,83,2986,42,1952
1276,fctype1276,7,68,2979,30,1931
1277,fctype1277,4,310,2979,0,1909
1278,fctype1278,7,282,2982,30,1888
1279,fctype1279,7,279,2986,42,1867
1280,fctype1280,4,297,2990,67,1847
1281,fctype1281,3,339,2990,95,1826
1282,fctype1282,6,322,2991,124,1806
1283,fctype1283,7,326,2994,153,1786
1284,fctype1284,12,294,2998,212,1748
1285,fctype1285,16,279,3007,242,1729
1286,fctype1286,18,273,3015,272,1710
1287,fctype1287,24,271,3027,301,1692
1288,fctype1288,28,270,3042,331,1674
1289,fctype1289,27,272,3059,361,1657
1290,fctype1290,20,279,3072,390,1639
1291,fctype1291,17,288,3080,418,1622
1292,fctype1292,18,292,3089,446,1606
1293,fctype1293,17,299,3098,474,1590
1294,fctype1294,17,299,3110,524,1559
1295,fctype1295,27,285,3121,497,1544
1296,fctype1296,37,280,3140,470,1530
1297,fctype1297,39,280,3165,443,1516
1298,fctype1298,31,286,3188,417,1503
1299,fctype1299,19,313,3209,366,1476
1300,fctype1300,18,315,3215,342,1463
1301,fctype1301,20,311,3223,319,1450
1302,fctype1302,18,315,3231,295,1438
1303,fctype1303,17,318,3237,268,1426
1304,fctype1304,14,322,3243,242,1415
1305,fctype1305,11,328,3246,216,1405
1306,fctype1306,10,325,3249,192,1395
1307,fctype1307,9,342,3252,170,1385
1308,fctype1308,10,16,3252,150,1376
1309,fctype1309,14,31,3249,124,1368
1310,fctype1310,18,43,3244,95,1361
1311,fctype1311,20,50,3236,67,1354
1312,fctype1312,19,50,3228,42,1347
1313,fctype1313,18,48,3220,30,1342
1314,fctype1314,20,287,3220,30,1332
1315,fctype1315,27,271,3234,42,1328
1316,fctype1316,32,265,3251,67,1325
1317,fctype1317,30,263,3272,95,1323
1318,fctype1318,24,262,3286,124,1321
1319,fctype1319,16,264,3298,153,1320
1320,fctype1320,6,270,3303,182,1320
1321,fctype1321,1,349,3304,212,1320
1322,fctype1322,3,63,3303,242,1320
1323,fctype1323,4,74,3301,272,1320
1324,fctype1324,7,90,3299,301,1321
1325,fctype1325,8,101,3294,331,1323
1326,fctype1326,10,108,3290,361,1325
1327,fctype1327,10,113,3284,391,1320
1328,fctype1328,10,112,3280,421,1290
1329,fctype1329,11,105,3274,451,1260
1330,fctype1330,11,104,3268,481,1230
1331,fctype1331,11,101,3263,511,1200
1332,fctype1332,15,100,3257,513,1170
1333,fctype1333,23,97,3247,503,1140
1334,fctype1334,20,95,3232,495,1110
1335,fctype1335,11,92,3226,488,1080
1336,fctype1336,10,94,3220,484,1050
1337,fctype1337,12,93,3215,481,1020
1338,fctype1338,14,94,3207,480,990
1339,fctype1339,13,100,3200,481,960
1340,fctype1340,17,99,3193,484,930
1341,fctype1341,20,94,3182,488,900
1342,fctype1342,23,91,3171,495,871
1343,fctype1343,30,90,3157,503,841
1344,fctype1344,35,88,3136,513,811
1345,fctype1345,36,87,3115,524,781
1346,fctype1346,37,85,3092,537,751
1347,fctype1347,36,82,3070,551,721
1348,fctype1348,32,77,3049,564,691
1349,fctype1349,27,75,3033,571,661
1350,fctype1350,22,74,3019,573,631
1351,fctype1351,15,68,3010,573,601
1352,fctype1352,25,82,3004,543,571
1353,fctype1353,31,88,2982,514,541
1354,fctype1354,25,89,2968,484,511
1355,fctype1355,25,89,2954,454,481
1356,fctype1356,23,90,2940,424,451
1357,fctype1357,21,90,2928,395,421
1358,fctype1358,19,89,2918,365,391
1359,fctype1359,18,89,2908,335,361
1360,fctype1360,17,92,2898,306,331
1361,fctype1361,17,97,2889,277,301
1362,fctype1362,18,104,2879,247,272
1363,fctype1363,18,113,2870,218,242
1364,fctype1364,19,120,2861,190,212
1365,fctype1365,20,125,2852,162,182
1366,fctype1366,21,128,2843,134,153
1367,fctype1367,20,132,2834,108,124
1368,fctype1368,19,135,2827,85,95
1369,fctype1369,6,141,3021,277,930
1370,fctype1370,9,117,3017,255,960
1371,fctype1371,12,113,3013,228,990
1372,fctype1372,16,113,3006,201,1020
1373,fctype1373,20,114,2997,175,1050
1374,fctype1374,25,113,2986,150,1080
1375,fctype1375,26,113,2971,124,1110
1376,fctype1376,21,115,2958,95,1140
1377,fctype1377,15,112,2950,67,1170
1378,fctype1378,9,109,2943,42,1200
1379,fctype1379,3,121,2940,30,1230
1380,fctype1380,1,162,2940,30,1260
1381,fctype1381,1,101,2940,0,1290
1382,fctype1382,3,86,2939,0,1320
1383,fctype1383,3,301,2935,85,1440
1384,fctype1384,2,293,2936,108,1470
1385,fctype1385,2,281,2937,120,1500
1386,fctype1386,3,285,2939,124,1530
1387,fctype1387,1,301,2940,134,1560
1388,fctype1388,1,281,2941,134,1590
1389,fctype1389,2,225,2942,120,1650
1390,fctype1390,2,172,2943,124,1680
1391,fctype1391,3,98,2941,134,1710
1392,fctype1392,3,58,2939,150,1740
1393,fctype1393,4,354,2938,170,1770
1394,fctype1394,9,331,2939,192,1800
1395,fctype1395,13,324,2943,216,1830
1396,fctype1396,15,324,2948,242,1860
1397,fctype1397,14,331,2953,228,1890
1398,fctype1398,13,349,2956,218,1920
1399,fctype1399,14,26,2954,210,1980
1400,fctype1400,16,45,2949,210,2010
1401,fctype1401,15,49,2941,212,2040
1402,fctype1402,11,40,2936,218,2069
1403,fctype1403,5,22,2933,228,2098
1404,fctype1404,3,249,2933,242,2126
1405,fctype1405,10,223,2936,258,2155
1406,fctype1406,14,221,2940,277,2184
1407,fctype1407,13,215,2946,277,2213
1408,fctype1408,9,176,2949,268,2242
1409,fctype1409,10,124,2945,256,2271
1410,fctype1410,11,97,2939,242,2300
1411,fctype1411,14,84,2933,228,2329
1412,fctype1412,17,82,2925,218,2343
1413,fctype1413,17,84,2916,212,2353
1414,fctype1414,16,87,2907,201,2363
1415,fctype1415,18,97,2890,170,2384
1416,fctype1416,19,102,2879,150,2395
1417,fctype1417,16,105,2870,134,2407
1418,fctype1418,12,100,2863,120,2419
1419,fctype1419,7,94,2858,90,2431
1420,fctype1420,4,90,2856,60,2443
1421,fctype1421,2,76,2854,30,2456
1422,fctype1422,4,320,2854,0,2469
1423,fctype1423,10,317,2857,0,2482
1424,fctype1424,16,318,2862,30,2496
1425,fctype1425,20,322,2869,42,2509
1426,fctype1426,22,330,2875,67,2522
1427,fctype1427,23,343,2880,95,2536
1428,fctype1428,24,350,2882,124,2549
1429,fctype1429,26,348,2884,150,2563
1430,fctype1430,26,345,2887,170,2576
1431,fctype1431,27,341,2892,192,2589
1432,fctype1432,28,338,2898,212,2603
1433,fctype1433,28,335,2905,234,2617
1434,fctype1434,28,333,2912,255,2631
1435,fctype1435,29,326,2919,277,2646
1436,fctype1436,30,317,2930,285,2661
1437,fctype1437,31,314,2944,295,2676
1438,fctype1438,29,317,2957,309,2691
1439,fctype1439,27,318,2967,323,2706
1440,fctype1440,26,314,2977,335,2722
1441,fctype1441,24,313,2988,350,2738
1442,fctype1442,18,322,2996,366,2754
1443,fctype1443,11,351,3000,384,2771
1444,fctype1444,11,47,2998,400,2787
1445,fctype1445,18,63,2991,408,2802
1446,fctype1446,24,61,2980,418,2813
1447,fctype1447,25,52,2967,421,2825
1448,fctype1448,23,34,2958,391,2836
1449,fctype1449,12,13,2946,182,2925
1450,fctype1450,12,20,2944,153,2938
1451,fctype1451,12,23,2942,124,2952
1452,fctype1452,11,22,2939,95,2965
1453,fctype1453,10,15,2937,67,2979
1454,fctype1454,10,353,2936,30,3007
1455,fctype1455,11,327,2937,42,3022
1456,fctype1456,12,306,2942,67,3036
1457,fctype1457,10,300,2948,95,3051
1458,fctype1458,8,299,2952,124,3066
1459,fctype1459,8,297,2956,153,3048
1460,fctype1460,8,297,2959,182,3019
1461,fctype1461,9,300,2963,212,2989
1462,fctype1462,10,305,2967,242,2960
1463,fctype1463,10,308,2971,272,2930
1464,fctype1464,11,303,2976,301,2901
1465,fctype1465,11,294,2982,331,2871
1466,fctype1466,11,283,2987,361,2842
1467,fctype1467,11,275,2993,391,2812
1468,fctype1468,12,272,2999,421,2783
1469,fctype1469,11,276,3005,451,2753
1470,fctype1470,8,286,3010,481,2724
1471,fctype1471,6,299,3014,511,2695
1472,fctype1472,3,339,3016,541,2665
1473,fctype1473,4,31,3015,571,2636
1474,fctype1474,5,33,3013,577,2607
1475,fctype1475,4,21,3012,551,2577
1476,fctype1476,3,31,3012,525,2548
1477,fctype1477,3,72,3011,499,2519
1478,fctype1478,4,90,3009,474,2489
1479,fctype1479,6,99,3006,450,2460
1480,fctype1480,7,108,3003,426,2431
1481,fctype1481,8,119,3000,404,2401
1482,fctype1482,11,125,2996,382,2372
1483,fctype1483,14,128,2990,361,2343
1484,fctype1484,17,126,2984,339,2314
1485,fctype1485,20,121,2975,313,2285
1486,fctype1486,21,118,2965,285,2256
1487,fctype1487,19,113,2955,256,2226
1488,fctype1488,16,109,2946,228,2197
1489,fctype1489,7,329,2427,240,876
1490,fctype1490,6,48,2428,270,900
1491,fctype1491,11,71,2422,300,924
1492,fctype1492,11,75,2416,330,949
1493,fctype1493,11,81,2410,360,973
1494,fctype1494,10,89,2404,390,999
1495,fctype1495,8,98,2400,420,1024
1496,fctype1496,6,114,2396,446,1050
1497,fctype1497,4,149,2395,418,1075
1498,fctype1498,4,203,2394,390,1101
1499,fctype1499,6,256,2395,362,1128
1500,fctype1500,3,274,2401,335,1154
1501,fctype1501,4,115,2399,309,1181
1502,fctype1502,7,135,2396,283,1207
1503,fctype1503,12,127,2393,258,1234
1504,fctype1504,18,120,2385,234,1261
1505,fctype1505,18,122,2368,192,1316
1506,fctype1506,18,119,2359,170,1343
1507,fctype1507,19,112,2351,150,1371
1508,fctype1508,20,114,2337,134,1398
1509,fctype1509,19,128,2329,124,1426
1510,fctype1510,22,147,2309,90,1510
1511,fctype1511,22,138,2303,85,1538
1512,fctype1512,23,129,2293,60,1566
1513,fctype1513,21,125,2284,30,1594
1514,fctype1514,19,319,2283,30,1530
1515,fctype1515,20,334,2289,30,1500
1516,fctype1516,23,336,2293,30,1470
1517,fctype1517,29,337,2304,60,1410
1518,fctype1518,32,346,2317,67,1350
1519,fctype1519,29,356,2321,85,1320
1520,fctype1520,13,302,2318,134,1260
1521,fctype1521,22,262,2331,162,1230
1522,fctype1522,24,252,2344,190,1200
1523,fctype1523,22,254,2357,218,1170
1524,fctype1524,19,267,2367,247,1140
1525,fctype1525,21,282,2378,277,1110
1526,fctype1526,22,291,2390,306,1080
1527,fctype1527,23,296,2402,335,1050
1528,fctype1528,21,297,2412,365,1020
1529,fctype1529,20,290,2421,395,990
1530,fctype1530,19,282,2432,424,960
1531,fctype1531,18,274,2442,446,930
1532,fctype1532,18,271,2453,437,900
1533,fctype1533,16,270,2462,426,870
1534,fctype1534,16,272,2471,408,840
1535,fctype1535,7,282,2480,391,810
1536,fctype1536,29,32,2287,42,420
1537,fctype1537,22,317,2290,42,420
1538,fctype1538,18,319,2298,67,450
1539,fctype1539,14,307,2306,0,467
1540,fctype1540,23,306,2315,30,446
1541,fctype1541,28,300,2326,60,426
1542,fctype1542,34,292,2342,90,408
1543,fctype1543,35,291,2363,120,391
1544,fctype1544,32,297,2381,150,376
1545,fctype1545,30,302,2396,180,362
1546,fctype1546,28,304,2411,210,351
1547,fctype1547,27,304,2423,240,342
1548,fctype1548,27,299,2435,270,335
1549,fctype1549,26,291,2449,272,331
1550,fctype1550,24,282,2461,242,330
1551,fctype1551,6,299,2481,182,331
1552,fctype1552,7,64,2480,153,335
1553,fctype1553,13,80,2475,124,342
1554,fctype1554,16,86,2466,95,351
1555,fctype1555,16,88,2458,67,362
1556,fctype1556,15,91,2450,42,376
1557,fctype1557,11,90,2442,30,390
1558,fctype1558,3,9,2436,0,402
1559,fctype1559,13,300,2441,30,417
1560,fctype1560,14,316,2449,60,430
1561,fctype1561,14,346,2452,90,443
1562,fctype1562,15,344,2454,120,458
1563,fctype1563,15,345,2457,150,474
1564,fctype1564,14,324,2458,180,474
1565,fctype1565,17,295,2465,210,466
1566,fctype1566,18,283,2473,234,459
1567,fctype1567,17,281,2485,255,454
1568,fctype1568,13,288,2493,277,451
1569,fctype1569,11,304,2498,297,450
1570,fctype1570,8,329,2501,319,450
1571,fctype1571,7,345,2502,323,450
1572,fctype1572,9,335,2503,295,446
1573,fctype1573,11,332,2507,268,437
1574,fctype1574,14,330,2511,242,430
1575,fctype1575,14,326,2514,216,424
1576,fctype1576,10,349,2518,190,421
1577,fctype1577,8,33,2516,162,420
1578,fctype1578,10,64,2514,134,420
1579,fctype1579,14,79,2507,108,420
1580,fctype1580,15,84,2499,85,420
1581,fctype1581,14,87,2491,60,421
1582,fctype1582,16,88,2484,30,424
1583,fctype1583,17,58,2461,0,437
1584,fctype1584,15,349,2457,30,446
1585,fctype1585,22,323,2464,60,457
1586,fctype1586,22,324,2472,85,470
1587,fctype1587,20,332,2479,108,484
1588,fctype1588,17,340,2486,108,516
1589,fctype1589,15,49,2483,30,573
1590,fctype1590,10,35,2475,0,594
1591,fctype1591,9,321,2476,30,616
1592,fctype1592,12,317,2482,60,636
1593,fctype1593,11,338,2486,90,658
1594,fctype1594,12,359,2484,150,700
1595,fctype1595,11,47,2483,210,745
1596,fctype1596,12,69,2479,240,768
1597,fctype1597,15,86,2473,270,792
1598,fctype1598,19,94,2464,255,816
1599,fctype1599,22,97,2452,234,841
1600,fctype1600,22,99,2439,212,865
1601,fctype1601,21,100,2427,192,890
1602,fctype1602,22,95,2415,170,916
1603,fctype1603,24,91,2402,150,930
1604,fctype1604,25,88,2389,124,932
1605,fctype1605,27,90,2373,95,934
1606,fctype1606,25,95,2356,67,938
1607,fctype1607,19,100,2333,30,947
1608,fctype1608,15,94,2324,30,953
1609,fctype1609,12,17,2311,0,977
1610,fctype1610,24,340,2312,42,997
1611,fctype1611,28,329,2319,67,1008
1612,fctype1612,30,322,2328,95,1020
1613,fctype1613,29,317,2340,124,1020
1614,fctype1614,24,311,2350,150,1020
1615,fctype1615,12,324,2361,175,1022
1616,fctype1616,20,86,2348,228,1027
1617,fctype1617,23,83,2336,256,1031
1618,fctype1618,24,73,2323,240,1036
1619,fctype1619,22,56,2311,210,1041
1620,fctype1620,21,25,2304,180,1048
1621,fctype1621,26,39,2285,60,1061
1622,fctype1622,23,34,2275,30,1065
1623,fctype1623,24,338,2274,30,1077
1624,fctype1624,26,331,2280,60,1084
1625,fctype1625,27,318,2299,120,1075
1626,fctype1626,25,311,2310,150,1061
1627,fctype1627,20,314,2320,180,1047
1628,fctype1628,18,319,2326,210,1033
1629,fctype1629,19,318,2333,240,1020
1630,fctype1630,22,323,2346,295,997
1631,fctype1631,21,302,2363,350,977
1632,fctype1632,21,297,2375,376,968
1633,fctype1633,21,301,2384,402,960
1634,fctype1634,22,305,2394,430,953
1635,fctype1635,21,311,2403,457,947
1636,fctype1636,22,317,2412,480,942
1637,fctype1637,25,331,2427,420,934
1638,fctype1638,24,336,2433,390,932
1639,fctype1639,19,355,2438,360,930
1640,fctype1640,17,35,2436,330,930
1641,fctype1641,17,50,2427,300,930
1642,fctype1642,17,54,2420,270,932
1643,fctype1643,16,58,2411,240,934
1644,fctype1644,14,57,2405,210,938
1645,fctype1645,17,70,2399,180,942
1646,fctype1646,22,77,2388,150,947
1647,fctype1647,23,72,2375,120,953
1648,fctype1648,23,65,2365,90,960
1649,fctype1649,26,64,2353,60,968
1650,fctype1650,23,60,2339,30,977
1651,fctype1651,20,308,2339,30,997
1652,fctype1652,19,307,2347,60,1008
1653,fctype1653,18,302,2355,85,1020
1654,fctype1654,20,294,2364,108,1033
1655,fctype1655,22,290,2374,127,1047
1656,fctype1656,19,302,2394,175,1075
1657,fctype1657,18,305,2403,201,1091
1658,fctype1658,17,294,2411,228,1107
1659,fctype1659,19,277,2420,256,1123
1660,fctype1660,18,260,2430,285,1115
1661,fctype1661,14,234,2439,313,1087
1662,fctype1662,14,212,2442,342,1060
1663,fctype1663,15,197,2447,371,1033
1664,fctype1664,13,176,2448,400,1006
1665,fctype1665,9,183,2447,430,979
1666,fctype1666,8,195,2449,459,953
1667,fctype1667,9,180,2449,488,927
1668,fctype1668,10,163,2447,518,900
1669,fctype1669,12,153,2445,547,875
1670,fctype1670,14,144,2442,577,849
1671,fctype1671,15,141,2437,607,824
1672,fctype1672,15,139,2432,618,799
1673,fctype1673,15,135,2425,607,774
1674,fctype1674,14,148,2420,598,750
1675,fctype1675,17,169,2415,560,703
1676,fctype1676,17,158,2414,532,680
1677,fctype1677,18,163,2408,503,658
1678,fctype1678,19,179,2407,474,636
1679,fctype1679,19,184,2408,446,616
1680,fctype1680,20,152,2407,390,573
1681,fctype1681,23,140,2401,362,552
1682,fctype1682,25,142,2390,335,531
1683,fctype1683,23,158,2383,309,511
1684,fctype1684,24,157,2381,283,492
1685,fctype1685,26,151,2374,258,474
1686,fctype1686,27,157,2367,234,458
1687,fctype1687,27,163,2362,212,443
1688,fctype1688,27,167,2357,192,430
1689,fctype1689,28,165,2354,175,417
1690,fctype1690,14,312,3356,0,4335
1691,fctype1691,16,289,3368,30,4307
1692,fctype1692,7,297,3373,42,4279
1693,fctype1693,5,311,3374,67,4250
1694,fctype1694,8,297,3377,95,4222
1695,fctype1695,7,303,3381,124,4194
1696,fctype1696,6,32,3383,153,4165
1697,fctype1697,20,68,3378,180,4137
1698,fctype1698,31,75,3362,150,4109
1699,fctype1699,32,74,3342,120,4080
1700,fctype1700,34,75,3326,90,4052
1701,fctype1701,37,76,3303,60,4024
1702,fctype1702,15,351,3286,120,3855
1703,fctype1703,16,352,3286,150,3827
1704,fctype1704,16,352,3288,170,3799
1705,fctype1705,14,358,3289,192,3772
1706,fctype1706,12,354,3289,216,3744
1707,fctype1707,15,328,3290,242,3716
1708,fctype1708,20,314,3297,268,3688
1709,fctype1709,23,316,3306,277,3660
1710,fctype1710,24,323,3315,285,3632
1711,fctype1711,27,319,3322,295,3605
1712,fctype1712,31,316,3335,306,3577
1713,fctype1713,29,325,3347,313,3549
1714,fctype1714,28,332,3354,323,3522
1715,fctype1715,28,332,3362,335,3494
1716,fctype1716,28,325,3369,350,3467
1717,fctype1717,8,112,3105,335,2244
1718,fctype1718,8,117,3102,309,2221
1719,fctype1719,10,114,3098,283,2197
1720,fctype1720,11,112,3092,256,2174
1721,fctype1721,11,110,3087,228,2151
1722,fctype1722,14,101,3081,201,2128
1723,fctype1723,20,94,3072,175,2105
1724,fctype1724,24,92,3059,150,2083
1725,fctype1725,31,89,3045,127,2060
1726,fctype1726,31,83,3023,108,2038
1727,fctype1727,22,75,3009,95,2016
1728,fctype1728,21,79,3000,85,1994
1729,fctype1729,18,83,2987,60,1973
1730,fctype1730,6,66,2981,30,1952
1731,fctype1731,3,321,2981,0,1931
1732,fctype1732,6,287,2983,0,1910
1733,fctype1733,7,274,2987,30,1889
1734,fctype1734,5,278,2991,60,1869
1735,fctype1735,4,310,2992,90,1849
1736,fctype1736,7,312,2994,120,1829
1737,fctype1737,7,320,2997,150,1809
1738,fctype1738,7,328,2999,180,1790
1739,fctype1739,10,299,3001,210,1771
1740,fctype1740,14,279,3008,240,1752
1741,fctype1741,18,272,3016,268,1734
1742,fctype1742,23,269,3027,295,1716
1743,fctype1743,28,268,3042,323,1698
1744,fctype1744,28,270,3059,351,1681
1745,fctype1745,22,275,3074,379,1664
1746,fctype1746,18,284,3083,408,1648
1747,fctype1747,19,289,3093,437,1631
1748,fctype1748,17,295,3103,466,1616
1749,fctype1749,14,306,3110,492,1600
1750,fctype1750,16,300,3115,516,1585
1751,fctype1751,27,285,3125,510,1571
1752,fctype1752,36,279,3144,484,1557
1753,fctype1753,39,278,3169,458,1543
1754,fctype1754,33,282,3193,433,1530
1755,fctype1755,23,294,3207,408,1516
1756,fctype1756,18,308,3216,384,1503
1757,fctype1757,17,312,3222,361,1490
1758,fctype1758,19,308,3230,335,1477
1759,fctype1759,17,312,3238,309,1465
1760,fctype1760,15,318,3244,283,1454
1761,fctype1761,11,325,3249,258,1443
1762,fctype1762,9,333,3251,234,1433
1763,fctype1763,8,322,3253,212,1423
1764,fctype1764,7,332,3257,190,1414
1765,fctype1765,11,27,3256,134,1397
1766,fctype1766,16,50,3252,108,1390
1767,fctype1767,18,57,3243,85,1383
1768,fctype1768,18,54,3235,60,1377
1769,fctype1769,18,48,3227,30,1371
1770,fctype1770,12,14,3220,0,1366
1771,fctype1771,14,296,3224,0,1362
1772,fctype1772,23,271,3234,30,1358
1773,fctype1773,30,264,3250,60,1355
1774,fctype1774,30,261,3269,90,1353
1775,fctype1775,25,261,3285,120,1351
1776,fctype1776,17,262,3297,150,1350
1777,fctype1777,8,266,3303,180,1350
1778,fctype1778,1,315,3305,210,1350
1779,fctype1779,3,58,3304,240,1350
1780,fctype1780,5,73,3302,270,1350
1781,fctype1781,9,92,3299,300,1351
1782,fctype1782,10,102,3293,330,1353
1783,fctype1783,11,108,3289,360,1350
1784,fctype1784,11,112,3282,390,1320
1785,fctype1785,10,117,3278,420,1290
1786,fctype1786,11,108,3273,450,1260
1787,fctype1787,10,104,3267,480,1230
1788,fctype1788,10,102,3262,497,1200
1789,fctype1789,16,99,3256,485,1170
1790,fctype1790,22,98,3245,474,1140
1791,fctype1791,18,96,3232,466,1110
1792,fctype1792,11,95,3226,459,1080
1793,fctype1793,11,96,3220,454,1050
1794,fctype1794,12,96,3215,451,1020
1795,fctype1795,15,95,3207,450,990
1796,fctype1796,15,100,3199,451,960
1797,fctype1797,16,102,3191,454,930
1798,fctype1798,18,95,3182,459,900
1799,fctype1799,22,91,3171,466,870
1800,fctype1800,30,89,3157,474,840
1801,fctype1801,34,87,3137,485,810
1802,fctype1802,36,85,3117,497,780
1803,fctype1803,36,84,3094,510,750
1804,fctype1804,34,79,3073,524,720
1805,fctype1805,32,74,3054,537,690
1806,fctype1806,29,72,3037,541,660
1807,fctype1807,23,69,3023,543,630
1808,fctype1808,17,63,3013,547,600
1809,fctype1809,28,79,3007,541,570
1810,fctype1810,33,84,2982,511,540
1811,fctype1811,25,86,2968,481,510
1812,fctype1812,25,87,2954,451,480
1813,fctype1813,23,87,2940,421,450
1814,fctype1814,20,86,2928,391,420
1815,fctype1815,19,84,2917,361,390
1816,fctype1816,18,84,2908,331,360
1817,fctype1817,18,86,2898,301,330
1818,fctype1818,19,89,2888,272,300
1819,fctype1819,19,94,2878,242,270
1820,fctype1820,20,101,2867,212,240
1821,fctype1821,20,108,2856,182,210
1822,fctype1822,20,115,2846,153,180
1823,fctype1823,20,120,2836,124,150
1824,fctype1824,17,123,2827,95,120
1825,fctype1825,9,164,3018,255,930
1826,fctype1826,10,135,3015,234,960
1827,fctype1827,18,117,3002,190,1020
1828,fctype1828,22,115,2992,162,1050
1829,fctype1829,26,112,2979,134,1080
1830,fctype1830,25,112,2964,108,1110
1831,fctype1831,18,114,2953,85,1140
1832,fctype1832,12,115,2946,60,1170
1833,fctype1833,6,110,2941,30,1200
1834,fctype1834,1,63,2940,0,1230
1835,fctype1835,2,352,2940,0,1260
1836,fctype1836,2,27,2940,0,1290
1837,fctype1837,3,45,2939,30,1320
1838,fctype1838,5,45,2938,42,1350
1839,fctype1839,3,333,2936,108,1440
1840,fctype1840,2,337,2937,127,1470
1841,fctype1841,1,270,2937,150,1500
1842,fctype1842,3,239,2939,153,1530
1843,fctype1843,2,191,2940,162,1560
1844,fctype1844,3,188,2939,162,1590
1845,fctype1845,4,203,2940,153,1620
1846,fctype1846,3,211,2940,150,1650
1847,fctype1847,1,225,2941,153,1680
1848,fctype1848,2,34,2941,162,1710
1849,fctype1849,11,322,2944,212,1800
1850,fctype1850,13,317,2949,234,1830
1851,fctype1851,11,315,2954,216,1860
1852,fctype1852,8,315,2958,201,1888
1853,fctype1853,5,331,2961,190,1917
1854,fctype1854,4,16,2961,182,1945
1855,fctype1855,8,52,2960,180,1974
1856,fctype1856,13,62,2954,180,2003
1857,fctype1857,14,56,2947,182,2032
1858,fctype1858,12,42,2941,190,2060
1859,fctype1859,10,29,2938,201,2089
1860,fctype1860,7,16,2935,216,2118
1861,fctype1861,5,323,2934,234,2147
1862,fctype1862,8,283,2937,255,2176
1863,fctype1863,7,266,2942,247,2205
1864,fctype1864,1,239,2944,242,2234
1865,fctype1865,5,66,2944,228,2263
1866,fctype1866,10,61,2941,216,2292
1867,fctype1867,14,69,2936,201,2321
1868,fctype1868,18,79,2928,190,2350
1869,fctype1869,19,86,2917,182,2379
1870,fctype1870,17,92,2908,175,2391
1871,fctype1871,17,94,2899,162,2402
1872,fctype1872,19,95,2878,127,2423
1873,fctype1873,14,93,2869,108,2435
1874,fctype1874,10,86,2863,95,2446
1875,fctype1875,6,77,2859,85,2458
1876,fctype1876,4,69,2857,60,2470
1877,fctype1877,2,18,2855,30,2483
1878,fctype1878,7,307,2856,0,2496
1879,fctype1879,14,304,2861,30,2509
1880,fctype1880,19,309,2869,42,2522
1881,fctype1881,22,314,2877,67,2536
1882,fctype1882,24,323,2886,85,2549
1883,fctype1883,25,336,2893,108,2563
1884,fctype1884,28,345,2897,134,2576
1885,fctype1885,30,348,2901,162,2589
1886,fctype1886,31,349,2904,190,2603
1887,fctype1887,29,346,2908,212,2616
1888,fctype1888,28,340,2913,234,2630
1889,fctype1889,27,335,2919,255,2644
1890,fctype1890,28,333,2926,277,2658
1891,fctype1891,28,328,2933,297,2672
1892,fctype1892,29,319,2943,313,2687
1893,fctype1893,29,313,2955,323,2701
1894,fctype1894,24,316,2977,350,2732
1895,fctype1895,23,313,2986,362,2748
1896,fctype1896,21,312,2996,376,2763
1897,fctype1897,15,326,3003,391,2779
1898,fctype1898,13,46,3000,426,2812
1899,fctype1899,17,56,2994,437,2829
1900,fctype1900,21,56,2986,446,2841
1901,fctype1901,22,47,2976,424,2852
1902,fctype1902,21,30,2968,395,2864
1903,fctype1903,16,19,2959,277,2912
1904,fctype1904,14,18,2956,247,2925
1905,fctype1905,13,14,2953,190,2952
1906,fctype1906,13,20,2951,162,2965
1907,fctype1907,13,25,2948,134,2978
1908,fctype1908,12,23,2945,108,2992
1909,fctype1909,12,14,2943,85,3006
1910,fctype1910,12,352,2942,60,3034
1911,fctype1911,12,337,2944,67,3048
1912,fctype1912,12,323,2947,85,3062
1913,fctype1913,10,315,2951,108,3077
1914,fctype1914,9,311,2954,134,3073
1915,fctype1915,8,308,2958,162,3043
1916,fctype1916,9,304,2961,190,3013
1917,fctype1917,11,303,2966,218,2984
1918,fctype1918,12,309,2971,247,2954
1919,fctype1919,12,315,2976,277,2925
1920,fctype1920,12,315,2980,306,2895
1921,fctype1921,10,309,2984,335,2866
1922,fctype1922,9,295,2988,365,2836
1923,fctype1923,10,279,2993,395,2807
1924,fctype1924,12,276,2999,424,2777
1925,fctype1925,12,279,3006,454,2748
1926,fctype1926,9,286,3012,484,2718
1927,fctype1927,5,293,3015,514,2689
1928,fctype1928,3,321,3017,543,2659
1929,fctype1929,4,13,3017,573,2630
1930,fctype1930,6,24,3016,564,2601
1931,fctype1931,5,34,3015,537,2571
1932,fctype1932,4,54,3013,510,2542
1933,fctype1933,4,76,3011,484,2512
1934,fctype1934,5,90,3009,458,2483
1935,fctype1935,7,100,3006,433,2454
1936,fctype1936,9,111,3002,408,2424
1937,fctype1937,12,122,2997,384,2395
1938,fctype1938,16,129,2991,361,2366
1939,fctype1939,17,133,2984,339,2336
1940,fctype1940,19,131,2977,319,2307
1941,fctype1941,21,125,2968,297,2278
1942,fctype1942,21,124,2958,277,2249
1943,fctype1943,18,126,2950,247,2219
1944,fctype1944,16,124,2943,218,2190
1945,fctype1945,2,331,2428,242,858
1946,fctype1946,10,91,2422,301,907
1947,fctype1947,11,91,2416,331,932
1948,fctype1948,11,92,2411,361,957
1949,fctype1949,10,102,2398,421,1008
1950,fctype1950,9,118,2393,437,1034
1951,fctype1951,8,152,2389,408,1061
1952,fctype1952,8,198,2390,379,1087
1953,fctype1953,10,227,2393,351,1114
1954,fctype1954,7,209,2398,323,1140
1955,fctype1955,8,137,2396,295,1167
1956,fctype1956,10,131,2391,268,1194
1957,fctype1957,18,117,2380,216,1249
1958,fctype1958,19,115,2370,192,1276
1959,fctype1959,18,119,2361,170,1304
1960,fctype1960,19,124,2354,150,1332
1961,fctype1961,20,123,2346,127,1359
1962,fctype1962,19,117,2338,108,1387
1963,fctype1963,20,113,2327,95,1415
1964,fctype1964,19,120,2315,85,1443
1965,fctype1965,18,130,2308,67,1471
1966,fctype1966,18,139,2300,60,1499
1967,fctype1967,19,138,2296,60,1528
1968,fctype1968,19,127,2287,42,1556
1969,fctype1969,15,117,2278,30,1584
1970,fctype1970,19,297,2280,30,1560
1971,fctype1971,20,309,2293,42,1530
1972,fctype1972,17,324,2298,60,1500
1973,fctype1973,19,319,2304,60,1470
1974,fctype1974,23,321,2312,67,1440
1975,fctype1975,28,325,2319,85,1410
1976,fctype1976,32,330,2329,90,1380
1977,fctype1977,32,344,2338,95,1350
1978,fctype1978,16,358,2326,150,1260
1979,fctype1979,17,300,2331,175,1230
1980,fctype1980,21,280,2339,201,1200
1981,fctype1981,24,277,2353,228,1170
1982,fctype1982,23,280,2367,256,1140
1983,fctype1983,23,282,2393,313,1080
1984,fctype1984,21,280,2406,342,1050
1985,fctype1985,18,280,2417,371,1020
1986,fctype1986,17,277,2426,400,990
1987,fctype1987,16,272,2435,430,960
1988,fctype1988,16,265,2442,418,930
1989,fctype1989,17,261,2451,408,900
1990,fctype1990,17,261,2460,400,870
1991,fctype1991,17,264,2468,384,840
1992,fctype1992,32,47,2311,85,450
1993,fctype1993,27,30,2301,67,420
1994,fctype1994,10,326,2304,42,450
1995,fctype1995,9,319,2304,0,469
1996,fctype1996,17,298,2311,30,446
1997,fctype1997,21,290,2322,42,424
1998,fctype1998,27,288,2334,67,404
1999,fctype1999,32,286,2351,95,384
2000,fctype2000,33,283,2370,124,366