,id,Label,Slope,Aspect,Elevation,Horizontal_Distance_To_Hydrology,Horizontal_Distance_To_Roadways
0,1,covtype1,3,51,2596,258,510
1,2,covtype2,2,56,2590,212,390
2,3,covtype3,9,139,2804,268,3180
3,4,covtype4,18,155,2785,242,3090
4,5,covtype5,2,45,2595,153,391
5,6,covtype6,6,132,2579,300,67
6,7,covtype7,7,45,2606,270,633
7,8,covtype8,4,49,2605,234,573
8,9,covtype9,9,45,2617,240,666
9,10,covtype10,10,59,2612,247,636
10,11,covtype11,4,201,2612,180,735
11,12,covtype12,11,151,2886,371,5253
12,13,covtype13,22,134,2742,150,3215
13,14,covtype14,7,214,2609,150,771
14,15,covtype15,4,157,2503,67,674
15,16,covtype16,7,51,2495,42,752
16,17,covtype17,1,259,2610,120,607
17,18,covtype18,7,72,2517,85,595
18,19,covtype19,5,38,2503,85,741
19,20,covtype20,9,71,2501,60,767
20,21,covtype21,17,209,2880,216,4986
21,22,covtype22,23,114,2768,192,3339
22,23,covtype23,8,54,2511,124,638
23,24,covtype24,9,22,2507,120,732
24,25,covtype25,6,135,2492,0,860
25,26,covtype26,10,163,2489,30,849
26,27,covtype27,16,148,2962,323,5916
27,28,covtype28,1,135,2811,212,3670
28,29,covtype29,24,117,2739,127,3281
29,30,covtype30,30,122,2703,67,3191
30,31,covtype31,7,105,2522,120,595
31,32,covtype32,6,102,2519,124,616
32,33,covtype33,6,23,2516,150,658
33,34,covtype34,9,41,2515,162,680
34,35,covtype35,19,45,2900,242,5199
35,36,covtype36,28,125,2709,67,3224
36,37,covtype37,7,92,2511,182,722
37,38,covtype38,30,98,2749,124,3316
38,39,covtype39,12,354,2686,0,3167
39,40,covtype40,3,347,2699,0,2096
40,41,covtype41,2,346,2570,0,331
41,42,covtype42,9,71,2533,150,577
42,43,covtype43,27,330,2703,30,3141
43,44,covtype44,5,128,2678,95,1660
44,45,covtype45,8,68,2529,210,666
45,46,covtype46,7,94,2524,212,684
46,47,covtype47,6,99,2536,234,659
47,48,covtype48,6,66,2498,95,900
48,49,covtype49,7,100,2489,85,810
49,50,covtype50,30,117,2713,60,3297
50,51,covtype51,25,323,2739,85,3118
51,52,covtype52,2,72,2696,30,3271
52,53,covtype53,14,79,2510,192,891
53,54,covtype54,7,81,2502,175,912
54,55,covtype55,24,315,2722,30,3216
55,56,covtype56,11,74,2500,190,930
56,57,covtype57,5,68,2486,180,870
57,58,covtype58,4,11,2489,175,840
58,59,covtype59,6,42,2489,162,810
59,60,covtype60,5,75,2490,134,810
60,61,covtype61,11,107,2952,42,5845
61,62,covtype62,8,90,2705,134,2023
62,63,covtype63,7,40,2507,153,930
63,64,covtype64,14,49,2500,150,870
64,65,covtype65,10,63,2493,127,840
65,66,covtype66,7,59,2509,134,900
66,67,covtype67,6,54,2740,218,2287
67,68,covtype68,8,80,2640,180,1092
68,69,covtype69,12,166,2843,242,4434
69,70,covtype70,14,45,3008,277,6371
70,71,covtype71,16,114,2893,108,5066
71,72,covtype72,10,30,2628,240,960
72,73,covtype73,18,118,2864,201,4567
73,74,covtype74,28,160,2827,134,3948
74,75,covtype75,5,326,2529,30,1062
75,76,covtype76,7,99,2808,382,3107
76,77,covtype77,26,153,2840,134,4613
77,78,covtype78,10,79,2795,531,2980
78,79,covtype79,16,143,2746,67,2440
79,80,covtype80,26,352,2847,150,3697
80,81,covtype81,7,42,2537,210,1132
81,82,covtype82,17,358,2860,175,3705
82,83,covtype83,26,332,2818,30,4526
83,84,covtype84,7,18,2801,560,3084
84,85,covtype85,10,63,2791,418,2942
85,86,covtype86,11,306,2745,67,2416
86,87,covtype87,6,102,2514,272,1082
87,88,covtype88,12,354,2562,67,1057
88,89,covtype89,12,173,3073,108,6836
89,90,covtype90,10,71,2978,426,5742
90,91,covtype91,10,31,2860,295,3644
91,92,covtype92,11,164,3067,85,6811
92,93,covtype93,5,72,2804,543,3115
93,94,covtype94,3,59,2562,0,1116
94,95,covtype95,9,34,2567,190,1136
95,96,covtype96,8,45,2998,351,5842
96,97,covtype97,12,84,2684,150,1677
97,98,covtype98,11,42,2676,150,1634
98,99,covtype99,15,102,2863,190,4389
99,100,covtype100,5,170,2574,170,1180
100,101,covtype101,6,211,2511,162,1071
101,102,covtype102,4,32,3067,30,6679
102,103,covtype103,16,57,2909,134,5502
103,104,covtype104,14,348,2863,309,3918
104,105,covtype105,1,333,2567,0,1266
105,106,covtype106,11,105,3182,408,6000
106,107,covtype107,12,324,2818,242,4156
107,108,covtype108,6,332,2752,342,2372
108,109,covtype109,5,88,2751,400,2322
109,110,covtype110,7,102,2569,228,1266
110,111,covtype111,15,111,3195,469,5941
111,112,covtype112,14,53,2982,240,5756
112,113,covtype113,6,58,2850,295,4394
113,114,covtype114,4,76,2586,190,1290
114,115,covtype115,13,17,2837,330,4241
115,116,covtype116,6,99,2723,301,2109
116,117,covtype117,12,124,3057,150,6508
117,118,covtype118,19,119,2818,30,5213
118,119,covtype119,33,320,2847,85,4983
119,120,covtype120,11,112,2606,30,1584
120,121,covtype121,6,83,2893,551,4011
121,122,covtype122,20,125,2644,67,1719
122,123,covtype123,5,37,2613,216,1519
123,124,covtype124,12,356,2929,0,5757
124,125,covtype125,12,307,2767,30,2796
125,126,covtype126,13,49,2991,85,6199
126,127,covtype127,18,56,2939,95,5563
127,128,covtype128,7,119,3119,162,6660
128,129,covtype129,12,346,2942,30,5918
129,130,covtype130,7,12,2886,570,4295
130,131,covtype131,13,344,2775,42,2854
131,132,covtype132,9,79,2490,240,878
132,133,covtype133,18,228,3106,658,5984
133,134,covtype134,24,284,2831,60,5208
134,135,covtype135,8,112,2837,272,3649
135,136,covtype136,23,299,2890,180,5104
136,137,covtype137,5,135,2824,218,3583
137,138,covtype138,3,135,2728,242,2250
138,139,covtype139,16,88,2962,190,6095
139,140,covtype140,11,220,3142,424,6216
140,141,covtype141,5,34,2536,242,1242
141,142,covtype142,6,95,3168,30,4884
142,143,covtype143,24,289,2926,210,5126
143,144,covtype144,6,21,2893,295,4106
144,145,covtype145,11,20,2687,150,1986
145,146,covtype146,17,211,3109,424,6089
146,147,covtype147,20,200,3119,60,6297
147,148,covtype148,10,349,2916,488,4472
148,149,covtype149,3,18,2795,218,3042
149,150,covtype150,14,58,2555,285,1231
150,151,covtype151,13,42,2499,497,953
151,152,covtype152,11,173,3027,335,5678
152,153,covtype153,15,160,3096,85,6156
153,154,covtype154,13,105,2916,268,5618
154,155,covtype155,12,42,2591,350,1398
155,156,covtype156,16,328,3185,127,4763
156,157,covtype157,10,221,3021,324,5675
157,158,covtype158,4,257,3083,510,6363
158,159,covtype159,33,276,2860,60,5292
159,160,covtype160,15,196,3008,228,5535
160,161,covtype161,14,189,3034,384,5754
161,162,covtype162,16,130,2873,67,4030
162,163,covtype163,13,49,3182,319,4767
163,164,covtype164,12,102,2998,384,6026
164,165,covtype165,20,357,2658,300,1597
165,166,covtype166,7,15,3175,366,4816
166,167,covtype167,7,8,2952,488,4953
167,168,covtype168,12,95,2622,484,1329
168,169,covtype169,21,288,2955,247,5224
169,170,covtype170,9,66,2837,201,3655
170,171,covtype171,3,45,3182,458,4723
171,172,covtype172,3,129,3077,618,6296
172,173,covtype173,4,320,2755,30,2890
173,174,covtype174,11,28,3047,600,6414
174,175,covtype175,12,86,2880,30,4369
175,176,covtype176,3,292,3221,424,4401
176,177,covtype177,10,115,3182,553,4605
177,178,covtype178,24,29,3064,150,5051
178,179,covtype179,15,332,2827,42,3599
179,180,covtype180,5,107,2518,360,553
180,181,covtype181,4,180,3050,277,5782
181,182,covtype182,12,356,3107,283,4855
182,183,covtype183,15,173,2995,268,6312
183,184,covtype184,4,164,2721,67,1747
184,185,covtype185,7,116,3182,579,4425
185,186,covtype186,11,132,2724,60,2720
186,187,covtype187,9,90,2515,313,511
187,188,covtype188,22,46,3017,212,5118
188,189,covtype189,4,256,3077,618,6230
189,190,covtype190,8,338,2929,190,4393
190,191,covtype191,12,127,2735,67,2806
191,192,covtype192,20,319,2893,150,5825
192,193,covtype193,4,45,3231,648,4173
193,194,covtype194,10,89,2560,218,731
194,195,covtype195,15,43,3162,484,4657
195,196,covtype196,14,188,2982,120,5501
196,197,covtype197,5,66,2731,0,2826
197,198,covtype198,11,50,3172,759,4287
198,199,covtype199,21,138,2916,127,6349
199,200,covtype200,17,63,2890,153,3670
200,201,covtype201,10,45,2704,323,1323
201,202,covtype202,18,23,3198,604,4545
202,203,covtype203,5,214,2985,342,5495
203,204,covtype204,21,323,3011,443,5838
204,205,covtype205,18,312,3024,474,5785
205,206,covtype206,16,56,3244,618,3865
206,207,covtype207,25,36,2972,30,5113
207,208,covtype208,13,167,2985,458,5571
208,209,covtype209,17,23,2539,90,488
209,210,covtype210,8,260,3001,720,5790
210,211,covtype211,10,51,2952,150,5123
211,212,covtype212,13,211,2962,255,5365
212,213,covtype213,4,45,2727,124,2285
213,214,covtype214,17,167,3004,603,5798
214,215,covtype215,8,22,2886,285,3849
215,216,covtype216,8,344,3024,600,5201
216,217,covtype217,14,187,3034,335,6084
217,218,covtype218,13,279,2903,190,4179
218,219,covtype219,4,245,2926,30,5180
219,220,covtype220,16,200,2942,180,5276
220,221,covtype221,13,54,2991,495,4849
221,222,covtype222,9,116,2742,150,2475
222,223,covtype223,18,356,2606,67,911
223,224,covtype224,5,326,3244,750,3730
224,225,covtype225,14,27,3237,997,4002
225,226,covtype226,24,359,2616,42,977
226,227,covtype227,11,16,2913,457,3974
227,228,covtype228,7,48,2813,201,3018
228,229,covtype229,1,149,2530,319,234
229,230,covtype230,7,45,3260,503,3558
230,231,covtype231,3,90,3047,870,5484
231,232,covtype232,20,60,2955,201,4934
232,233,covtype233,13,77,2893,85,6012
233,234,covtype234,24,38,2965,247,4883
234,235,covtype235,15,230,3037,570,5985
235,236,covtype236,10,152,3027,792,5316
236,237,covtype237,16,70,2756,120,2501
237,238,covtype238,6,325,2939,510,4078
238,239,covtype239,9,126,3198,418,4200
239,240,covtype240,7,90,3195,362,4243
240,241,covtype241,6,222,2975,360,5719
241,242,covtype242,13,84,2890,30,5918
242,243,covtype243,10,109,3018,815,5833
243,244,covtype244,5,85,3011,842,5389
244,245,covtype245,16,79,3221,618,3968
245,246,covtype246,7,135,3004,811,5383
246,247,covtype247,20,49,2572,384,391
247,248,covtype248,11,128,3260,743,3824
248,249,covtype249,4,25,3168,30,4426
249,250,covtype250,12,349,2878,67,3489
250,251,covtype251,8,9,3198,301,4099
251,252,covtype252,8,260,2975,391,6071
252,253,covtype253,10,38,3178,0,4286
253,254,covtype254,10,176,2995,690,6068
254,255,covtype255,8,144,2913,210,5478
255,256,covtype256,9,175,2982,424,5267
256,257,covtype257,12,209,2945,362,5877
257,258,covtype258,2,143,2995,631,5459
258,259,covtype259,5,288,2945,0,4801
259,260,covtype260,8,288,2959,120,4683
260,261,covtype261,13,114,2796,60,2599
261,262,covtype262,2,315,2785,60,2486
262,263,covtype263,17,325,2784,153,1798
263,264,covtype264,15,320,2789,182,1771
264,265,covtype265,19,162,2922,240,5076
265,266,covtype266,3,135,3008,931,5727
266,267,covtype267,10,73,2978,323,5160
267,268,covtype268,11,54,2892,134,3178
268,269,covtype269,10,45,2521,42,408
269,270,covtype270,7,72,2985,497,5372
270,271,covtype271,19,39,3057,626,4435
271,272,covtype272,9,78,2829,60,2941
272,273,covtype273,5,331,3201,0,4002
273,274,covtype274,13,329,3136,789,4228
274,275,covtype275,14,355,2548,60,551
275,276,covtype276,9,89,2962,42,4891
276,277,covtype277,13,15,2808,201,2431
277,278,covtype278,12,87,2749,516,1499
278,279,covtype279,14,328,3155,849,4184
279,280,covtype280,11,285,2991,849,5939
280,281,covtype281,5,108,2968,306,4113
281,282,covtype282,13,77,2932,108,3911
282,283,covtype283,7,356,2808,153,2592
283,284,covtype284,4,106,2794,210,1888
284,285,covtype285,17,24,3080,659,4377
285,286,covtype286,16,52,2936,180,4656
286,287,covtype287,10,261,2913,313,5706
287,288,covtype288,8,232,2919,323,5728
288,289,covtype289,6,257,2978,85,4795
289,290,covtype290,14,312,2574,134,636
290,291,covtype291,21,59,3142,730,4155
291,292,covtype292,10,15,2804,212,1917
292,293,covtype293,8,232,2929,366,5835
293,294,covtype294,9,246,3001,764,5961
294,295,covtype295,7,94,2813,371,1800
295,296,covtype296,6,342,2988,192,4805
296,297,covtype297,18,59,3175,612,4042
297,298,covtype298,7,61,2804,362,1838
298,299,covtype299,10,78,3001,335,5320
299,300,covtype300,9,141,2914,277,3471
300,301,covtype301,17,41,2668,283,1276
301,302,covtype302,12,129,3185,481,3899
302,303,covtype303,9,216,2913,268,5715
303,304,covtype304,5,72,3168,418,3855
304,305,covtype305,9,30,2955,30,4478
305,306,covtype306,7,100,2932,30,4280
306,307,covtype307,7,53,3201,488,3667
307,308,covtype308,5,236,2903,212,5656
308,309,covtype309,2,352,2874,400,2869
309,310,covtype310,6,254,2903,212,5689
310,311,covtype311,12,45,2800,0,2244
311,312,covtype312,9,336,3257,693,3443
312,313,covtype313,5,278,3188,210,3634
313,314,covtype314,8,62,2952,192,4487
314,315,covtype315,16,237,2932,342,5797
315,316,covtype316,4,281,3050,630,5540
316,317,covtype317,11,285,2955,212,4302
317,318,covtype318,17,41,2791,458,1740
318,319,covtype319,3,162,3172,180,3632
319,320,covtype320,14,69,3116,297,3870
320,321,covtype321,10,51,2895,162,3326
321,322,covtype322,6,122,3182,134,3510
322,323,covtype323,9,81,3024,218,4152
323,324,covtype324,9,251,2962,480,5863
324,325,covtype325,4,27,2978,192,4780
325,326,covtype326,12,40,2952,323,4558
326,327,covtype327,13,348,2945,255,3768
327,328,covtype328,7,188,3149,134,3718
328,329,covtype329,15,150,2833,242,1953
329,330,covtype330,10,185,3136,42,3623
330,331,covtype331,13,49,2851,268,2538
331,332,covtype332,8,111,2933,300,3644
332,333,covtype333,6,110,2810,421,1871
333,334,covtype334,10,85,3267,484,3194
334,335,covtype335,16,30,3188,85,3340
335,336,covtype336,5,37,2955,426,3905
336,337,covtype337,9,276,3001,752,5893
337,338,covtype338,10,281,3008,780,5864
338,339,covtype339,5,28,2942,391,3707
339,340,covtype340,9,331,2921,395,3516
340,341,covtype341,5,315,2985,361,5023
341,342,covtype342,14,289,2978,570,4480
342,343,covtype343,20,51,2889,362,2689
343,344,covtype344,3,103,2814,210,2145
344,345,covtype345,9,127,2938,408,2896
345,346,covtype346,11,95,2828,127,2467
346,347,covtype347,12,95,3146,240,3287
347,348,covtype348,8,94,2977,466,4283
348,349,covtype349,2,45,3034,680,5544
349,350,covtype350,19,61,3083,192,3320
350,351,covtype351,5,23,3044,210,3481
351,352,covtype352,8,90,2982,242,3695
352,353,covtype353,15,176,2901,256,3181
353,354,covtype354,6,66,2995,247,4770
354,355,covtype355,6,151,2528,108,598
355,356,covtype356,8,112,3188,60,2880
356,357,covtype357,24,243,2939,400,5619
357,358,covtype358,11,215,3008,696,5880
358,359,covtype359,9,238,3021,815,5855
359,360,covtype360,11,80,2937,330,4094
360,361,covtype361,10,317,2844,67,2758
361,362,covtype362,3,13,2781,351,2148
362,363,covtype363,18,252,2945,421,5615
363,364,covtype364,12,143,2857,85,3111
364,365,covtype365,7,53,3021,258,3544
365,366,covtype366,3,141,2919,192,3992
366,367,covtype367,9,185,2800,170,2382
367,368,covtype368,18,151,2773,350,1680
368,369,covtype369,17,144,2759,300,1590
369,370,covtype370,20,117,2714,242,1470
370,371,covtype371,26,109,2671,175,1350
371,372,covtype372,9,126,2975,120,4763
372,373,covtype373,19,148,2775,335,1770
373,374,covtype374,18,149,2746,268,1620
374,375,covtype375,19,148,2743,255,1590
375,376,covtype376,16,108,2717,201,1500
376,377,covtype377,14,136,2751,277,1680
377,378,covtype378,14,131,2739,242,1620
378,379,covtype379,16,133,2733,228,1590
379,380,covtype380,15,117,2716,175,1500
380,381,covtype381,14,99,2611,30,1200
381,382,covtype382,11,123,3073,0,3060
382,383,covtype383,18,167,3060,95,3251
383,384,covtype384,8,120,2899,162,3944
384,385,covtype385,8,107,2861,30,3434
385,386,covtype386,3,351,2853,0,3342
386,387,covtype387,8,202,2785,134,2429
387,388,covtype388,16,127,2723,190,1560
388,389,covtype389,23,110,2656,85,1350
389,390,covtype390,10,194,3064,30,3111
390,391,covtype391,16,167,3050,67,3229
391,392,covtype392,13,141,3004,124,3500
392,393,covtype393,10,58,2952,201,3736
393,394,covtype394,12,68,3034,362,5550
394,395,covtype395,20,130,2703,127,1500
395,396,covtype396,23,128,2685,95,1440
396,397,covtype397,25,119,2661,67,1380
397,398,covtype398,4,101,3057,0,3069
398,399,covtype399,13,139,3050,30,3127
399,400,covtype400,5,342,3060,495,5700
400,401,covtype401,14,49,2945,0,4671
401,402,covtype402,18,123,2704,124,1530
402,403,covtype403,24,129,2676,67,1440
403,404,covtype404,14,81,2621,0,1290
404,405,covtype405,13,45,3060,30,3046
405,406,covtype406,15,136,2975,124,3543
406,407,covtype407,4,21,3067,518,5739
407,408,covtype408,16,128,2719,150,1621
408,409,covtype409,15,86,2638,0,1351
409,410,covtype410,19,115,2700,67,1533
410,411,covtype411,22,108,2673,42,1473
411,412,covtype412,11,71,2654,0,1413
412,413,covtype413,12,50,2664,0,1445
413,414,covtype414,8,80,3050,360,5638
414,415,covtype415,8,125,2858,268,3288
415,416,covtype416,9,163,2854,285,3246
416,417,covtype417,11,56,3047,95,3182
417,418,covtype418,6,351,2873,201,3459
418,419,covtype419,12,23,2680,0,1511
419,420,covtype420,9,120,2839,190,3055
420,421,covtype421,7,86,2792,228,2862
421,422,covtype422,11,74,3103,201,2870
422,423,covtype423,1,90,2702,0,1727
423,424,covtype424,8,282,2991,268,5024
424,425,covtype425,6,31,3004,180,5222
425,426,covtype426,6,117,2919,150,3903
426,427,covtype427,14,258,2945,376,5535
427,428,covtype428,1,270,3054,390,5742
428,429,covtype429,5,75,2978,295,4847
429,430,covtype430,8,81,2915,0,4345
430,431,covtype431,4,30,2756,150,2571
431,432,covtype432,4,155,2717,0,2037
432,433,covtype433,1,315,2928,150,4194
433,434,covtype434,3,95,2770,258,2813
434,435,covtype435,23,77,2656,283,1320
435,436,covtype436,5,124,2750,150,2370
436,437,covtype437,7,45,2907,350,4041
437,438,covtype438,13,65,2781,42,3162
438,439,covtype439,5,203,2715,124,1920
439,440,covtype440,11,338,2968,216,3426
440,441,covtype441,8,130,2739,134,2160
441,442,covtype442,3,129,2922,218,4283
442,443,covtype443,6,101,2792,108,3180
443,444,covtype444,8,90,3064,371,2822
444,445,covtype445,14,243,3041,513,5911
445,446,covtype446,8,32,2888,470,3700
446,447,covtype447,1,180,3080,247,2715
447,448,covtype448,27,132,2613,170,1260
448,449,covtype449,4,135,2978,108,3247
449,450,covtype450,12,353,2952,0,4928
450,451,covtype451,14,81,2773,108,3019
451,452,covtype452,8,90,3057,390,2783
452,453,covtype453,16,45,3064,228,5623
453,454,covtype454,9,174,2742,268,2455
454,455,covtype455,16,167,2677,85,1680
455,456,covtype456,18,140,2567,60,1110
456,457,covtype457,6,142,2739,228,2465
457,458,covtype458,14,267,3001,641,5749
458,459,covtype459,13,343,2584,150,812
459,460,covtype460,6,104,2902,558,3643
460,461,covtype461,9,155,3047,424,2760
461,462,covtype462,6,212,2909,212,4092
462,463,covtype463,5,198,2910,234,4063
463,464,covtype464,10,108,3011,212,2912
464,465,covtype465,8,68,2998,124,2987
465,466,covtype466,12,263,3011,674,5753
466,467,covtype467,12,24,3008,309,5353
467,468,covtype468,10,18,3004,192,5232
468,469,covtype469,6,81,3031,513,5542
469,470,covtype470,5,288,2939,379,5448
470,471,covtype471,12,277,2949,437,5506
471,472,covtype472,9,323,3028,242,5079
472,473,covtype473,1,315,2900,90,5152
473,474,covtype474,7,96,2932,247,3861
474,475,covtype475,5,72,2909,324,4554
475,476,covtype476,3,180,2900,300,4725
476,477,covtype477,12,143,2867,437,3363
477,478,covtype478,10,356,3047,618,5664
478,479,covtype479,14,15,2617,30,1652
479,480,covtype480,7,340,2998,108,2978
480,481,covtype481,7,276,2962,497,3610
481,482,covtype482,12,160,2759,120,2782
482,483,covtype483,17,217,3027,700,5844
483,484,covtype484,13,121,2963,175,4557
484,485,covtype485,15,117,2919,175,4375
485,486,covtype486,24,343,2690,120,1816
486,487,covtype487,21,235,2955,451,5590
487,488,covtype488,13,120,2953,134,4518
488,489,covtype489,17,124,2887,95,4252
489,490,covtype490,8,338,3014,150,2888
490,491,covtype491,11,62,2995,484,3209
491,492,covtype492,6,142,2965,0,4778
492,493,covtype493,9,47,2982,437,3387
493,494,covtype494,10,311,2739,270,1765
494,495,covtype495,3,243,2916,335,5442
495,496,covtype496,3,135,3047,932,5900
496,497,covtype497,2,270,2751,0,3068
497,498,covtype498,7,318,2690,514,967
498,499,covtype499,10,89,2599,30,558
499,500,covtype500,7,264,2919,408,5490
500,501,covtype501,12,253,2975,616,5780
501,502,covtype502,9,83,2617,127,573
502,503,covtype503,7,92,2574,0,408
503,504,covtype504,11,19,2939,60,3980
504,505,covtype505,10,45,2915,60,4397
505,506,covtype506,5,41,2765,0,3263
506,507,covtype507,13,348,2784,170,2758
507,508,covtype508,22,108,2850,42,3976
508,509,covtype509,7,236,2919,350,5470
509,510,covtype510,14,233,2995,638,5932
510,511,covtype511,15,32,2817,390,2561
511,512,covtype512,2,18,2932,485,4326
512,513,covtype513,7,11,2826,366,2648
513,514,covtype514,10,47,2795,451,2260
514,515,covtype515,5,62,2760,547,1842
515,516,covtype516,9,76,2700,433,1124
516,517,covtype517,9,238,3001,592,5966
517,518,covtype518,3,165,2699,390,908
518,519,covtype519,6,79,2730,270,1353
519,520,covtype520,8,82,2655,384,607
520,521,covtype521,14,46,2644,319,518
521,522,covtype522,12,252,2998,553,5940
522,523,covtype523,8,28,2854,446,2791
523,524,covtype524,8,63,2809,458,2251
524,525,covtype525,19,94,2633,258,454
525,526,covtype526,10,152,2588,182,277
526,527,covtype527,10,84,2811,433,2250
527,528,covtype528,15,208,2926,300,5633
528,529,covtype529,14,71,2839,488,2370
529,530,covtype530,11,179,2689,210,932
530,531,covtype531,19,66,3015,335,3777
531,532,covtype532,14,62,2995,362,3836
532,533,covtype533,7,159,2938,285,4891
533,534,covtype534,8,130,2929,150,4651
534,535,covtype535,11,107,2851,458,2402
535,536,covtype536,14,122,2949,379,5131
536,537,covtype537,14,33,2596,335,150
537,538,covtype538,8,45,2939,306,4602
538,539,covtype539,17,44,2805,170,1902
539,540,covtype540,9,52,3074,42,3105
540,541,covtype541,16,54,2932,283,3578
541,542,covtype542,20,29,2868,95,3369
542,543,covtype543,8,128,2864,451,2741
543,544,covtype544,14,352,2946,170,4298
544,545,covtype545,12,25,3021,564,3847
545,546,covtype546,14,49,3018,631,3936
546,547,covtype547,6,193,2863,390,2869
547,548,covtype548,6,156,2978,524,5532
548,549,covtype549,12,63,2945,324,3561
549,550,covtype550,9,120,2968,365,5386
550,551,covtype551,5,93,2734,277,1645
551,552,covtype552,11,83,2728,277,1587
552,553,covtype553,5,190,2762,30,1972
553,554,covtype554,5,270,2922,120,4843
554,555,covtype555,11,61,2926,90,5123
555,556,covtype556,6,346,2962,518,5549
556,557,covtype557,27,183,2624,60,1195
557,558,covtype558,5,107,2917,210,3413
558,559,covtype559,3,345,2644,85,509
559,560,covtype560,4,45,2645,134,467
560,561,covtype561,16,24,3024,297,4116
561,562,covtype562,14,40,2651,242,641
562,563,covtype563,7,231,2936,285,5773
563,564,covtype564,14,127,2813,60,2845
564,565,covtype565,19,344,2617,30,1307
565,566,covtype566,5,281,2952,212,4824
566,567,covtype567,17,286,2968,283,4735
567,568,covtype568,6,228,2992,458,4439
568,569,covtype569,9,124,2976,277,4173
569,570,covtype570,9,131,2796,0,2794
570,571,covtype571,9,311,2955,421,5660
571,572,covtype572,13,175,2917,30,3707
572,573,covtype573,20,72,2821,90,2889
573,574,covtype574,20,179,2794,124,2629
574,575,covtype575,4,266,2661,67,631
575,576,covtype576,17,119,2793,30,2810
576,577,covtype577,19,315,2976,319,4779
577,578,covtype578,21,115,2807,85,2876
578,579,covtype579,13,87,3109,446,3469
579,580,covtype580,7,53,3109,362,3774
580,581,covtype581,19,109,2792,67,2856
581,582,covtype582,16,121,2775,30,2799
582,583,covtype583,13,14,3113,376,3684
583,584,covtype584,9,341,2919,467,4830
584,585,covtype585,12,129,2757,0,2751
585,586,covtype586,14,41,2952,335,4604
586,587,covtype587,15,91,2764,42,2789
587,588,covtype588,19,109,2753,60,2771
588,589,covtype589,19,122,2744,30,2742
589,590,covtype590,18,138,2736,0,2714
590,591,covtype591,10,156,2954,301,4308
591,592,covtype592,23,138,2662,30,2173
592,593,covtype593,14,69,2988,228,4298
593,594,covtype594,14,72,2965,361,4509
594,595,covtype595,21,118,2663,30,2214
595,596,covtype596,10,64,2600,247,277
596,597,covtype597,16,71,2942,499,4656
597,598,covtype598,18,90,2718,30,2719
598,599,covtype599,19,168,2695,30,2608
599,600,covtype600,3,31,2669,342,696
600,601,covtype601,20,103,2753,108,2813
601,602,covtype602,18,101,2721,42,2730
602,603,covtype603,10,142,2686,0,2592
603,604,covtype604,5,119,2676,0,2483
604,605,covtype605,6,135,2610,272,323
605,606,covtype606,18,137,2706,60,2714
606,607,covtype607,24,323,2709,127,2125
607,608,covtype608,3,66,2676,391,883
608,609,covtype609,8,70,3201,331,2908
609,610,covtype610,7,120,2688,30,2644
610,611,covtype611,2,11,2685,30,2617
611,612,covtype612,6,347,2684,0,2630
612,613,covtype613,25,329,2714,127,2207
613,614,covtype614,5,38,2766,85,1813
614,615,covtype615,10,101,2695,0,2778
615,616,covtype616,6,35,2690,0,2751
616,617,covtype617,24,126,2795,153,3259
617,618,covtype618,27,332,2740,175,2239
618,619,covtype619,7,238,3009,446,5071
619,620,covtype620,19,84,2964,124,4607
620,621,covtype621,30,332,2783,255,2180
621,622,covtype622,9,56,2781,190,1987
622,623,covtype623,8,40,2775,134,1940
623,624,covtype624,3,39,2781,60,1871
624,625,covtype625,13,120,3149,150,3438
625,626,covtype626,5,345,3044,342,4119
626,627,covtype627,4,76,2919,228,4914
627,628,covtype628,11,52,2786,182,2005
628,629,covtype629,8,13,2780,124,1959
629,630,covtype630,9,350,2780,95,1936
630,631,covtype631,9,79,2872,0,4336
631,632,covtype632,2,27,2796,240,2071
632,633,covtype633,10,54,2790,180,2024
633,634,covtype634,11,107,2769,95,1663
634,635,covtype635,7,48,2719,361,1290
635,636,covtype636,23,357,2763,201,2728
636,637,covtype637,9,73,3011,659,4341
637,638,covtype638,13,65,2955,481,4590
638,639,covtype639,7,135,3149,67,3282
639,640,covtype640,9,112,2808,0,4034
640,641,covtype641,13,352,2811,228,2145
641,642,covtype642,5,60,3205,570,2797
642,643,covtype643,23,48,2892,150,4337
643,644,covtype644,14,293,2922,283,5205
644,645,covtype645,23,352,2828,424,2556
645,646,covtype646,7,327,2598,30,582
646,647,covtype647,10,348,2972,402,4565
647,648,covtype648,26,348,2834,430,2647
648,649,covtype649,14,42,2810,300,1666
649,650,covtype650,17,141,2684,30,1107
650,651,covtype651,9,39,2613,42,685
651,652,covtype652,2,234,2647,323,726
652,653,covtype653,9,95,2667,541,691
653,654,covtype654,8,305,2942,379,5232
654,655,covtype655,15,340,2971,85,4734
655,656,covtype656,5,308,2822,234,1758
656,657,covtype657,11,60,2661,30,1045
657,658,covtype658,10,338,2687,437,792
658,659,covtype659,8,85,3103,524,3805
659,660,covtype660,22,50,3034,531,4252
660,661,covtype661,19,28,2682,60,1110
661,662,covtype662,22,343,2876,532,2742
662,663,covtype663,6,358,2802,433,1718
663,664,covtype664,25,39,2958,351,4440
664,665,covtype665,16,20,2890,430,2954
665,666,covtype666,22,27,2702,120,1149
666,667,covtype667,23,29,2686,95,1082
667,668,covtype668,17,52,2727,0,1332
668,669,covtype669,17,36,2720,30,1308
669,670,covtype670,13,44,2733,30,1350
670,671,covtype671,15,349,2724,67,1302
671,672,covtype672,4,13,2619,42,819
672,673,covtype673,11,83,3195,366,2952
673,674,covtype674,6,106,3139,531,3599
674,675,covtype675,16,44,2929,591,2698
675,676,covtype676,22,293,2849,120,2115
676,677,covtype677,5,90,2733,60,1364
677,678,covtype678,20,333,2803,182,3721
678,679,covtype679,14,82,2871,228,2385
679,680,covtype680,13,99,2737,30,1406
680,681,covtype681,1,135,2730,60,1383
681,682,covtype682,13,332,2653,190,900
682,683,covtype683,13,21,2655,741,630
683,684,covtype684,13,332,2659,201,930
684,685,covtype685,32,92,2871,218,4173
685,686,covtype686,7,217,2988,446,5467
686,687,covtype687,29,316,2920,433,3511
687,688,covtype688,17,63,2718,242,1142
688,689,covtype689,8,66,2682,547,812
689,690,covtype690,6,324,2662,616,543
690,691,covtype691,14,49,3096,242,4180
691,692,covtype692,11,38,2975,633,3282
692,693,covtype693,12,93,2653,511,424
693,694,covtype694,26,314,2876,295,3746
694,695,covtype695,4,35,2969,531,2930
695,696,covtype696,10,119,2662,531,481
696,697,covtype697,7,108,2919,85,5022
697,698,covtype698,12,270,2738,30,1506
698,699,covtype699,23,27,2673,30,1113
699,700,covtype700,11,276,2696,120,1167
700,701,covtype701,14,56,2694,480,866
701,702,covtype702,17,56,3024,67,4397
702,703,covtype703,18,174,2986,234,4805
703,704,covtype704,5,332,2860,485,1964
704,705,covtype705,11,40,2690,495,800
705,706,covtype706,17,169,2987,390,4629
706,707,covtype707,17,96,2787,218,1767
707,708,covtype708,25,299,2934,418,3736
708,709,covtype709,7,304,2712,190,1146
709,710,covtype710,13,160,2954,390,3012
710,711,covtype711,7,68,2750,30,1676
711,712,covtype712,16,57,3044,108,4295
712,713,covtype713,10,52,2719,371,812
713,714,covtype714,7,76,2764,323,1437
714,715,covtype715,17,61,3034,212,4325
715,716,covtype716,14,230,2753,175,1398
716,717,covtype717,7,26,3109,30,3947
717,718,covtype718,13,100,2936,300,4687
718,719,covtype719,15,331,2875,277,2506
719,720,covtype720,20,273,2878,134,4085
720,721,covtype721,14,66,2856,371,2086
721,722,covtype722,7,211,2976,509,3599
722,723,covtype723,6,9,2747,150,1380
723,724,covtype724,8,47,2703,319,666
724,725,covtype725,20,99,3073,216,4133
725,726,covtype726,9,93,2932,124,4860
726,727,covtype727,24,323,2889,277,2605
727,728,covtype728,9,85,3146,192,3755
728,729,covtype729,9,64,2651,127,335
729,730,covtype730,12,170,2942,323,4552
730,731,covtype731,2,108,2534,247,234
731,732,covtype732,7,10,2774,306,1691
732,733,covtype733,9,43,2732,0,1566
733,734,covtype734,12,228,2916,67,4975
734,735,covtype735,18,118,2744,42,1531
735,736,covtype736,6,171,2711,108,845
736,737,covtype737,8,68,3021,201,4134
737,738,covtype738,12,87,3032,277,5328
738,739,covtype739,26,53,2904,30,4975
739,740,covtype740,6,122,2866,242,2335
740,741,covtype741,6,24,2539,120,446
741,742,covtype742,13,357,2895,60,4236
742,743,covtype743,10,146,2903,443,2766
743,744,covtype744,10,123,3086,319,3684
744,745,covtype745,5,45,3083,256,3776
745,746,covtype746,6,9,2924,255,3095
746,747,covtype747,15,56,2740,162,1442
747,748,covtype748,16,60,3109,319,3599
748,749,covtype749,4,104,2914,391,2989
749,750,covtype750,2,45,2686,0,616
750,751,covtype751,18,44,2564,67,680
751,752,covtype752,16,203,3010,484,5519
752,753,covtype753,6,111,2753,90,1897
753,754,covtype754,5,6,2719,67,1194
754,755,covtype755,1,45,2699,60,834
755,756,covtype756,5,82,2925,424,3066
756,757,covtype757,13,102,2821,242,2134
757,758,covtype758,11,101,2754,85,1588
758,759,covtype759,7,344,2674,234,626
759,760,covtype760,6,83,3178,306,3209
760,761,covtype761,13,76,2826,234,2174
761,762,covtype762,8,95,2725,0,1490
762,763,covtype763,20,97,2961,150,3636
763,764,covtype764,7,88,2939,342,3234
764,765,covtype765,10,181,2761,42,2117
765,766,covtype766,6,148,2764,175,1816
766,767,covtype767,22,322,2971,361,4671
767,768,covtype768,8,355,2992,67,4095
768,769,covtype769,7,80,2525,67,706
769,770,covtype770,4,60,2750,0,2154
770,771,covtype771,7,345,2742,30,1597
771,772,covtype772,7,15,2695,285,819
772,773,covtype773,10,346,2993,300,4663
773,774,covtype774,14,30,2931,391,3078
774,775,covtype775,2,188,2868,108,2616
775,776,covtype776,3,252,2976,212,5365
776,777,covtype777,12,67,2926,324,3055
777,778,covtype778,9,293,2853,42,2755
778,779,covtype779,11,126,2719,277,1092
779,780,covtype780,14,109,2624,127,911
780,781,covtype781,9,90,2985,295,4375
781,782,covtype782,10,77,2909,120,4759
782,783,covtype783,30,130,2911,108,5485
783,784,covtype784,14,357,2780,85,2335
784,785,covtype785,7,338,2854,0,5493
785,786,covtype786,5,315,2997,30,4248
786,787,covtype787,9,65,3152,120,2928
787,788,covtype788,10,76,2945,175,4542
788,789,covtype789,14,63,2821,30,2496
789,790,covtype790,4,166,3002,258,4690
790,791,covtype791,14,81,3030,85,4414
791,792,covtype792,13,125,3041,323,3971
792,793,covtype793,20,339,2878,30,5493
793,794,covtype794,12,51,2770,120,1528
794,795,covtype795,15,89,2733,582,1092
795,796,covtype796,15,62,3159,150,2881
796,797,covtype797,12,94,3123,342,3544
797,798,covtype798,14,69,2673,240,1084
798,799,covtype799,9,99,2787,30,1964
799,800,covtype800,7,86,2544,247,1020
800,801,covtype801,10,55,3162,190,2871
801,802,covtype802,24,151,2998,124,4140
802,803,covtype803,7,37,2972,90,4242
803,804,covtype804,5,113,2859,42,2881
804,805,covtype805,17,43,2851,255,2599
805,806,covtype806,11,48,2601,162,1243
806,807,covtype807,7,96,3025,234,4437
807,808,covtype808,15,325,2869,120,2898
808,809,covtype809,11,133,3067,242,3491
809,810,covtype810,3,248,2905,95,4859
810,811,covtype811,6,17,3001,323,3929
811,812,covtype812,12,72,2712,391,1351
812,813,covtype813,10,72,3050,124,3538
813,814,covtype814,10,37,2882,0,5639
814,815,covtype815,9,108,2962,150,3840
815,816,covtype816,9,357,2762,658,1529
816,817,covtype817,12,144,3041,60,3476
817,818,covtype818,11,132,2984,153,3967
818,819,covtype819,14,131,3090,124,3270
819,820,covtype820,16,356,3008,42,3719
820,821,covtype821,17,66,2900,42,5655
821,822,covtype822,21,234,3014,285,5432
822,823,covtype823,7,254,2898,30,4919
823,824,covtype824,3,114,2898,60,4948
824,825,covtype825,15,32,2834,247,1897
825,826,covtype826,5,96,2780,582,1616
826,827,covtype827,7,276,2896,30,4911
827,828,covtype828,3,352,2898,60,4941
828,829,covtype829,14,322,2838,85,2379
829,830,covtype830,11,91,2802,540,1699
830,831,covtype831,8,292,2891,0,4875
831,832,covtype832,3,342,2902,67,4963
832,833,covtype833,10,39,2853,350,2109
833,834,covtype834,15,194,3025,342,5307
834,835,covtype835,20,104,2960,150,3479
835,836,covtype836,15,113,2932,85,3432
836,837,covtype837,8,351,2896,30,4803
837,838,covtype838,8,353,2905,42,4979
838,839,covtype839,20,258,2921,108,5066
839,840,covtype840,15,335,3046,134,4530
840,841,covtype841,11,68,2752,418,1684
841,842,covtype842,10,87,2906,212,3070
842,843,covtype843,10,81,2756,420,1717
843,844,covtype844,14,63,2666,212,1176
844,845,covtype845,11,78,2654,272,1116
845,846,covtype846,40,354,2975,474,4118
846,847,covtype847,13,318,3131,618,5272
847,848,covtype848,16,321,2913,95,4784
848,849,covtype849,2,198,2908,30,4954
849,850,covtype850,4,266,2910,42,4983
850,851,covtype851,3,68,2770,330,1820
851,852,covtype852,11,113,2914,0,4889
852,853,covtype853,1,329,2905,30,4948
853,854,covtype854,11,280,2917,108,5037
854,855,covtype855,10,270,2924,134,5066
855,856,covtype856,21,236,2987,365,5302
856,857,covtype857,13,347,2999,150,4146
857,858,covtype858,12,290,2878,218,2525
858,859,covtype859,5,297,2915,108,4736
859,860,covtype860,11,310,2918,124,5031
860,861,covtype861,5,205,2925,175,5090
861,862,covtype862,7,8,2918,85,4731
862,863,covtype863,16,267,2931,242,5144
863,864,covtype864,6,351,2997,42,3827
864,865,covtype865,13,346,3037,418,3667
865,866,covtype866,15,75,2929,95,4696
866,867,covtype867,13,350,3174,700,5370
867,868,covtype868,2,79,3082,212,4669
868,869,covtype869,5,96,2841,295,2174
869,870,covtype870,6,294,2928,216,5075
870,871,covtype871,10,288,2939,268,5134
871,872,covtype872,12,356,3103,134,3071
872,873,covtype873,11,73,3096,192,3187
873,874,covtype874,8,59,3064,319,3362
874,875,covtype875,11,50,2917,30,4745
875,876,covtype876,9,295,2920,42,4833
876,877,covtype877,12,32,2935,162,4981
877,878,covtype878,11,38,3129,190,2802
878,879,covtype879,14,53,2924,0,4740
879,880,covtype880,16,302,2929,85,4858
880,881,covtype881,11,22,2936,201,5006
881,882,covtype882,14,273,3004,301,5754
882,883,covtype883,6,203,3168,700,5459
883,884,covtype884,12,110,3130,421,5271
884,885,covtype885,9,191,2775,134,2081
885,886,covtype886,11,81,2744,170,1702
886,887,covtype887,14,71,2698,30,1554
887,888,covtype888,11,68,2927,0,4735
888,889,covtype889,8,16,2941,216,5002
889,890,covtype890,9,350,2942,242,5032
890,891,covtype891,12,133,3112,210,5128
891,892,covtype892,6,114,2931,30,4701
892,893,covtype893,9,13,3038,376,4524
893,894,covtype894,16,344,2954,242,5024
894,895,covtype895,17,358,2959,361,5143
895,896,covtype896,15,66,2980,175,3896
896,897,covtype897,4,169,2749,30,1895
897,898,covtype898,13,282,2943,60,4841
898,899,covtype899,16,84,3156,458,5416
899,900,covtype900,22,95,3060,454,4272
900,901,covtype901,13,348,2976,300,5076
901,902,covtype902,15,79,2948,120,5493
902,903,covtype903,11,323,2851,170,2910
903,904,covtype904,4,325,2937,30,4774
904,905,covtype905,11,50,3104,150,5205
905,906,covtype906,5,75,2753,30,2030
906,907,covtype907,12,132,2666,42,1350
907,908,covtype908,8,26,2955,124,4592
908,909,covtype909,9,19,2953,67,4651
909,910,covtype910,13,44,3129,722,3606
910,911,covtype911,11,34,2996,400,5155
911,912,covtype912,18,125,2859,127,2738
912,913,covtype913,10,265,2979,242,4973
913,914,covtype914,9,86,2955,258,3580
914,915,covtype915,8,310,2948,60,4761
915,916,covtype916,7,84,3146,306,5464
916,917,covtype917,18,98,2683,67,1418
917,918,covtype918,12,346,3159,642,3833
918,919,covtype919,4,54,2952,85,4609
919,920,covtype920,9,328,2950,30,4729
920,921,covtype921,9,323,2953,60,4759
921,922,covtype922,9,164,2861,180,2863
922,923,covtype923,13,343,3165,649,3353
923,924,covtype924,5,27,2952,67,4607
924,925,covtype925,5,38,2954,30,4666
925,926,covtype926,4,280,2952,30,4726
926,927,covtype927,5,270,2957,60,4756
927,928,covtype928,3,255,2957,90,4786
928,929,covtype929,8,101,3188,547,3022
929,930,covtype930,8,27,2955,42,4604
930,931,covtype931,2,84,2951,0,4694
931,932,covtype932,8,98,3111,90,5369
932,933,covtype933,4,55,2952,30,4692
933,934,covtype934,1,270,2953,42,4722
934,935,covtype935,16,316,3121,127,5219
935,936,covtype936,19,54,2855,180,2635
936,937,covtype937,16,43,2746,60,1753
937,938,covtype938,11,109,3124,218,5498
938,939,covtype939,8,300,2963,201,4867
939,940,covtype940,8,338,3112,95,5346
940,941,covtype941,10,18,2926,242,3336
941,942,covtype942,8,114,2811,330,2345
942,943,covtype943,15,72,2656,182,1180
943,944,covtype944,20,117,3064,134,4812
944,945,covtype945,9,326,3014,30,4635
945,946,covtype946,12,317,2917,108,3522
946,947,covtype947,11,234,3031,295,5883
947,948,covtype948,13,313,3138,216,5347
948,949,covtype949,9,112,3098,272,4990
949,950,covtype950,10,349,3032,127,4635
950,951,covtype951,14,339,3032,95,4710
951,952,covtype952,16,72,2896,319,3294
952,953,covtype953,2,135,2846,0,3056
953,954,covtype954,18,39,2995,0,4472
954,955,covtype955,11,144,2795,258,2280
955,956,covtype956,10,141,2955,124,5251
956,957,covtype957,7,48,3132,324,5622
957,958,covtype958,12,202,3241,277,3571
958,959,covtype959,20,86,3057,42,4290
959,960,covtype960,10,95,2977,309,4830
960,961,covtype961,8,87,2976,210,4012
961,962,covtype962,9,45,2755,108,1740
962,963,covtype963,10,209,3160,295,5301
963,964,covtype964,9,45,2954,67,3925
964,965,covtype965,2,352,2780,30,2070
965,966,covtype966,4,90,2940,30,5370
966,967,covtype967,1,169,2943,60,5460
967,968,covtype968,21,290,3099,604,6120
968,969,covtype969,15,327,2895,212,3140
969,970,covtype970,7,15,2779,0,1980
970,971,covtype971,18,37,2595,218,930
971,972,covtype972,7,112,2951,60,5280
972,973,covtype973,16,259,3005,324,5790
973,974,covtype974,7,352,3035,42,4744
974,975,covtype975,16,77,3113,30,4141
975,976,covtype976,20,357,3083,127,4411
976,977,covtype977,18,268,3049,537,6001
977,978,covtype978,4,62,3144,313,5431
978,979,covtype979,2,241,3049,469,4578
979,980,covtype980,12,14,3170,524,5752
980,981,covtype981,5,63,3054,323,4696
981,982,covtype982,14,311,3052,85,4849
982,983,covtype983,10,346,2977,210,4012
983,984,covtype984,19,71,2827,124,2586
984,985,covtype985,20,89,2653,417,1095
985,986,covtype986,8,169,3185,42,3724
986,987,covtype987,7,350,3105,90,5245
987,988,covtype988,18,103,2922,182,3726
988,989,covtype989,5,87,2979,120,5134
989,990,covtype990,7,15,3167,408,5600
990,991,covtype991,6,196,2898,350,3013
991,992,covtype992,11,240,3157,830,6131
992,993,covtype993,13,355,2814,95,2359
993,994,covtype994,2,135,3221,371,3284
994,995,covtype995,8,78,3073,330,4870
995,996,covtype996,25,77,3013,277,4841
996,997,covtype997,8,239,2959,30,5352
997,998,covtype998,17,261,2978,277,5803
998,999,covtype999,9,116,2876,162,2862
999,1000,covtype1000,7,230,3166,771,6155
1000,1001,covtype1001,14,83,2763,430,1652
1001,1002,covtype1002,3,352,2965,180,5718
1002,1003,covtype1003,16,62,3025,484,4821
1003,1004,covtype1004,13,89,2683,190,1194
1004,1005,covtype1005,11,180,2865,95,2876
1005,1006,covtype1006,8,59,2980,212,4688
1006,1007,covtype1007,7,159,2861,124,2967
1007,1008,covtype1008,11,66,2679,108,1235
1008,1009,covtype1009,7,247,3137,702,6238
1009,1010,covtype1010,13,73,2970,150,4710
1010,1011,covtype1011,12,346,2928,0,3919
1011,1012,covtype1012,1,108,2975,30,5530
1012,1013,covtype1013,10,295,2986,190,5819
1013,1014,covtype1014,12,72,2717,85,1437
1014,1015,covtype1015,5,146,3157,216,5758
1015,1016,covtype1016,6,315,2978,67,5374
1016,1017,covtype1017,7,53,2954,42,4195
1017,1018,covtype1018,14,341,3105,127,5434
1018,1019,covtype1019,12,261,3109,659,6110
1019,1020,covtype1020,5,293,3107,182,5568
1020,1021,covtype1021,7,34,2958,30,4424
1021,1022,covtype1022,13,64,2668,162,1170
1022,1023,covtype1023,6,283,3114,240,5584
1023,1024,covtype1024,18,57,3001,180,4673
1024,1025,covtype1025,9,53,2963,0,4461
1025,1026,covtype1026,1,301,3005,42,5564
1026,1027,covtype1027,3,117,3008,30,5128
1027,1028,covtype1028,13,176,3118,426,5302
1028,1029,covtype1029,18,20,3020,300,3893
1029,1030,covtype1030,23,309,2946,210,2960
1030,1031,covtype1031,9,127,2893,175,2108
1031,1032,covtype1032,7,50,3106,485,5371
1032,1033,covtype1033,7,356,2942,67,3427
1033,1034,covtype1034,4,32,2941,108,3369
1034,1035,covtype1035,12,179,3066,283,4918
1035,1036,covtype1036,14,115,3052,127,4710
1036,1037,covtype1037,14,37,3183,560,5686
1037,1038,covtype1038,8,101,3014,30,5242
1038,1039,covtype1039,11,260,3048,258,5648
1039,1040,covtype1040,10,84,2960,30,3660
1040,1041,covtype1041,12,282,2929,134,2984
1041,1042,covtype1042,8,274,3042,201,5586
1042,1043,covtype1043,12,14,2908,124,1908
1043,1044,covtype1044,12,59,2881,228,1679
1044,1045,covtype1045,9,55,2888,234,1698
1045,1046,covtype1046,6,42,2782,443,907
1046,1047,covtype1047,7,80,3246,680,6019
1047,1048,covtype1048,8,111,3218,558,5840
1048,1049,covtype1049,16,245,3145,446,5928
1049,1050,covtype1050,11,30,2976,30,3863
1050,1051,covtype1051,10,109,3184,402,5683
1051,1052,covtype1052,9,77,2788,524,778
1052,1053,covtype1053,16,98,3035,192,4153
1053,1054,covtype1054,7,358,3002,30,3907
1054,1055,covtype1055,8,111,2944,210,1965
1055,1056,covtype1056,8,57,2789,400,702
1056,1057,covtype1057,8,57,3079,0,5014
1057,1058,covtype1058,23,63,3112,408,4563
1058,1059,covtype1059,5,276,3061,42,5532
1059,1060,covtype1060,11,17,3017,108,3873
1060,1061,covtype1061,14,139,2808,300,849
1061,1062,covtype1062,10,251,3289,812,6297
1062,1063,covtype1063,3,82,2943,30,2130
1063,1064,covtype1064,10,137,2904,108,1380
1064,1065,covtype1065,11,69,3152,60,5490
1065,1066,covtype1066,13,226,3221,607,6040
1066,1067,covtype1067,5,18,3027,242,3211
1067,1068,covtype1068,13,117,2813,90,964
1068,1069,covtype1069,8,66,3105,297,4569
1069,1070,covtype1070,15,41,3226,531,4076
1070,1071,covtype1071,18,250,3168,430,5850
1071,1072,covtype1072,16,58,3173,212,5523
1072,1073,covtype1073,11,30,3156,210,5433
1073,1074,covtype1074,7,40,3038,218,3275
1074,1075,covtype1075,15,62,2869,192,1371
1075,1076,covtype1076,10,55,3121,85,4897
1076,1077,covtype1077,13,215,3171,499,5921
1077,1078,covtype1078,7,16,3007,297,2690
1078,1079,covtype1079,16,315,3080,150,4795
1079,1080,covtype1080,10,41,3215,408,5622
1080,1081,covtype1081,11,95,3102,240,4371
1081,1082,covtype1082,7,243,3121,234,5641
1082,1083,covtype1083,5,63,3236,553,5863
1083,1084,covtype1084,7,53,3072,108,5289
1084,1085,covtype1085,5,15,3018,300,2762
1085,1086,covtype1086,4,13,3058,60,3539
1086,1087,covtype1087,13,59,3091,182,4362
1087,1088,covtype1088,10,27,3291,691,3777
1088,1089,covtype1089,17,52,3087,85,5280
1089,1090,covtype1090,7,45,3033,175,2519
1090,1091,covtype1091,18,330,2827,404,531
1091,1092,covtype1092,11,53,3074,67,5318
1092,1093,covtype1093,8,79,3157,212,5162
1093,1094,covtype1094,7,33,3018,134,2263
1094,1095,covtype1095,18,100,2962,242,1917
1095,1096,covtype1096,12,359,3155,390,4837
1096,1097,covtype1097,13,42,3123,323,5042
1097,1098,covtype1098,5,352,3094,134,4593
1098,1099,covtype1099,11,52,3122,300,5064
1099,1100,covtype1100,4,63,3041,283,2555
1100,1101,covtype1101,13,342,2877,450,618
1101,1102,covtype1102,14,88,2728,240,242
1102,1103,covtype1103,19,73,2714,212,240
1103,1104,covtype1104,18,42,3145,384,4983
1104,1105,covtype1105,18,70,2717,218,242
1105,1106,covtype1106,17,76,2751,313,323
1106,1107,covtype1107,20,67,2711,201,218
1107,1108,covtype1108,13,54,2695,150,162
1108,1109,covtype1109,9,41,2686,90,108
1109,1110,covtype1110,8,13,3095,95,3684
1110,1111,covtype1111,11,77,2738,323,335
1111,1112,covtype1112,9,58,2733,295,313
1112,1113,covtype1113,10,30,2895,30,1838
1113,1114,covtype1114,17,63,2710,190,216
1114,1115,covtype1115,8,288,3121,127,4585
1115,1116,covtype1116,14,265,3140,283,5708
1116,1117,covtype1117,20,72,2868,30,1087
1117,1118,covtype1118,11,64,2741,342,362
1118,1119,covtype1119,10,355,2920,210,937
1119,1120,covtype1120,13,60,2744,351,376
1120,1121,covtype1121,11,55,2703,120,150
1121,1122,covtype1122,9,45,3116,153,5220
1122,1123,covtype1123,22,62,2807,485,497
1123,1124,covtype1124,15,61,2748,360,390
1124,1125,covtype1125,10,64,2743,330,360
1125,1126,covtype1126,13,71,2739,300,330
1126,1127,covtype1127,11,59,2709,120,150
1127,1128,covtype1128,4,310,3170,108,5042
1128,1129,covtype1129,6,88,3156,450,4367
1129,1130,covtype1130,8,27,2916,371,872
1130,1131,covtype1131,23,64,2779,420,450
1131,1132,covtype1132,10,54,2720,180,210
1132,1133,covtype1133,16,34,3126,85,4354
1133,1134,covtype1134,21,258,3212,277,4723
1134,1135,covtype1135,3,322,3101,0,5428
1135,1136,covtype1136,24,59,2785,421,450
1136,1137,covtype1137,23,58,2774,391,420
1137,1138,covtype1138,20,52,2756,331,360
1138,1139,covtype1139,10,53,2723,182,210
1139,1140,covtype1140,16,67,2708,95,120
1140,1141,covtype1141,20,303,2960,256,1857
1141,1142,covtype1142,24,64,2817,484,511
1142,1143,covtype1143,24,50,2754,306,331
1143,1144,covtype1144,12,51,2731,218,242
1144,1145,covtype1145,10,57,2722,162,182
1145,1146,covtype1146,11,62,2717,134,153
1146,1147,covtype1147,6,106,3206,170,5590
1147,1148,covtype1148,20,61,2850,577,603
1148,1149,covtype1149,22,45,2774,342,365
1149,1150,covtype1150,25,54,2763,313,335
1150,1151,covtype1151,11,57,2729,201,218
1151,1152,covtype1152,12,55,2715,127,134
1152,1153,covtype1153,10,253,3112,108,5532
1153,1154,covtype1154,24,61,2758,295,313
1154,1155,covtype1155,21,62,2747,268,285
1155,1156,covtype1156,11,38,2714,124,127
1156,1157,covtype1157,15,54,3154,361,5023
1157,1158,covtype1158,9,261,3111,95,5521
1158,1159,covtype1159,8,135,3212,218,5689
1159,1160,covtype1160,13,93,3178,551,4577
1160,1161,covtype1161,6,54,2719,134,150
1161,1162,covtype1162,12,315,3161,90,4508
1162,1163,covtype1163,5,56,3108,30,5387
1163,1164,covtype1164,7,111,3155,395,4447
1164,1165,covtype1165,22,67,2871,600,626
1165,1166,covtype1166,17,81,2835,524,541
1166,1167,covtype1167,16,75,2809,443,457
1167,1168,covtype1168,5,81,3191,457,4686
1168,1169,covtype1169,15,146,2915,42,1528
1169,1170,covtype1170,13,60,2799,408,417
1170,1171,covtype1171,24,72,2751,301,306
1171,1172,covtype1172,14,73,2731,212,218
1172,1173,covtype1173,18,46,2748,277,285
1173,1174,covtype1174,17,49,2741,247,256
1174,1175,covtype1175,18,65,2725,190,201
1175,1176,covtype1176,14,77,2709,134,150
1176,1177,covtype1177,6,198,3212,459,5955
1177,1178,covtype1178,19,41,2822,488,495
1178,1179,covtype1179,22,40,2806,400,408
1179,1180,covtype1180,29,53,2765,313,323
1180,1181,covtype1181,22,41,2750,256,268
1181,1182,covtype1182,23,51,2751,242,256
1182,1183,covtype1183,20,74,3209,306,4092
1183,1184,covtype1184,10,291,3146,30,4362
1184,1185,covtype1185,5,99,3183,90,5472
1185,1186,covtype1186,10,301,2917,30,1634
1186,1187,covtype1187,29,53,2786,335,350
1187,1188,covtype1188,7,230,3195,466,6006
1188,1189,covtype1189,28,55,2797,350,362
1189,1190,covtype1190,25,60,2753,242,258
1190,1191,covtype1191,25,55,2784,309,324
1191,1192,covtype1192,17,124,3088,182,3424
1192,1193,covtype1193,24,58,2745,212,240
1193,1194,covtype1194,21,60,2724,153,180
1194,1195,covtype1195,18,75,2702,95,120
1195,1196,covtype1196,9,263,3178,272,5807
1196,1197,covtype1197,5,169,3131,162,4073
1197,1198,covtype1198,27,60,2801,335,361
1198,1199,covtype1199,23,56,2763,247,272
1199,1200,covtype1200,23,59,2740,190,212
1200,1201,covtype1201,13,352,2987,228,2554
1201,1202,covtype1202,16,18,2946,42,1776
1202,1203,covtype1203,23,52,2770,256,277
1203,1204,covtype1204,24,62,2736,175,190
1204,1205,covtype1205,32,57,2803,323,342
1205,1206,covtype1206,26,62,2743,180,201
1206,1207,covtype1207,30,69,2729,150,175
1207,1208,covtype1208,25,69,2711,120,150
1208,1209,covtype1209,16,60,2703,90,120
1209,1210,covtype1210,11,90,3173,270,4838
1210,1211,covtype1211,5,146,3148,150,4583
1211,1212,covtype1212,11,154,3081,212,3556
1212,1213,covtype1213,17,48,2891,268,659
1213,1214,covtype1214,29,51,2830,360,379
1214,1215,covtype1215,29,52,2799,300,323
1215,1216,covtype1216,28,59,2763,210,240
1216,1217,covtype1217,27,69,2716,120,150
1217,1218,covtype1218,8,158,3122,67,4200
1218,1219,covtype1219,29,60,2771,210,240
1219,1220,covtype1220,14,255,3140,162,5678
1220,1221,covtype1221,5,135,3140,67,4547
1221,1222,covtype1222,9,32,2963,0,1762
1222,1223,covtype1223,22,48,3202,153,4161
1223,1224,covtype1224,4,130,3146,134,4726
1224,1225,covtype1225,26,70,2843,335,365
1225,1226,covtype1226,25,63,2812,277,306
1226,1227,covtype1227,33,63,2738,134,162
1227,1228,covtype1228,19,48,3037,430,3005
1228,1229,covtype1229,12,284,2990,180,1936
1229,1230,covtype1230,15,85,2865,400,430
1230,1231,covtype1231,24,62,2809,256,285
1231,1232,covtype1232,23,57,2720,95,120
1232,1233,covtype1233,4,55,2958,247,1234
1233,1234,covtype1234,30,58,2774,190,212
1234,1235,covtype1235,5,62,2938,162,972
1235,1236,covtype1236,30,56,2771,175,190
1236,1237,covtype1237,34,62,2755,150,162
1237,1238,covtype1238,26,61,2788,180,210
1238,1239,covtype1239,36,70,2750,120,150
1239,1240,covtype1240,33,71,2732,90,120
1240,1241,covtype1241,34,70,2737,95,120
1241,1242,covtype1242,14,71,3212,402,5094
1242,1243,covtype1243,6,83,3106,180,4254
1243,1244,covtype1244,4,320,3067,212,3406
1244,1245,covtype1245,4,59,2960,90,1230
1245,1246,covtype1246,17,68,2890,331,540
1246,1247,covtype1247,19,65,2818,247,270
1247,1248,covtype1248,36,73,2767,134,150
1248,1249,covtype1249,7,63,3187,258,5261
1249,1250,covtype1250,19,65,2813,228,242
1250,1251,covtype1251,36,74,2773,150,153
1251,1252,covtype1252,3,180,3239,566,4673
1252,1253,covtype1253,7,102,3192,319,5206
1253,1254,covtype1254,15,266,3151,127,5664
1254,1255,covtype1255,22,82,2809,212,228
1255,1256,covtype1256,4,115,3211,362,5685
1256,1257,covtype1257,10,131,3009,67,2718
1257,1258,covtype1258,25,82,2799,201,210
1258,1259,covtype1259,5,247,3197,324,5873
1259,1260,covtype1260,6,309,3181,67,5204
1260,1261,covtype1261,6,81,3110,300,4360
1261,1262,covtype1262,29,75,2791,180,182
1262,1263,covtype1263,6,253,3031,323,2297
1263,1264,covtype1264,15,72,2830,210,277
1264,1265,covtype1265,34,80,2778,150,162
1265,1266,covtype1266,3,45,3245,564,4387
1266,1267,covtype1267,7,79,2930,90,997
1267,1268,covtype1268,13,144,3046,210,3200
1268,1269,covtype1269,14,113,2850,108,400
1269,1270,covtype1270,31,79,2769,60,175
1270,1271,covtype1271,10,97,3193,319,5153
1271,1272,covtype1272,11,149,3036,150,3238
1272,1273,covtype1273,10,123,2957,150,1337
1273,1274,covtype1274,31,70,2756,30,153
1274,1275,covtype1275,5,49,3252,589,4283
1275,1276,covtype1276,2,61,3229,454,4709
1276,1277,covtype1277,14,286,2993,30,2699
1277,1278,covtype1278,7,57,3173,457,4964
1278,1279,covtype1279,8,67,3188,170,5121
1279,1280,covtype1280,5,49,3178,474,5004
1280,1281,covtype1281,6,48,3175,446,4978
1281,1282,covtype1282,8,140,3105,30,4555
1282,1283,covtype1283,30,61,2762,60,170
1283,1284,covtype1284,6,324,3219,366,5803
1284,1285,covtype1285,8,352,3219,319,5748
1285,1286,covtype1286,29,52,2737,90,120
1286,1287,covtype1287,5,261,3206,446,5980
1287,1288,covtype1288,19,88,3164,361,3878
1288,1289,covtype1289,4,58,2933,0,1138
1289,1290,covtype1290,23,60,2790,108,234
1290,1291,covtype1291,3,108,3199,342,5367
1291,1292,covtype1292,18,55,2815,120,297
1292,1293,covtype1293,12,61,3218,313,5649
1293,1294,covtype1294,3,72,3207,301,5541
1294,1295,covtype1295,11,184,3081,175,3720
1295,1296,covtype1296,10,56,3042,42,3443
1296,1297,covtype1297,18,58,2821,150,306
1297,1298,covtype1298,25,73,2776,175,190
1298,1299,covtype1299,21,75,2765,150,162
1299,1300,covtype1300,9,58,3216,335,5635
1300,1301,covtype1301,5,293,3049,306,2471
1301,1302,covtype1302,21,66,2806,190,256
1302,1303,covtype1303,3,32,3185,0,5165
1303,1304,covtype1304,9,106,3018,150,2979
1304,1305,covtype1305,21,58,2821,212,295
1305,1306,covtype1306,26,64,2800,218,242
1306,1307,covtype1307,9,307,3025,90,3250
1307,1308,covtype1308,27,62,2762,150,175
1308,1309,covtype1309,30,68,2734,108,124
1309,1310,covtype1310,15,78,3047,170,3480
1310,1311,covtype1311,10,277,3040,218,2607
1311,1312,covtype1312,7,60,2953,134,1366
1312,1313,covtype1313,27,46,2826,258,283
1313,1314,covtype1314,26,49,2736,108,127
1314,1315,covtype1315,22,44,2737,108,124
1315,1316,covtype1316,9,336,3196,67,5142
1316,1317,covtype1317,1,329,3062,0,3830
1317,1318,covtype1318,16,51,2927,258,741
1318,1319,covtype1319,8,29,2914,335,564
1319,1320,covtype1320,39,76,2806,234,255
1320,1321,covtype1321,6,312,3019,0,2962
1321,1322,covtype1322,35,80,2811,255,268
1322,1323,covtype1323,6,268,3199,216,5918
1323,1324,covtype1324,18,82,2841,319,335
1324,1325,covtype1325,28,67,2800,242,256
1325,1326,covtype1326,22,57,2768,170,175
1326,1327,covtype1327,21,52,2747,124,127
1327,1328,covtype1328,1,101,3204,60,4905
1328,1329,covtype1329,13,90,3091,192,2315
1329,1330,covtype1330,22,56,2763,162,170
1330,1331,covtype1331,4,284,3170,175,4488
1331,1332,covtype1332,23,64,2847,350,362
1332,1333,covtype1333,25,71,2826,300,309
1333,1334,covtype1334,25,71,2812,277,283
1334,1335,covtype1335,23,48,2756,120,124
1335,1336,covtype1336,6,331,3024,30,3194
1336,1337,covtype1337,20,34,2771,153,162
1337,1338,covtype1338,4,10,3037,60,1889
1338,1339,covtype1339,17,35,2785,190,201
1339,1340,covtype1340,26,72,2823,313,323
1340,1341,covtype1341,21,67,2811,285,295
1341,1342,covtype1342,14,26,2792,201,212
1342,1343,covtype1343,4,97,3213,120,4659
1343,1344,covtype1344,15,92,3097,210,3944
1344,1345,covtype1345,14,343,3080,268,2789
1345,1346,covtype1346,11,27,2799,212,218
1346,1347,covtype1347,3,328,3227,247,5805
1347,1348,covtype1348,27,53,2837,335,342
1348,1349,covtype1349,10,47,2802,218,228
1349,1350,covtype1350,9,66,2799,190,201
1350,1351,covtype1351,17,315,3242,153,5015
1351,1352,covtype1352,6,39,3213,319,5536
1352,1353,covtype1353,13,138,3095,268,3987
1353,1354,covtype1354,48,80,2773,124,134
1354,1355,covtype1355,9,90,3038,108,3676
1355,1356,covtype1356,12,310,3040,108,3302
1356,1357,covtype1357,27,50,2847,323,335
1357,1358,covtype1358,18,67,2809,242,256
1358,1359,covtype1359,47,78,2779,134,150
1359,1360,covtype1360,23,28,3215,175,5523
1360,1361,covtype1361,3,219,3221,256,6006
1361,1362,covtype1362,46,76,2786,150,162
1362,1363,covtype1363,16,285,3255,190,4992
1363,1364,covtype1364,10,34,3076,134,2218
1364,1365,covtype1365,18,31,2806,216,228
1365,1366,covtype1366,49,76,2743,134,150
1366,1367,covtype1367,29,62,2728,108,124
1367,1368,covtype1368,14,324,3043,108,1691
1368,1369,covtype1369,28,62,2842,309,323
1369,1370,covtype1370,46,74,2803,175,190
1370,1371,covtype1371,23,31,3241,228,5561
1371,1372,covtype1372,6,244,3217,218,6025
1372,1373,covtype1373,18,35,2899,430,443
1373,1374,covtype1374,49,75,2760,170,175
1374,1375,covtype1375,16,24,3290,182,3842
1375,1376,covtype1376,28,53,2856,335,350
1376,1377,covtype1377,7,205,3305,430,5167
1377,1378,covtype1378,8,235,3213,210,6056
1378,1379,covtype1379,12,331,3074,162,3302
1379,1380,covtype1380,12,88,3084,242,2214
1380,1381,covtype1381,14,30,2914,390,470
1381,1382,covtype1382,45,72,2828,228,234
1382,1383,covtype1383,32,66,2710,90,95
1383,1384,covtype1384,10,354,3276,42,4055
1384,1385,covtype1385,9,76,3077,90,2014
1385,1386,covtype1386,22,35,2847,255,277
1386,1387,covtype1387,49,74,2789,201,218
1387,1388,covtype1388,24,63,2857,228,285
1388,1389,covtype1389,33,61,2743,108,150
1389,1390,covtype1390,15,358,3331,361,3635
1390,1391,covtype1391,17,329,3072,60,1905
1391,1392,covtype1392,45,93,2824,190,268
1392,1393,covtype1393,32,57,2753,95,162
1393,1394,covtype1394,32,53,2722,42,108
1394,1395,covtype1395,4,101,3062,60,4136
1395,1396,covtype1396,46,84,2827,162,283
1396,1397,covtype1397,29,76,2810,150,256
1397,1398,covtype1398,31,55,2764,85,175
1398,1399,covtype1399,15,85,3047,573,1433
1399,1400,covtype1400,44,82,2878,150,323
1400,1401,covtype1401,46,84,2827,134,295
1401,1402,covtype1402,8,256,3260,306,5626
1402,1403,covtype1403,46,79,2830,108,309
1403,1404,covtype1404,25,60,2820,95,283
1404,1405,covtype1405,29,54,2740,0,134
1405,1406,covtype1406,13,65,3266,120,4507
1406,1407,covtype1407,5,37,3056,90,3795
1407,1408,covtype1408,14,303,3101,277,3399
1408,1409,covtype1409,16,85,3057,592,1482
1409,1410,covtype1410,5,37,2950,180,591
1410,1411,covtype1411,44,78,2840,85,324
1411,1412,covtype1412,28,55,2788,0,216
1412,1413,covtype1413,30,56,2747,67,150
1413,1414,covtype1414,31,60,2732,85,120
1414,1415,covtype1415,14,152,3237,541,5386
1415,1416,covtype1416,31,63,2741,108,124
1416,1417,covtype1417,8,83,2991,170,859
1417,1418,covtype1418,28,59,2802,85,228
1418,1419,covtype1419,3,34,3139,324,2509
1419,1420,covtype1420,7,73,3112,95,2294
1420,1421,covtype1421,14,52,3335,240,4207
1421,1422,covtype1422,7,53,3035,402,1261
1422,1423,covtype1423,5,300,3168,379,3153
1423,1424,covtype1424,35,74,2717,85,90
1424,1425,covtype1425,4,162,3280,319,5206
1425,1426,covtype1426,7,106,3082,532,1717
1426,1427,covtype1427,27,75,2816,201,242
1427,1428,covtype1428,34,75,2722,95,95
1428,1429,covtype1429,21,87,2857,175,335
1429,1430,covtype1430,3,207,3230,313,5569
1430,1431,covtype1431,4,96,3048,424,1370
1431,1432,covtype1432,33,77,2732,124,127
1432,1433,covtype1433,32,74,2714,95,108
1433,1434,covtype1434,7,16,3242,242,5940
1434,1435,covtype1435,15,148,3021,212,1194
1435,1436,covtype1436,31,82,2772,190,192
1436,1437,covtype1437,26,48,3108,30,3868
1437,1438,covtype1438,8,28,3183,331,2952
1438,1439,covtype1439,9,39,3181,335,2925
1439,1440,covtype1440,12,14,3165,330,2605
1440,1441,covtype1441,12,50,3121,60,2368
1441,1442,covtype1442,31,76,2740,150,170
1442,1443,covtype1443,30,76,2706,108,124
1443,1444,covtype1444,11,57,3102,85,5056
1444,1445,covtype1445,13,61,3375,150,4142
1445,1446,covtype1446,31,80,2730,150,175
1446,1447,covtype1447,9,319,3284,120,4734
1447,1448,covtype1448,27,80,2700,95,120
1448,1449,covtype1449,12,308,3285,90,4702
1449,1450,covtype1450,32,86,2753,190,210
1450,1451,covtype1451,2,27,3246,30,5476
1451,1452,covtype1452,4,58,3218,228,5379
1452,1453,covtype1453,28,85,2720,150,153
1453,1454,covtype1454,6,36,3090,60,4825
1454,1455,covtype1455,31,87,2755,210,218
1455,1456,covtype1456,26,83,2706,120,134
1456,1457,covtype1457,6,308,3250,127,5562
1457,1458,covtype1458,40,54,3244,255,4039
1458,1459,covtype1459,7,72,3047,362,1597
1459,1460,covtype1460,23,78,2681,67,90
1460,1461,covtype1461,8,47,3226,190,6119
1461,1462,covtype1462,5,338,3208,90,3141
1462,1463,covtype1463,31,85,2793,277,295
1463,1464,covtype1464,27,81,2725,162,182
1464,1465,covtype1465,5,172,3200,30,5673
1465,1466,covtype1466,20,287,3277,424,4254
1466,1467,covtype1467,5,37,3015,124,1020
1467,1468,covtype1468,11,117,2982,301,860
1468,1469,covtype1469,31,80,2795,270,306
1469,1470,covtype1470,25,76,2713,150,162
1470,1471,covtype1471,8,62,3279,67,4927
1471,1472,covtype1472,7,304,3206,124,3302
1472,1473,covtype1473,7,48,3208,85,2982
1473,1474,covtype1474,14,53,2959,295,742
1474,1475,covtype1475,27,75,2731,175,201
1475,1476,covtype1476,24,71,2679,85,90
1476,1477,covtype1477,4,319,3267,270,5675
1477,1478,covtype1478,24,277,3169,240,4606
1478,1479,covtype1479,6,282,3158,216,3542
1479,1480,covtype1480,6,83,3042,108,1443
1480,1481,covtype1481,6,104,3039,95,1415
1481,1482,covtype1482,26,68,2727,124,190
1482,1483,covtype1483,32,72,2817,150,342
1483,1484,covtype1484,26,66,2733,108,201
1484,1485,covtype1485,13,63,3145,362,2200
1485,1486,covtype1486,11,345,3113,268,1987
1486,1487,covtype1487,32,71,2786,120,295
1487,1488,covtype1488,25,65,2726,67,180
1488,1489,covtype1489,23,61,2704,30,120
1489,1490,covtype1490,19,84,2895,90,503
1490,1491,covtype1491,16,298,3230,391,4508
1491,1492,covtype1492,7,280,3200,150,3439
1492,1493,covtype1493,9,32,3122,242,2095
1493,1494,covtype1494,24,68,2715,0,120
1494,1495,covtype1495,27,75,2702,30,90
1495,1496,covtype1496,5,340,3161,85,3666
1496,1497,covtype1497,23,67,2742,0,182
1497,1498,covtype1498,9,269,3198,180,3491
1498,1499,covtype1499,29,80,2708,67,108
1499,1500,covtype1500,9,30,3172,0,5224
1500,1501,covtype1501,5,8,3166,30,3721
1501,1502,covtype1502,9,72,3052,0,1691
1502,1503,covtype1503,23,83,2751,42,201
1503,1504,covtype1504,25,86,2726,67,150
1504,1505,covtype1505,4,333,3287,335,5730
1505,1506,covtype1506,5,88,3262,242,6300
1506,1507,covtype1507,6,85,3207,85,5649
1507,1508,covtype1508,16,313,3217,240,4696
1508,1509,covtype1509,14,272,3276,591,4374
1509,1510,covtype1510,8,263,3200,150,3489
1510,1511,covtype1511,2,352,3224,134,3220
1511,1512,covtype1512,18,70,2921,60,553
1512,1513,covtype1513,28,90,2779,60,268
1513,1514,covtype1514,26,93,2724,124,150
1514,1515,covtype1515,3,347,3292,360,5760
1515,1516,covtype1516,9,25,3222,0,3032
1516,1517,covtype1517,15,54,3063,60,1731
1517,1518,covtype1518,16,80,2996,162,972
1518,1519,covtype1519,27,87,2763,120,240
1519,1520,covtype1520,31,87,2799,150,295
1520,1521,covtype1521,25,98,2736,150,180
1521,1522,covtype1522,28,100,2722,120,150
1522,1523,covtype1523,8,278,3275,60,5461
1523,1524,covtype1524,11,297,3230,210,4776
1524,1525,covtype1525,12,99,3207,300,4082
1525,1526,covtype1526,11,88,3006,150,994
1526,1527,covtype1527,31,99,2701,90,120
1527,1528,covtype1528,3,356,3296,270,5672
1528,1529,covtype1529,28,93,2733,150,162
1529,1530,covtype1530,31,94,2699,90,108
1530,1531,covtype1531,20,286,3191,30,4965
1531,1532,covtype1532,6,28,3186,60,3810
1532,1533,covtype1533,31,86,2802,240,272
1533,1534,covtype1534,31,87,2784,240,242
1534,1535,covtype1535,31,91,2699,90,95
1535,1536,covtype1536,33,80,2823,270,300
1536,1537,covtype1537,33,83,2803,270,270
1537,1538,covtype1538,31,85,2785,240,240
1538,1539,covtype1539,30,94,2716,120,120
1539,1540,covtype1540,31,94,2698,90,90
1540,1541,covtype1541,32,88,2768,210,210
1541,1542,covtype1542,9,307,3286,127,5497
1542,1543,covtype1543,9,290,3197,60,3690
1543,1544,covtype1544,13,35,3141,201,1899
1544,1545,covtype1545,35,88,2830,256,300
1545,1546,covtype1546,10,285,3247,124,3489
1546,1547,covtype1547,32,95,2849,240,330
1547,1548,covtype1548,33,93,2747,175,180
1548,1549,covtype1549,33,93,2727,150,150
1549,1550,covtype1550,17,48,3142,277,1834
1550,1551,covtype1551,33,94,2847,210,323
1551,1552,covtype1552,34,94,2827,201,295
1552,1553,covtype1553,34,92,2787,182,240
1553,1554,covtype1554,33,90,2746,162,180
1554,1555,covtype1555,9,330,3273,240,3408
1555,1556,covtype1556,33,89,2708,95,120
1556,1557,covtype1557,13,162,2621,60,849
1557,1558,covtype1558,5,255,3235,212,4871
1558,1559,covtype1559,5,112,2664,60,1214
1559,1560,covtype1560,8,68,2633,42,979
1560,1561,covtype1561,5,105,2662,30,1211
1561,1562,covtype1562,5,347,3207,124,4012
1562,1563,covtype1563,8,10,2674,30,1295
1563,1564,covtype1564,8,45,2635,30,955
1564,1565,covtype1565,34,76,2780,30,212
1565,1566,covtype1566,31,71,2707,0,95
1566,1567,covtype1567,7,328,3216,42,4050
1567,1568,covtype1568,31,67,2731,30,134
1568,1569,covtype1569,10,56,3259,175,2733
1569,1570,covtype1570,32,70,2729,90,124
1570,1571,covtype1571,3,141,3285,240,6012
1571,1572,covtype1572,31,69,2770,95,190
1572,1573,covtype1573,33,75,2716,90,108
1573,1574,covtype1574,19,26,2650,60,1008
1574,1575,covtype1575,3,51,3217,120,5179
1575,1576,covtype1576,10,317,3231,42,4054
1576,1577,covtype1577,33,71,2794,120,228
1577,1578,covtype1578,6,219,3301,402,3337
1578,1579,covtype1579,13,153,3059,127,1396
1579,1580,covtype1580,1,63,3020,127,895
1580,1581,covtype1581,33,75,2800,150,240
1581,1582,covtype1582,32,76,2763,162,180
1582,1583,covtype1583,35,82,2725,108,120
1583,1584,covtype1584,20,32,2684,150,1110
1584,1585,covtype1585,32,83,2785,182,210
1585,1586,covtype1586,33,85,2748,150,150
1586,1587,covtype1587,13,356,3269,190,3909
1587,1588,covtype1588,12,159,3273,300,2863
1588,1589,covtype1589,10,137,3264,283,2773
1589,1590,covtype1590,7,143,3256,234,2713
1590,1591,covtype1591,35,84,2848,190,300
1591,1592,covtype1592,33,90,2786,210,210
1592,1593,covtype1593,35,83,2707,90,90
1593,1594,covtype1594,7,31,2766,120,1326
1594,1595,covtype1595,10,287,3225,150,4713
1595,1596,covtype1596,16,176,3268,270,2955
1596,1597,covtype1597,15,179,3268,270,2925
1597,1598,covtype1598,13,168,3267,270,2866
1598,1599,covtype1599,30,91,2907,210,390
1599,1600,covtype1600,9,18,3246,120,4333
1600,1601,covtype1601,3,105,3201,300,2007
1601,1602,covtype1602,12,63,3076,127,1536
1602,1603,covtype1603,11,60,2968,170,571
1603,1604,covtype1604,28,94,2922,240,421
1604,1605,covtype1605,35,91,2848,247,301
1605,1606,covtype1606,13,346,2780,90,1383
1606,1607,covtype1607,13,167,3251,210,2813
1607,1608,covtype1608,8,101,3237,95,2486
1608,1609,covtype1609,33,81,2808,242,247
1609,1610,covtype1610,30,74,2754,153,162
1610,1611,covtype1611,4,297,3291,180,5702
1611,1612,covtype1612,15,158,3258,212,3204
1612,1613,covtype1613,15,172,3245,180,3025
1613,1614,covtype1614,15,184,3244,180,2877
1614,1615,covtype1615,2,151,3242,150,2580
1615,1616,covtype1616,3,124,3241,127,2550
1616,1617,covtype1617,15,132,3214,0,2402
1617,1618,covtype1618,16,80,2959,255,518
1618,1619,covtype1619,31,69,2760,162,175
1619,1620,covtype1620,19,353,2725,30,1167
1620,1621,covtype1621,11,42,3276,331,5157
1621,1622,covtype1622,18,37,3252,124,5006
1622,1623,covtype1623,15,180,3235,150,2940
1623,1624,covtype1624,15,180,3236,150,2851
1624,1625,covtype1625,5,200,3241,175,2644
1625,1626,covtype1626,4,166,3241,134,2584
1626,1627,covtype1627,18,122,3223,42,2466
1627,1628,covtype1628,17,138,3209,0,2407
1628,1629,covtype1629,15,153,3192,270,2053
1629,1630,covtype1630,13,172,3190,270,2024
1630,1631,covtype1631,5,49,3286,454,5225
1631,1632,covtype1632,11,298,3223,108,4637
1632,1633,covtype1633,28,94,2920,360,446
1633,1634,covtype1634,28,90,2889,360,390
1634,1635,covtype1635,29,73,2807,242,258
1635,1636,covtype1636,14,194,3221,90,2772
1636,1637,covtype1637,14,162,3198,192,2213
1637,1638,covtype1638,16,156,3191,228,2154
1638,1639,covtype1639,27,97,2903,390,430
1639,1640,covtype1640,28,90,2858,335,350
1640,1641,covtype1641,28,87,2842,309,324
1641,1642,covtype1642,24,64,2719,124,134
1642,1643,covtype1643,7,282,3251,268,4494
1643,1644,covtype1644,6,162,3217,60,2954
1644,1645,covtype1645,9,166,3214,60,2895
1645,1646,covtype1646,14,198,3213,60,2777
1646,1647,covtype1647,14,213,3227,85,2689
1647,1648,covtype1648,17,138,3225,42,2542
1648,1649,covtype1649,26,94,2871,376,391
1649,1650,covtype1650,28,86,2797,255,277
1650,1651,covtype1651,13,18,3298,418,5120
1651,1652,covtype1652,10,25,3294,362,5075
1652,1653,covtype1653,4,158,3240,234,3492
1653,1654,covtype1654,1,121,3215,30,2989
1654,1655,covtype1655,16,183,3223,60,2665
1655,1656,covtype1656,28,91,2856,366,384
1656,1657,covtype1657,26,88,2782,255,268
1657,1658,covtype1658,16,49,2786,240,1431
1658,1659,covtype1659,19,329,2747,201,878
1659,1660,covtype1660,3,56,3220,30,3083
1660,1661,covtype1661,4,45,3218,0,3054
1661,1662,covtype1662,18,204,3206,30,2730
1662,1663,covtype1663,14,159,3153,120,2088
1663,1664,covtype1664,27,91,2839,361,382
1664,1665,covtype1665,26,92,2782,268,283
1665,1666,covtype1666,24,87,2755,216,228
1666,1667,covtype1667,22,84,2729,162,175
1667,1668,covtype1668,19,85,2718,134,150
1668,1669,covtype1669,3,141,3228,42,3295
1669,1670,covtype1670,11,138,3195,30,2854
1670,1671,covtype1671,15,182,3161,124,2329
1671,1672,covtype1672,8,335,3068,150,1442
1672,1673,covtype1673,13,80,3055,120,1237
1673,1674,covtype1674,7,48,3043,30,1150
1674,1675,covtype1675,23,96,2931,446,541
1675,1676,covtype1676,28,96,2887,450,469
1676,1677,covtype1677,25,94,2781,283,295
1677,1678,covtype1678,24,93,2767,256,268
1678,1679,covtype1679,23,91,2742,201,210
1679,1680,covtype1680,6,66,3316,466,3803
1680,1681,covtype1681,3,111,3233,134,3448
1681,1682,covtype1682,2,127,3231,85,3389
1682,1683,covtype1683,17,175,3192,30,2656
1683,1684,covtype1684,13,163,3148,90,2185
1684,1685,covtype1685,8,92,3095,30,1771
1685,1686,covtype1686,7,50,3045,30,1158
1686,1687,covtype1687,20,105,2941,450,582
1687,1688,covtype1688,26,92,2794,323,330
1688,1689,covtype1689,20,92,2707,120,120
1689,1690,covtype1690,23,86,3250,182,4731
1690,1691,covtype1691,12,99,3213,30,2955
1691,1692,covtype1692,14,191,3183,60,2721
1692,1693,covtype1693,15,181,3184,60,2692
1693,1694,covtype1694,15,136,3165,108,2486
1694,1695,covtype1695,11,144,3154,120,2427
1695,1696,covtype1696,11,160,3146,67,2338
1696,1697,covtype1697,26,107,2912,511,553
1697,1698,covtype1698,26,99,2850,443,451
1698,1699,covtype1699,25,96,2823,390,391
1699,1700,covtype1700,21,87,2707,120,124
1700,1701,covtype1701,20,53,2859,379,1213
1701,1702,covtype1702,15,25,2817,210,1392
1702,1703,covtype1703,17,83,3294,365,3724
1703,1704,covtype1704,13,71,3251,247,3607
1704,1705,covtype1705,5,183,3140,30,2224
1705,1706,covtype1706,4,50,3137,0,2047
1706,1707,covtype1707,24,98,2834,420,424
1707,1708,covtype1708,25,89,2778,300,306
1708,1709,covtype1709,21,82,2708,120,134
1709,1710,covtype1710,16,87,3304,391,3760
1710,1711,covtype1711,10,69,3248,212,3583
1711,1712,covtype1712,17,95,3201,0,2940
1712,1713,covtype1713,5,171,3138,0,2289
1713,1714,covtype1714,10,52,3126,30,1936
1714,1715,covtype1715,11,86,3319,450,3787
1715,1716,covtype1716,9,93,3175,30,2826
1716,1717,covtype1717,3,232,3137,30,2236
1717,1718,covtype1718,23,69,2784,306,323
1718,1719,covtype1719,24,70,2714,134,150
1719,1720,covtype1720,22,71,2702,108,120
1720,1721,covtype1721,5,327,3139,60,2183
1721,1722,covtype1722,10,97,3319,450,3737
1722,1723,covtype1723,9,77,3123,134,1900
1723,1724,covtype1724,20,90,2897,582,598
1724,1725,covtype1725,22,58,2763,240,242
1725,1726,covtype1726,26,69,2712,120,124
1726,1727,covtype1727,26,73,2698,90,95
1727,1728,covtype1728,15,31,3260,30,5775
1728,1729,covtype1729,18,280,3377,277,5256
1729,1730,covtype1730,5,300,3249,0,4412
1730,1731,covtype1731,6,107,3322,480,3728
1731,1732,covtype1732,7,25,3241,0,3403
1732,1733,covtype1733,17,332,2868,60,1718
1733,1734,covtype1734,20,94,2848,457,488
1734,1735,covtype1735,29,73,2736,162,175
1735,1736,covtype1736,26,283,2931,778,854
1736,1737,covtype1737,12,299,3341,272,5343
1737,1738,covtype1738,12,53,3193,42,2678
1738,1739,covtype1739,9,88,3244,150,3065
1739,1740,covtype1740,11,96,3192,30,2685
1740,1741,covtype1741,29,84,2708,108,120
1741,1742,covtype1742,21,334,2556,85,819
1742,1743,covtype1743,10,20,3163,60,2489
1743,1744,covtype1744,29,78,2693,67,95
1744,1745,covtype1745,11,326,2566,256,755
1745,1746,covtype1746,10,323,2577,150,875
1746,1747,covtype1747,13,42,2675,60,1110
1747,1748,covtype1748,17,235,2553,351,780
1748,1749,covtype1749,12,345,2570,124,859
1749,1750,covtype1750,17,344,2011,313,404
1750,1751,covtype1751,30,86,2749,95,201
1751,1752,covtype1752,27,73,2718,42,150
1752,1753,covtype1753,27,61,2885,384,1243
1753,1754,covtype1754,13,24,2022,391,509
1754,1755,covtype1755,17,50,2038,408,474
1755,1756,covtype1756,23,54,2902,391,1282
1756,1757,covtype1757,27,341,2018,351,390
1757,1758,covtype1758,7,268,3309,618,3711
1758,1759,covtype1759,11,66,3349,408,3512
1759,1760,covtype1760,17,87,2926,525,677
1760,1761,covtype1761,22,57,2856,351,474
1761,1762,covtype1762,17,308,3293,120,3193
1762,1763,covtype1763,6,108,3074,60,1811
1763,1764,covtype1764,20,75,2839,285,430
1764,1765,covtype1765,17,75,2820,228,376
1765,1766,covtype1766,18,348,2074,499,566
1766,1767,covtype1767,8,285,3313,636,3645
1767,1768,covtype1768,8,111,3068,319,1218
1768,1769,covtype1769,15,87,2902,417,607
1769,1770,covtype1770,21,91,2862,319,497
1770,1771,covtype1771,19,92,2840,277,443
1771,1772,covtype1772,10,84,3278,85,4186
1772,1773,covtype1773,10,124,3048,446,1077
1773,1774,covtype1774,20,104,2883,350,564
1774,1775,covtype1775,20,100,2849,277,484
1775,1776,covtype1776,24,47,2703,108,120
1776,1777,covtype1777,18,29,2988,404,1978
1777,1778,covtype1778,19,41,2089,424,510
1778,1779,covtype1779,13,293,3336,564,3523
1779,1780,covtype1780,18,292,3354,510,3486
1780,1781,covtype1781,7,107,3094,30,2093
1781,1782,covtype1782,5,123,3077,30,1959
1782,1783,covtype1783,16,96,2820,192,426
1783,1784,covtype1784,17,95,2812,170,404
1784,1785,covtype1785,11,45,2422,85,631
1785,1786,covtype1786,24,303,2018,60,120
1786,1787,covtype1787,12,33,2102,382,480
1787,1788,covtype1788,20,92,3341,360,3372
1788,1789,covtype1789,14,81,3331,330,3355
1789,1790,covtype1790,3,326,3313,175,3073
1790,1791,covtype1791,21,115,2864,295,566
1791,1792,covtype1792,16,106,2827,192,469
1792,1793,covtype1793,18,36,2729,95,162
1793,1794,covtype1794,25,57,2720,124,134
1794,1795,covtype1795,14,340,2974,319,1572
1795,1796,covtype1796,14,339,3003,228,1879
1796,1797,covtype1797,8,23,2446,0,443
1797,1798,covtype1798,26,288,2025,67,120
1798,1799,covtype1799,16,23,2097,408,516
1799,1800,covtype1800,29,345,2121,564,671
1800,1801,covtype1801,26,28,2121,571,680
1801,1802,covtype1802,18,74,2020,301,430
1802,1803,covtype1803,21,117,2858,283,582
1803,1804,covtype1804,25,276,2044,108,153
1804,1805,covtype1805,21,31,2047,216,272
1805,1806,covtype1806,29,71,2718,124,134
1806,1807,covtype1807,31,72,2701,95,108
1807,1808,covtype1808,17,290,2917,335,1624
1808,1809,covtype1809,12,349,2437,30,997
1809,1810,covtype1810,2,198,3345,0,5114
1810,1811,covtype1811,9,82,3292,127,4133
1811,1812,covtype1812,17,67,3218,60,2711
1812,1813,covtype1813,17,102,3154,67,2608
1813,1814,covtype1814,3,288,2744,95,228
1814,1815,covtype1815,24,323,2515,42,866
1815,1816,covtype1816,29,322,2533,85,828
1816,1817,covtype1817,17,262,2092,309,417
1817,1818,covtype1818,12,349,2160,532,636
1818,1819,covtype1819,31,272,2922,799,875
1819,1820,covtype1820,16,328,3003,408,1624
1820,1821,covtype1821,16,352,2475,0,541
1821,1822,covtype1822,18,121,2455,0,1154
1822,1823,covtype1823,11,345,3095,127,1914
1823,1824,covtype1824,1,270,2743,127,240
1824,1825,covtype1825,26,95,2724,120,150
1825,1826,covtype1826,17,337,2525,30,949
1826,1827,covtype1827,27,324,2551,108,891
1827,1828,covtype1828,28,321,2597,192,806
1828,1829,covtype1829,21,31,2604,319,703
1829,1830,covtype1830,21,44,2532,30,953
1830,1831,covtype1831,20,307,2530,60,994
1831,1832,covtype1832,24,274,2598,210,1074
1832,1833,covtype1833,27,352,2092,228,335
1833,1834,covtype1834,16,320,2167,488,589
1834,1835,covtype1835,27,64,2125,543,607
1835,1836,covtype1836,28,50,2173,124,212
1836,1837,covtype1837,12,310,3326,30,2980
1837,1838,covtype1838,13,71,3342,90,2902
1838,1839,covtype1839,11,73,3328,30,2873
1839,1840,covtype1840,9,75,3098,30,2103
1840,1841,covtype1841,29,87,2706,108,120
1841,1842,covtype1842,24,347,2822,228,1560
1842,1843,covtype1843,25,308,2581,170,912
1843,1844,covtype1844,12,331,2494,0,626
1844,1845,covtype1845,25,59,2092,90,150
1845,1846,covtype1846,32,226,2008,30,108
1846,1847,covtype1847,34,60,3371,240,3144
1847,1848,covtype1848,7,21,3328,90,3055
1848,1849,covtype1849,23,43,2879,218,1613
1849,1850,covtype1850,26,122,2591,85,1114
1850,1851,covtype1851,15,26,2503,30,648
1851,1852,covtype1852,24,308,2589,150,1116
1852,1853,covtype1853,24,302,2600,180,1132
1853,1854,covtype1854,33,251,2113,150,247
1854,1855,covtype1855,33,66,2088,313,351
1855,1856,covtype1856,13,76,3336,85,2835
1856,1857,covtype1857,9,113,3051,525,1356
1857,1858,covtype1858,24,77,2725,150,150
1858,1859,covtype1859,28,345,2493,60,1158
1859,1860,covtype1860,26,334,2170,379,481
1860,1861,covtype1861,16,303,3359,127,2872
1861,1862,covtype1862,20,68,2740,182,182
1862,1863,covtype1863,24,69,2729,153,153
1863,1864,covtype1864,27,58,2702,95,95
1864,1865,covtype1865,21,35,2829,376,1651
1865,1866,covtype1866,8,338,2543,30,1120
1866,1867,covtype1867,17,313,2645,319,895
1867,1868,covtype1868,15,328,2651,339,876
1868,1869,covtype1869,19,54,2522,60,700
1869,1870,covtype1870,20,325,2172,313,420
1870,1871,covtype1871,8,50,3331,120,2754
1871,1872,covtype1872,37,272,2027,60,150
1872,1873,covtype1873,32,113,2161,458,524
1873,1874,covtype1874,16,60,3344,162,2758
1874,1875,covtype1875,20,100,3261,192,2592
1875,1876,covtype1876,36,291,2847,743,934
1876,1877,covtype1877,25,312,2611,182,1061
1877,1878,covtype1878,25,320,2621,212,1040
1878,1879,covtype1879,16,36,2527,0,765
1879,1880,covtype1880,21,294,2223,212,108
1880,1881,covtype1881,11,289,3346,513,3288
1881,1882,covtype1882,25,73,3384,180,3008
1882,1883,covtype1883,9,84,3046,618,1384
1883,1884,covtype1884,18,95,2870,306,819
1884,1885,covtype1885,23,63,2704,85,95
1885,1886,covtype1886,6,197,3018,711,2123
1886,1887,covtype1887,7,315,2890,342,1595
1887,1888,covtype1888,29,270,2092,150,270
1888,1889,covtype1889,25,54,2110,342,390
1889,1890,covtype1890,14,104,3208,30,2455
1890,1891,covtype1891,19,106,2916,451,972
1891,1892,covtype1892,22,71,2709,108,108
1892,1893,covtype1893,6,180,3011,573,1982
1893,1894,covtype1894,14,97,2964,361,1704
1894,1895,covtype1895,30,80,2813,339,1691
1895,1896,covtype1896,26,312,2641,210,1084
1896,1897,covtype1897,22,339,2694,420,957
1897,1898,covtype1898,17,39,2544,0,824
1898,1899,covtype1899,19,80,2594,268,1348
1899,1900,covtype1900,33,65,2206,210,201
1900,1901,covtype1901,31,303,2175,270,391
1901,1902,covtype1902,24,170,2194,300,481
1902,1903,covtype1903,27,73,2132,365,408
1903,1904,covtype1904,24,76,2699,108,108
1904,1905,covtype1905,28,296,2611,120,1167
1905,1906,covtype1906,27,306,2639,180,1126
1906,1907,covtype1907,26,320,2671,270,1068
1907,1908,covtype1908,20,51,2557,42,849
1908,1909,covtype1909,7,318,2000,30,108
1909,1910,covtype1910,33,166,2162,277,543
1910,1911,covtype1911,7,339,3352,42,2790
1911,1912,covtype1912,22,64,2746,212,216
1912,1913,covtype1913,21,78,2714,150,150
1913,1914,covtype1914,8,155,2999,636,1731
1914,1915,covtype1915,7,197,3008,591,1996
1915,1916,covtype1916,26,285,2633,153,1168
1916,1917,covtype1917,21,323,2510,30,1454
1917,1918,covtype1918,6,355,2003,0,127
1918,1919,covtype1919,32,170,2143,247,547
1919,1920,covtype1920,7,21,3356,0,2802
1920,1921,covtype1921,15,294,3374,134,2713
1921,1922,covtype1922,16,102,3359,247,2646
1922,1923,covtype1923,13,100,3352,277,2630
1923,1924,covtype1924,19,104,2822,90,646
1924,1925,covtype1925,24,61,2764,255,258
1925,1926,covtype1926,24,63,2752,234,234
1926,1927,covtype1927,20,306,2584,60,1273
1927,1928,covtype1928,24,296,2595,85,1252
1928,1929,covtype1929,25,339,2765,402,1116
1929,1930,covtype1930,25,319,2529,60,1438
1930,1931,covtype1931,27,318,2538,85,1410
1931,1932,covtype1932,6,287,2223,301,30
1932,1933,covtype1933,8,47,2004,0,150
1933,1934,covtype1934,33,197,2129,242,598
1934,1935,covtype1935,23,177,2151,295,481
1935,1936,covtype1936,26,99,2077,285,331
1936,1937,covtype1937,0,180,3379,175,2672
1937,1938,covtype1938,10,43,2786,285,324
1938,1939,covtype1939,16,227,2992,607,1434
1939,1940,covtype1940,28,296,2683,256,1158
1940,1941,covtype1941,27,308,2726,342,1107
1941,1942,covtype1942,22,317,2751,430,1061
1942,1943,covtype1943,22,318,2519,30,1505
1943,1944,covtype1944,28,320,2572,124,1369
1944,1945,covtype1945,15,36,2588,30,1262
1945,1946,covtype1946,25,343,2026,42,108
1946,1947,covtype1947,11,73,2006,0,170
1947,1948,covtype1948,34,271,2026,60,212
1948,1949,covtype1949,11,280,3379,408,3055
1949,1950,covtype1950,6,358,3364,30,2736
1950,1951,covtype1951,10,305,3366,90,2700
1951,1952,covtype1952,17,98,3365,240,2613
1952,1953,covtype1953,11,100,3344,323,2563
1953,1954,covtype1954,18,100,3330,283,2531
1954,1955,covtype1955,23,87,2707,134,150
1955,1956,covtype1956,24,325,2770,466,1073
1956,1957,covtype1957,19,30,2582,42,972
1957,1958,covtype1958,13,333,2589,30,1224
1958,1959,covtype1959,31,323,2024,30,85
1959,1960,covtype1960,16,79,2006,0,192
1960,1961,covtype1961,5,352,3366,30,2713
1961,1962,covtype1962,5,257,3377,150,2640
1962,1963,covtype1963,13,93,3374,210,2605
1963,1964,covtype1964,24,118,3293,190,2460
1964,1965,covtype1965,6,51,2793,272,384
1965,1966,covtype1966,7,75,2791,301,360
1966,1967,covtype1967,13,167,2969,228,1622
1967,1968,covtype1968,27,302,2637,150,1279
1968,1969,covtype1969,32,297,2651,180,1260
1969,1970,covtype1970,29,299,2685,240,1224
1970,1971,covtype1971,15,35,2607,30,1317
1971,1972,covtype1972,33,327,2041,60,108
1972,1973,covtype1973,23,70,2010,0,212
1973,1974,covtype1974,41,155,2107,120,470
1974,1975,covtype1975,28,181,2070,134,579
1975,1976,covtype1976,24,107,2051,180,228
1976,1977,covtype1977,13,271,3341,424,3167
1977,1978,covtype1978,9,106,3251,67,2375
1978,1979,covtype1979,12,115,2821,162,752
1979,1980,covtype1980,23,89,2764,268,270
1980,1981,covtype1981,25,87,2750,240,240
1981,1982,covtype1982,26,323,2787,450,1140
1982,1983,covtype1983,24,34,2596,30,1036
1983,1984,covtype1984,21,343,2616,60,1384
1984,1985,covtype1985,26,332,2622,108,1207
1985,1986,covtype1986,13,348,2009,30,67
1986,1987,covtype1987,12,53,2006,0,255
1987,1988,covtype1988,28,116,2016,120,162
1988,1989,covtype1989,5,28,3372,0,2704
1989,1990,covtype1990,18,108,3360,247,2539
1990,1991,covtype1991,7,321,2812,108,592
1991,1992,covtype1992,4,58,2803,228,450
1992,1993,covtype1993,11,75,2793,313,360
1993,1994,covtype1994,23,87,2764,270,270
1994,1995,covtype1995,27,94,2695,120,120
1995,1996,covtype1996,4,174,2980,525,2118
1996,1997,covtype1997,29,302,2654,153,1326
1997,1998,covtype1998,20,60,2725,124,1357
1998,1999,covtype1999,24,331,2622,90,1425
1999,2000,covtype2000,6,29,2005,0,297
