0,0,0,0,0,0,0,0,0,0,0,0,0,0,0,0,0,0,0,0,0,0,0,0,0,0,0,0,0,0,0,0,0,0,0,0,0,0,0,0,0,0,0,0,0,0,0,0,0,0,0,0,0,0,0,0,0,0,0,0,0,0,0,0,0,0,0,0,0,0,0,0,0,0,0,0,0,0,0,0,0,0,0,0,0,0,0,0,0,0,0,0,0,0,0,0,0,0,0,0,0,0,0,0,0,0,0,0,0,0,0,0,0,0,0,0,0,0,0,0,0,0,0,0,0,0,0,0,0,0,0,0,0,0,0,0,0,0,0,0,0,0,0,0,0,0,0,0,0,0,0,0,0,0,0,0,0,0,0,0,0,0,0,0,0,0,0,0,0,0,0,0,0,0,0,0,0,0,0,0,0,0,0,0,0,0,0,0,0,0,0,0,0,0,0,0,0,0,0,0,0,0,0,0,0,0,0,0,0,0,0,0,0,0,0,0,0,0,0,0,0,0,0,0,0,0,0,0,0,0,0,0,0,0,0,0,0,0,0,0,0,0,0,0,0,0,0,0,0,0,0,0,0,0,0,0,0,0,0,0,0,0,0,0,0,0,0,0,0,0,0,0,0,0,0,0,0,0,0,0,0,0,0,0,0,0,0,0,0,0,0,0,0,0,0,0,0,0,0,0,0,0,0,0,0,0,0,0,0,0,0,0,0,0,0,0,0,0,0,0,0,0,0,0
0,0,0,0,0,0,0,0,0,0,0,0,0,0,0,0,0,0,0,0,0,0,0,0,0,0,0,0,0,0,0,0,0,0,0,0,0,0,0,0,0,0,0,0,0,0,0,0,0,0,0,0,0,0,0,0,0,0,0,0,0,0,0.7333333333333334,0.7333333333333334,0.7333333333333334,1.2333333333333332,2.0666666666666664,2.2666666666666666,2.0666666666666664,2.0666666666666664,2.4499999999999997,1.9166666666666665,1.65,1.65,1.8499999999999999,1.9166666666666665,1.6833333333333331,1.5666666666666664,1.5666666666666664,1.7666666666666666,1.7666666666666664,1.7666666666666664,1.7666666666666664,1.5000000000000002,1.5000000000000002,1.5000000000000002,1.4285714285714284,1.4285714285714284,1.7928571428571427,2.2928571428571427,2.2928571428571427,2.2928571428571427,2.2928571428571427,2.2928571428571427,2.2928571428571427,3.1666666666666665,3.0166666666666666,3.0833333333333335,2.8833333333333333,2.8833333333333333,2.8833333333333333,2.9166666666666665,2.9166666666666665,2.9166666666666665,3.3666666666666667,3.116666666666667,3.1166666666666667,2.8666666666666667,3.066666666666667,2.733333333333334,2.733333333333334,2.626190476190476,2.6428571428571432,1.9249999999999998,1.9249999999999998,2.225,2.2249999999999996,2.0095238095238095,1.8523809523809525,1.6023809523809525,1.6023809523809525,0.95,0.95,0.95,0.8500000000000001,1.2357142857142855,0.8706349206349207,0.6706349206349207,0.5833333333333333,0.5833333333333333,0.5416666666666666,0.5416666666666666,0.7916666666666666,0.7916666666666666,1.0416666666666665,1.0333333333333332,1.0333333333333332,1.0333333333333332,1.0333333333333332,1.0333333333333332,0.45,0.45,0.45,0.45,0.4,0.4,0.4,0.4,0.4,0.3333333333333333,0.3666666666666667,0.3666666666666667,0.3666666666666667,0.3666666666666667,0.3333333333333333,0.3333333333333333,0.2857142857142857,0.2857142857142857,0.26785714285714285,0.26785714285714285,0.26785714285714285,0.26785714285714285,0.26785714285714285,0.14285714285714285,0.14285714285714285,0.14285714285714285,0.14285714285714285,0.125,0.14285714285714285,0.14285714285714285,0.14285714285714285,0.14285714285714285,0.16666666666666666,0.16666666666666666,0.16666666666666666,0.16666666666666666,0.16666666666666666,0.16666666666666666,0.16666666666666666,0.16666666666666666,0.16666666666666666,0.16666666666666666,0.16666666666666666,0.16666666666666666,0.16666666666666666,0.16666666666666666,0.14285714285714285,0.14285714285714285,0.14285714285714285,0.14285714285714285,0.14285714285714285,0.14285714285714285,0.14285714285714285,0.14285714285714285,0,0,0,0,0,0,0,0,0,0,0,0,0,0,0,0,0,0,0,0,0,0,0,0,0,0,0,0,0,0,0,0,0,0,0,0,0,0,0,0,0,0,0,0,0,0,0,0,0,0,0,0,0,0,0,0,0,0,0,0,0,0,0,0,0,0,0,0,0,0,0,0,0,0,0,0,0,0,0,0,0,0,0,0,0,0,0,0,0,0,0,0,0,0,0,0,0,0,0,0,0,0,0,0,0,0,0,0,0,0,0,0,0,0,0,0,0,0,0,0,0,0,0,0,0,0,0,0,0,0
0,0,0,0,0,0,0,0,0,0,0,0,0,0,0,0,0,0,0,0,0,0,0,0,0,0,0,0,0,0,0,0,0,0,0,0,0,0,0,0,0,0,0,0,0,0,0,0,0,0,0,0,0,0,0,0,0,0,0,0,0,0,0,0,0,0,0,0,0,0,0,0,0,0,0,0,0,0,0,0,0,0,0,0,0,0,0,0,0,0,0,0,0,0,0,0,0,0,0,0,0,0,0,0,0,0,0,0,0,0,0,0,0,0,0,0,0,0,0,0,0,0,0,0,0,0,0,0,0,0,0,0,0,0,0,0,0,0,0,0,0,0,0,0,0,0,0,0,0,0,0,0,0,0,0,0,0,0,0,0.55,0.55,0.7166666666666666,0.7166666666666667,0.7166666666666667,0.7166666666666667,0.7999999999999999,0.7999999999999999,0.811111111111111,0.811111111111111,0.45396825396825397,0.29166666666666663,0.46785714285714286,0.6027777777777779,0.46785714285714286,0.46785714285714286,0.46785714285714286,0.46785714285714286,0.46785714285714286,0.4027777777777778,0.3678571428571429,0.3678571428571429,0.3678571428571429,0.35876623376623373,0.26785714285714285,0.35876623376623373,0.35119047619047616,0.34090909090909094,0.34090909090909094,0.34090909090909094,0.34090909090909094,0.34090909090909094,0.34090909090909094,0.46111111111111114,0.4611111111111111,0.4381313131313131,0.4381313131313131,0.46111111111111114,0.4381313131313131,0.41944444444444445,0.41944444444444445,0.30833333333333335,0.30833333333333335,0.30833333333333335,0.41944444444444445,0.45876623376623377,0.45876623376623377,0.6968253968253968,0.7218253968253967,0.7023809523809523,0.9023809523809523,0.9023809523809524,0.95,0.95,1.0333333333333334,1.0333333333333334,1.0333333333333334,1.0333333333333334,1.0666666666666667,1.45,1.4,1.4,1.4,1.3428571428571427,1.3428571428571427,0.5,0.3333333333333333,0.3333333333333333,0.3333333333333333,0.3333333333333333,0.3333333333333333,0,0,0,0,0,0,0,0,0,0,0,0,0,0,0,0,0,0,0,0,0,0,0,0,0,0,0,0,0,0,0,0,0,0,0,0,0,0,0,0,0,0,0,0,0,0,0,0,0,0,0,0,0,0,0,0,0,0,0,0,0,0,0,0,0,0,0,0,0,0,0,0,0,0,0,0,0,0,0,0,0,0,0,0,0,0,0,0,0,0,0,0,0,0
0,0,0,0,0,0,0,0,0,0,0,0,0,0,0,0,0,0,0,0,0,0,0,0,0,0,0,0,0,0,0,0,0,0,0,0,0,0,0,0,0,0,0,0,0,0,0,0,0,0,0,0,0,0,0,0,0,0,0,0,0,0,0,0,0,0,0,0,0,0,0,0,0,0,0,0,0,0,0,0,0,0,0,0,0,0,0,0,0,0,0,0,0,0,0,0,0,0,0,0,0,0,0,0,0,0,0,0,0,0,0,0,0,0,0,0,0,0,0,0,0,0,0,0,0,0,0,0,0,0,0,0,0,0,0,0,0,0,0,0,0,0,0,0,0,0,0,0,0,0,0,0,0,0,0,0,0,0,0,0,0,0,0,0,0,0,0,0,0,0,0,0,0,0,0,0,0,0,0,0,0,0,0,0,0,0,0,0,0,0,0,0,0,0,0,0,0,0,0,0,0,0,0,0,0,0,0,0,0,0,0,0,0,0,0,0,0,0,0,0.3666666666666667,0.3666666666666667,0.3666666666666667,0.30952380952380953,0.47619047619047616,0.5333333333333333,0.3666666666666667,0.3666666666666667,0.75,0.75,0.75,0.41666666666666663,0.5833333333333333,0.5833333333333333,0.5833333333333333,0.5833333333333333,0.5833333333333333,0.5833333333333333,0.5833333333333333,0.5833333333333333,1.0,1.0,0.7833333333333333,1.1166666666666667,1.1166666666666667,1.1166666666666667,1.1166666666666667,1.1166666666666667,1.1166666666666667,1.3666666666666665,1.3666666666666665,1.3666666666666665,1.2333333333333332,1.2333333333333332,1.95,2.2,2.2,2.2,2.2,2.2,2.2,2.2,2.2,1.5333333333333332,1.6666666666666665,1.6666666666666665,1.6666666666666665,1.6666666666666665,2.1666666666666665,2.1666666666666665,1.8333333333333333,1.8333333333333333,1.8333333333333333,1.8333333333333333,1.8333333333333333,1.8333333333333333,1.8333333333333333,1.8333333333333333,1.3333333333333333,1.3333333333333333,1.3333333333333333,1.3333333333333333,1.3333333333333333,1.3333333333333333,1.3333333333333333,1.3333333333333333,1.3333333333333333,1.3333333333333333,1.3333333333333333,1.3333333333333333,1.3333333333333333,0.8333333333333333,0.8333333333333333,0.8333333333333333,0.8333333333333333,0.8333333333333333,0.8333333333333333,0.8333333333333333,0.8333333333333333,0.8333333333333333,0.8333333333333333,0.3333333333333333,0.3333333333333333,0.3333333333333333,0.3333333333333333,0.3333333333333333,0.3333333333333333,0.3333333333333333,0.3333333333333333,0.3333333333333333,0.3333333333333333,0.3333333333333333,0.3333333333333333,0.3333333333333333,0.3333333333333333,0.3333333333333333,0.3333333333333333,0.3333333333333333,0,0,0,0,0,0,0
0,0,0,0,0,0,0,0,0,0,0,0,0,0,0,0,0,0,0,0,0,0,0,0,0,0,0,0,0,0,0,0,0,0,0,0,0,0,0,0,0,0,0,0,0,0,0,0,0,0,0,0,0,0,0,0,0,0,0,0,0,0,0,0,0,0,0,0,0,0,0,0,0,0,0,0,0,0,0,0,0,0,0,0,0,0,0,0,0,0,0,0,0,0,0,0,0,0,0,0,0,0,0,0,0,0,0,0,0,0,0,0,0,0,0,0,0,0,0,0,0,0,0,0,0,0,0,0,0,0,0,0,0,0,0,0,0,0,0,0,0,0,0,0,0,0,0,0,0,0,0,0,0,0,0,0,0,0,0,0,0,0,0,0,0,0,0,0,0,0,0.8611111111111112,0.753968253968254,0.7777777777777778,0.9123015873015872,0.8011904761904762,0.8011904761904762,0.8011904761904762,0.8011904761904762,0.6861111111111111,0.5916666666666667,0.5916666666666667,0.5916666666666667,0.5825757575757575,0.49166666666666664,0.5587662337662338,0.5511904761904762,0.5587662337662338,0.5587662337662338,0.5825757575757575,0.5825757575757575,0.5825757575757575,0.5825757575757575,0.736111111111111,0.7361111111111112,0.7270202020202021,0.7270202020202021,0.75,0.6936868686868687,0.6527777777777777,0.6527777777777778,0.5416666666666666,0.5416666666666666,0.5416666666666666,0.5416666666666666,0.5670995670995671,0.4004329004329005,0.4095238095238095,0.42063492063492064,0.3333333333333333,0.4,0.4,0.4,0.4,0.4,0.4,0.4,0.4,0.45,0.5,0.45,0.45,0.45,0.39285714285714285,0.39285714285714285,0.8999999999999999,0.8999999999999999,0.8999999999999999,0.3666666666666667,0.3666666666666667,0.3666666666666667,0.3666666666666667,0.3666666666666667,0.3666666666666667,0.3666666666666667,0.3666666666666667,0.3666666666666667,0.3666666666666667,0.3666666666666667,0.3666666666666667,0.5,0.5,0.45,0.45,0.45,0.45,0.45,0.45,0.45,0,0,0,0,0,0,0,0,0,0,0,0,0,0,0,0,0,0,0,0,0,0,0,0,0,0,0,0,0,0,0,0,0,0,0,0,0,0,0,0,0,0,0,0,0,0,0,0,0,0,0,0,0,0,0,0,0,0,0,0,0,0,0,0,0,0,0,0,0,0,0,0,0,0,0,0
0,0,0,0,0,0,0,0,0,0,0,0,0,0,0,0,0,0,0,0,0,0,0,0,0,0,0,0,0,0,0,0,0,0,0,0,0,0,0,0,0,0,0,0,0,0,0,0,0,0,0,0,0,0,0,0,0,0,0,0,0,0,0,0,0,0,0,0,0,0,0,0,0,0,0,0,0,0,0,0,0,0,0,0,0,0,0,0,0,0,0,0,0,0,0,0,0,0,0,0,0,0,0,0,0,0,0,0,0,0,0,0,0,0,0,0,0,0,0,0,0,0,0,0,0,0,0,0,0,0,0,0,0,0,0,0,0,0,0,0,0,0,0,0,0,0,0,0,0,0,0,0,0,0,0,0,0,0,0,0,0,0,0,0,0,0,0,0,0,0,0,0,0,0,0,0,0,0,0,0,0,0,0,0,0,0,0,0,0,0,0,0,0,0,0,0,0,0,0.6611111111111111,0.725,0.725,0.725,0.725,0.725,0.7325757575757575,0.5659090909090909,0.6039682539682539,0,0,0,0,0,0,0,0,0,0,0,0,0,0,0,0,0,0,0,0,0,0,0,0,0,0,0,0,0,0,0,0,0,0,0,0,0,0,0,0,0,0,0,0,0,0,0,0,0,0,0,0,0,0,0,0,0,0,0,0,0,0,0,0,0,0,0,0,0,0,0,0,0,0,0,0,0,0,0,0,0,0,0,0,0,0,0,0,0,0,0,0,0,0,0,0,0,0,0,0,0,0,0,0,0,0,0,0,0,0,0,0,0,0,0,0,0
0,0,0,0,0,0,0,0,0,0,0,0,0,0,0,0,0,0,0,0,0,0,0,0,0,0,0,0,0,0,0,0,0,0,0,0,0,0,0,0,0,0,0,0,0,0,0,0,0,0,0,0,0,0,0,0,0,0,0,0,0,0,0,0,0,0,0,0,0,0,0,0,0,0,0,0,0,0,0,0,0,0,0,0,0,0,0,0,0,0,0,0,0,0,0,0,0,0,0,0,0,0,0,0,0,2.6666666666666665,2.5,2.5,2.7,2.1666666666666665,2.1666666666666665,2.033333333333333,1.8761904761904762,1.7416666666666665,1.7416666666666665,1.9916666666666665,1.9916666666666665,1.6761904761904762,1.5357142857142858,1.5357142857142858,1.5357142857142858,0.75,0.75,0.75,0.6000000000000001,1.0357142857142856,1.003968253968254,1.003968253968254,0.8611111111111112,0.8611111111111112,0.875,0.875,0.875,0.875,1.075,1.125,1.125,1.125,1.125,1.0611111111111111,1.1444444444444444,1.3444444444444443,1.0944444444444443,1.0944444444444443,1.0611111111111111,1.0611111111111111,1.0611111111111111,1.0611111111111111,1.0611111111111111,0.9777777777777779,0.9916666666666667,0.9916666666666667,0.825,0.825,0.7583333333333333,0.7583333333333333,0.7353535353535352,0.6444444444444444,0.611111111111111,0.55,0.55,0.7166666666666666,0.8595238095238095,0.8595238095238096,0.8595238095238096,0.9666666666666666,1.0916666666666666,0.9777777777777776,0.9777777777777776,0.5968253968253968,0.7361111111111112,0.628968253968254,0.7777777777777778,0,0,0,0,0,0,0,0,0,0,0,0,0,0,0,0,0,0,0,0,0,0,0,0,0,0,0,0,0,0,0,0,0,0,0,0,0,0,0,0,0,0,0,0,0,0,0,0,0,0,0,0,0,0,0,0,0,0,0,0,0,0,0,0,0,0,0,0,0,0,0,0,0,0,0,0,0,0,0,0,0,0,0,0,0,0,0,0,0,0,0,0,0,0,0,0,0,0,0,0,0,0,0,0,0,0,0,0,0,0,0,0,0,0,0,0,0,0,0,0,0,0,0,0,0,0,0,0,0,0,0,0,0,0,0,0,0,0,0,0,0,0,0,0,0,0,0,0,0,0,0
0,0,0,0,0,0,0,0,0,0,0,0,0,0,0,0,0,0,0,0,0,0,0,0,0,0,0,0,0,0,0,0,0,0,0,0,0,0,0,0,0,0,0,0,0,0,0,0,0,0,0,0,0,0,0,0,0,0,0,0,0,0,0,0,0,0,0,0,0,0,0,0,0,0,0,0,0,0,0,0,0,0,0,0,0,0,0,0,0,0,0,0,0,0,0,0,0,0,0,0,0,0,0,0,0,0,0,0,0,0,0,0,0,0,0,0,0,0,0,0,0,0,0,0,0,0,0,0,0,0,0,0,0,0,0,0,0,0,0,0,0,0,0,0,0,0,0,0,0,0,0,0,0,0,0,0,0,0,0,0,0,0,0,0,0,0,0,0,0,0,0.7337662337662337,0.7337662337662337,0.7527777777777778,1.0123015873015873,0.9011904761904761,0.9011904761904761,0.9011904761904761,0.9011904761904761,0.7861111111111111,0.6825757575757576,0.6825757575757576,0.6825757575757576,0.6734848484848486,0.5825757575757575,0.6420995670995672,0.5511904761904762,0.5587662337662338,0.5587662337662338,0.5825757575757575,0.5825757575757575,0.5825757575757575,0.5825757575757575,0.736111111111111,0.7361111111111112,0.7270202020202021,0.7270202020202021,0.75,0.6936868686868687,0.6527777777777777,0.6527777777777778,0.5416666666666666,0.5416666666666666,0.5416666666666666,0.5416666666666666,0.5670995670995671,0.4004329004329005,0.4095238095238095,0.42063492063492064,0.3333333333333333,0.5666666666666667,0.5666666666666667,0.5666666666666667,0.5666666666666667,0.5666666666666667,0.5666666666666667,0.5666666666666667,0.5666666666666667,0.6166666666666667,0.7,0.65,0.65,0.65,0.5928571428571429,0.5928571428571429,0.3666666666666667,0.3666666666666667,0.3666666666666667,0.3666666666666667,0.3666666666666667,0.3666666666666667,0.3666666666666667,0.3666666666666667,0.3666666666666667,0.3666666666666667,0.3666666666666667,0.3666666666666667,0.3666666666666667,0.3666666666666667,0.3666666666666667,0.5,0.5,0.45,0.45,0.45,0.45,0.45,0.45,0.45,0.45,0.45,0.45,0.45,0.45,0.5,0.5,0.5,0.5,0.5,0.5,0.5,0.5,0.5,0.5,0.5,0.5,0.5,0.5,0.6666666666666666,0.6666666666666666,0.3333333333333333,0.3333333333333333,0.3333333333333333,0.3333333333333333,0.3333333333333333,0.3333333333333333,0.3333333333333333,0.3333333333333333,0.3333333333333333,0.3333333333333333,0.3333333333333333,0.3333333333333333,0.3333333333333333,0.3333333333333333,0.3333333333333333,0.3333333333333333,0.3333333333333333,0.3333333333333333,0.3333333333333333,0.3333333333333333,0.3333333333333333,0.3333333333333333,0.3333333333333333,0.3333333333333333,0.3333333333333333,0.3333333333333333,0.3333333333333333,0.3333333333333333,0.3333333333333333,0.3333333333333333,0.3333333333333333,0,0,0,0,0,0,0,0,0,0,0,0,0,0,0,0,0,0,0,0,0,0,0,0
0,0,0,0,0,0,0,0,0,0,0,0,0,0,0,0,0,0,0,0,0,0,0,0,0,0,0,0,0,0,0,0,0,0,0,0,0,0,0,0,0,0,0,0,0,0,0,0,0,0,0,0,0,0,0,0,0,0,0,0,0,0,0,0,0,0,0,0,0,0,0,0,0,0,0,0,0,0,0,0,0,0,0,0,0,0,0,0,0,0,0,0,0,0,0,0,0,0,0,0,0,0,0,0,0,0,0,0,0,0,0,0,1.9833333333333332,1.6666666666666665,1.6666666666666665,1.9166666666666665,1.9166666666666665,0.9166666666666665,0.8333333333333333,0,0,0,0,0,0,0,0,0,0,0,0,0,0,0,0,0,0,0,0,0,0,0,0,0,0,0,0,0,0,0,0,0,0,0,0,0,0,0,0,0,0,0,0,0,0,0,0,0,0,0,0,0,0,0,0,0,0,0,0,0,0,0,0,0,0,0,0,0,0,0,0,0,0,0,0,0,0,0,0,0,0,0,0,0,0,0,0,0,0,0,0,0,0,0,0,0,0,0,0,0,0,0,0,0,0,0,0,0,0,0,0,0,0,0,0,0,0,0,0,0,0,0,0,0,0,0,0,0,0,0,0,0,0,0,0,0,0,0,0,0,0,0,0,0,0,0,0,0,0,0,0,0,0,0,0,0,0,0,0,0,0,0,0,0,0,0,0,0,0,0,0,0,0,0,0,0,0,0,0,0,0,0,0,0,0,0,0,0,0,0,0,0,0,0,0,0,0,0,0,0,0,0,0,0
0,0,0,0,0,0,0,0,0,0,0,0,0,0,0,0,0,0,0,0,0,0,0,0,0,0,0,0,0,0,0,0,0,0,0,0,0,0,0,0,0,0,0,0,0,0,0,0,0,0,0,0,0,0,0,0,0,0,0,0,0,0,0,0,0,0,0,0,0,0,0,0,0,0,0,0,0,0,0,0,0,0,0,0,0,0,0,0,0,0,0,0,0,0,0,0,0,0,0,0,0,2.8666666666666667,2.6166666666666667,2.6166666666666667,3.066666666666667,2.783333333333333,2.6166666666666667,2.3666666666666667,2.3666666666666667,2.3666666666666667,2.3666666666666667,2.092857142857143,2.1928571428571426,1.8416666666666666,1.8416666666666666,1.8916666666666666,1.8916666666666666,1.892857142857143,1.769047619047619,1.519047619047619,1.519047619047619,1.176190476190476,1.176190476190476,1.176190476190476,1.1833333333333333,1.3190476190476188,0.9539682539682539,0.753968253968254,0.1111111111111111,0.1111111111111111,0.125,0.125,0.125,0.125,0.125,0.125,0.125,0.125,0.125,0.1111111111111111,0.1111111111111111,0.1111111111111111,0.1111111111111111,0.1111111111111111,0.1111111111111111,0.1111111111111111,0.1111111111111111,0.1111111111111111,0.1111111111111111,0.1111111111111111,0.125,0.125,0.125,0.125,0.1,0.1,0.09090909090909091,0,0,0,0,0,0,0,0,0,0,0,0,0,0,0,0,0,0,0,0,0,0,0,0,0,0,0,0,0,0,0,0,0,0,0,0,0,0,0,0,0,0,0,0,0,0,0,0,0,0,0,0,0,0,0,0,0,0,0,0,0,0,0,0,0,0,0,0,0,0,0,0,0,0,0,0,0,0,0,0,0,0,0,0,0,0,0,0,0,0,0,0,0,0,0,0,0,0,0,0,0,0,0,0,0,0,0,0,0,0,0,0,0,0,0,0,0,0,0,0,0,0,0,0,0,0,0,0,0,0,0,0,0,0,0,0,0,0,0,0,0,0,0,0,0,0,0,0,0,0,0,0,0,0,0,0,0,0,0,0,0,0,0,0,0,0,0
0,0,0,0,0,0,0,0,0,0,0,0,0,0,0,0,0,0,0,0,0,0,0,0,0,0,0,0,0,0,0,0,0,0,0,0,0,0,0,0,0,0,0,0,0,0,0,0,0,0,0,0,0,0,0,0,0,0,0,0,0,0,0,0,0,0,0,0,0,0,0,0,0,0,0,0,0,0,0,0,0,0,0,0,0,0,0,0,0,0,0,0,0,0,0,0,0,0,0,0,0,0,0,0,0,0,0,0,0,0,0,0,0,0,0,0,0,0,0,0,0,0,0,0,0,0,0,0,0,0,0,0,0,0,0,0,0,0,0,0,0,0,0,0,0,0,0,0,0,0,0,0,0,0,0,0,0,0,0,0,0,0,0,0,0,0,0,0,0,0.6714285714285713,0.4928571428571429,0.48376623376623373,0.5027777777777778,0.5345238095238094,0.5345238095238094,0.5345238095238094,0.5345238095238094,0.5345238095238094,0.5027777777777778,0.48257575757575755,0.48257575757575755,0.48257575757575755,0.4734848484848485,0.38257575757575757,0.46590909090909094,0.37499999999999994,0.35876623376623373,0.35876623376623373,0.35876623376623373,0.35876623376623373,0.35876623376623373,0.35876623376623373,0.3678571428571429,0.3678571428571429,0.2159090909090909,0.2159090909090909,0.225,0.2159090909090909,0.20833333333333331,0.20833333333333331,0.20833333333333331,0.20833333333333331,0.20833333333333331,0.3194444444444444,0,0,0,0,0,0,0,0,0,0,0,0,0,0,0,0,0,0,0,0,0,0,0,0,0,0,0,0,0,0,0,0,0,0,0,0,0,0,0,0,0,0,0,0,0,0,0,0,0,0,0,0,0,0,0,0,0,0,0,0,0,0,0,0,0,0,0,0,0,0,0,0,0,0,0,0,0,0,0,0,0,0,0,0,0,0,0,0,0,0,0,0,0,0,0,0,0,0,0,0,0,0,0,0,0,0,0,0,0,0,0,0,0,0,0,0,0,0,0,0
0,0,0,0,0,0,0,0,0,0,0,0,0,0,0,0,0,0,0,0,0,0,0,0,0,0,0,0,0,0,0,0,0,0,0,0,0,0,0,0,0,0,0,0,0,0,0,0,0,0,0,0,0,0,0,0,0,0,0,0,0,0,0,0,0,0,0,0,0,0,0,0,0,0,0,0,0,0,0,0,0,0,0,0,0,0,0,0,0,0,0,0,0,0,0,0,0,0,0,0,0,0,0,0,0,0,0,0,0,0,0,0,0,0,0,0,0,0,0,0,0,0,0,0,0,0,0,0,0,0,1.0595238095238093,1.0595238095238093,1.0595238095238093,1.0595238095238093,1.3095238095238095,1.2416666666666667,1.2416666666666667,1.2416666666666667,1.2416666666666667,1.2277777777777779,1.4277777777777778,1.4277777777777776,1.011111111111111,0.7611111111111111,0.711111111111111,0.711111111111111,0.711111111111111,0.961111111111111,0.961111111111111,0.9027777777777777,0.7833333333333333,0.7833333333333333,0.7833333333333333,0.7833333333333333,0.6694444444444445,0.6694444444444445,0.5877344877344878,0.49682539682539684,0.47896825396825393,0.46785714285714286,0.46785714285714286,0.46785714285714286,0.6107142857142857,0.4857142857142857,0.4857142857142857,0.5095238095238095,0.6345238095238095,0.5027777777777778,0.5317460317460317,0.4968253968253968,0.35396825396825393,0.3448773448773449,0.3916666666666666,0.37777777777777777,0.26666666666666666,0.7666666666666666,0.7666666666666666,0.7666666666666666,0.7666666666666666,0.5909090909090908,0.5909090909090908,0.5909090909090908,0.5075757575757576,0.5075757575757576,0.5909090909090909,0.49999999999999994,0.48376623376623373,0.48376623376623373,0.48376623376623373,0.48376623376623373,0.48376623376623373,0.48376623376623373,0.6039682539682539,0.603968253968254,0.402020202020202,0.402020202020202,0,0,0,0,0,0,0,0,0,0,0,0,0,0,0,0,0,0,0,0,0,0,0,0,0,0,0,0,0,0,0,0,0,0,0,0,0,0,0,0,0,0,0,0,0,0,0,0,0,0,0,0,0,0,0,0,0,0,0,0,0,0,0,0,0,0,0,0,0,0,0,0,0,0,0,0,0,0,0,0,0,0,0,0,0,0,0,0,0,0,0,0,0,0,0,0,0,0,0,0,0,0,0,0,0,0,0,0,0,0,0,0,0,0,0,0,0,0,0,0,0,0,0,0,0,0,0,0
0,0,0,0,0,0,0,0,0,0,0,0,0,0,0,0,0,0,0,0,0,0,0,0,0,0,0,0,0,0,0,0,0,0,0,0,0,0,0,0,0,0,0,0,0,0,0,0,0,0,0,0,0,0,0,0,0,0,0,0,0,0,0,0,0,0,0,0,0,0,0,0,0,0,0,0,0,0,0,0,0,0,0,0,0,0,0,0,0,0,0,0,0,0,0,0,0,0,0,0,0,0,0,0,0,0,0,0,0,0,0,0,0,0,0,0,0,0,0,0,0,0,0,0,0,0,0,0,0,0,0,0,0,0,0,0,0,0,0,0,0,0,0,0,0,0,0,0,0,0,0,0,0,0,0,0,0,0,0,0,0,0,0,0,0,0,0,0,0,0,0,0,0,0,0,0,0,0,0,0,0,0,0,0,0,0,0,0,0,0,0,0,0,0,0,0,0,0,0,0,0,0,0,0,0,0,0,0,0,0,0,0,0,0,0,0,0,0,0,0,0,0,0,0,0,0,0,0,0,0,0,0,0,0,0,0,0,0,0,0,0,0,0,0,0,0,0,0,0,0,0,0,0,0,0,0,0,0,0,0,0,0,0,0,0,0,0,0,0,0,0,0,0,0,0,0,0,0,0,0,0,0,0,0,0,0,0,0,0,0,0,0,0,0,0,0,0,0,0,0,0,0,0,0,0,0,0,0,0,0,0,0,0,0,0,0,0,0,0,0,0,0,0,0
0,0,0,0,0,0,0,0,0,0,0,0,0,0,0,0,0,0,0,0,0,0,0,0,0,0,0,0,0,0,0,0,0,0,0,0,0,0,0,0,0,0,0,0,0,0,0,0,0,0,0,0,0,0,0,0,0,0,0,0,0,0,0,0,0,0,0,0,0,0,0,0,0,0,0,0,1.1,0.8666666666666667,0.8666666666666667,1.3166666666666667,1.3166666666666667,1.3166666666666667,1.3166666666666667,1.2,1.5333333333333334,1.5333333333333332,1.3523809523809522,1.3523809523809522,0.41666666666666663,0.41666666666666663,0.41666666666666663,0.41666666666666663,0.41666666666666663,0.41666666666666663,0.41666666666666663,0.45,0.45,0.5833333333333333,0.5833333333333333,0.5833333333333333,0.5833333333333333,0.5,0,0,0,0,0,0,0,0,0,0,0,0,0,0,0,0,0,0,0,0,0,0,0,0,0,0,0,0,0,0,0,0,0,0,0,0,0,0,0,0,0,0,0,0,0,0,0,0,0,0,0,0,0,0,0,0,0,0,0,0,0,0,0,0,0,0,0,0,0,0,0,0,0,0,0,0,0,0,0,0,0,0,0,0,0,0,0,0,0,0,0,0,0,0,0,0,0,0,0,0,0,0,0,0,0,0,0,0,0,0,0,0,0,0,0,0,0,0,0,0,0,0,0,0,0,0,0,0,0,0,0,0,0,0,0,0,0,0,0,0,0,0,0,0,0,0,0,0,0,0,0,0,0,0,0,0,0,0,0,0,0,0,0,0,0,0,0,0,0,0,0,0,0,0,0,0,0,0,0,0,0,0,0,0,0,0,0,0,0,0,0,0,0,0,0,0,0,0,0,0,0,0,0,0,0,0,0,0,0,0,0,0,0,0,0,0,0,0,0,0,0,0
0,0,0,0,0,0,0,0,0,0,0,0,0,0,0,0,0,0,0,0,0,0,0,0,0,0,0,0,0,0,0,0,0,0,0,0,0,0,0,0,0,0,0,0,0,0,0,0,0,0,0,0,0,0,0,0,0,0,0,0,2.25,2.25,1.9833333333333332,1.9833333333333332,1.9833333333333332,2.2333333333333334,2.2333333333333334,2.433333333333333,2.2333333333333334,2.2333333333333334,3.6166666666666667,0.5833333333333333,0.45,0.45,0.45,0.5833333333333333,0.5833333333333333,0.5,0.5,0.25,0.25,0.25,0.25,0.25,0.25,0.25,0.25,0.25,0.3333333333333333,0.3333333333333333,0.3333333333333333,0.3333333333333333,0.3333333333333333,0.3333333333333333,0.3333333333333333,0.3333333333333333,0.3333333333333333,0.3333333333333333,0.3333333333333333,0.3333333333333333,0.3333333333333333,0.3333333333333333,0,0,0,0,0,0,0,0,0,0,0,0,0,0,0,0,0,0,0,0,0,0,0,0,0,0,0,0,0,0,0,0,0,0,0,0,0,0,0,0,0,0,0,0,0,0,0,0,0,0,0,0,0,0,0,0,0,0,0,0,0,0,0,0,0,0,0,0,0,0,0,0,0,0,0,0,0,0,0,0,0,0,0,0,0,0,0,0,0,0,0,0,0,0,0,0,0,0,0,0,0,0,0,0,0,0,0,0,0,0,0,0,0,0,0,0,0,0,0,0,0,0,0,0,0,0,0,0,0,0,0,0,0,0,0,0,0,0,0,0,0,0,0,0,0,0,0,0,0,0,0,0,0,0,0,0,0,0,0,0,0,0,0,0,0,0,0,0,0,0,0,0,0,0,0,0,0,0,0,0,0,0,0,0,0,0,0,0,0,0,0,0,0,0,0,0,0,0,0,0,0,0,0,0,0,0,0,0,0,0,0,0,0,0,0,0,0,0,0,0,0,0
0,0,0,0,0,0,0,0,0,0,0,0,0,0,0,0,0,0,0,0,0,0,0,0,0,0,0,0,0,0,0,0,0,0,0,0,0,0,0,0,0,0,0,0,0,0,0,0,0,0,0,0,0,0,0,0,0,0,0,0,0,0,0,0,0,0,0,0,0,0,0,0,0,0,0,0,0,0,0,0,0,0,0,0,0,0,0,0,0,0,0,0,0,0,0,0,0,0,0,0,0,0,0,0,0,0,0,0,0,0,0,0,0,0,0,0,0,0,1.7095238095238094,1.7095238095238094,1.7095238095238094,1.3428571428571427,1.3428571428571427,1.3428571428571427,1.2,1.3428571428571427,1.3706349206349207,1.1706349206349207,1.0595238095238095,1.0595238095238095,1.1845238095238093,1.1845238095238093,1.4345238095238093,1.4345238095238093,1.6845238095238093,1.7,1.7,1.7,1.7,1.65,1.4,1.4,0.9833333333333334,0.9833333333333334,0.8999999999999999,0.8999999999999999,0.8999999999999999,0.8999999999999999,0.8999999999999999,0.8333333333333333,1.0333333333333332,1.0333333333333332,0.8666666666666666,0.8666666666666666,0.7916666666666666,0.7916666666666666,0.7301587301587302,0.6190476190476191,0.6011904761904762,0.5178571428571428,0.5178571428571428,0.6845238095238095,0.8273809523809522,0.7023809523809523,0.7023809523809523,0,0,0,0,0,0,0,0,0,0,0,0,0,0,0,0,0,0,0,0,0,0,0,0,0,0,0,0,0,0,0,0,0,0,0,0,0,0,0,0,0,0,0,0,0,0,0,0,0,0,0,0,0,0,0,0,0,0,0,0,0,0,0,0,0,0,0,0,0,0,0,0,0,0,0,0,0,0,0,0,0,0,0,0,0,0,0,0,0,0,0,0,0,0,0,0,0,0,0,0,0,0,0,0,0,0,0,0,0,0,0,0,0,0,0,0,0,0,0,0,0,0,0,0,0,0,0,0,0,0,0,0,0,0,0,0,0,0,0,0,0,0,0,0,0,0,0,0,0,0,0,0,0,0,0,0,0,0,0
0,0,0,0,0,0,0,0,0,0,0,0,0,0,0,0,0,0,0,0,0,0,0,0,0,0,0,0,0,0,0,0,0,0,0,0,0,0,0,0,0,0,0,0,0,0,0,0,0,0,0,0,0,0,0,0,0,0,0,0,0,0,0,0,0,0,0,0,0,0,0,0,0,0,0,0,0,0,0,0,0,0,0,0,0,0,0,0,0,0,0,0,0,0,0,0,0,0,0,0,0,0,0,0,0,0,0,0,0,0,0,0,0,0,0,0,0,0,0,0,0,0,0,0,0,0,0,0,0,0,0,0,0,0,0,0,0,0,0,0,0,0,0,0,0.3666666666666667,0.3666666666666667,0.3666666666666667,0.3666666666666667,0.3666666666666667,0.625,0.625,0.625,0.4583333333333333,0.4583333333333333,0.40277777777777773,0.40277777777777773,0.35396825396825393,0.35396825396825393,0.35396825396825393,0.34285714285714286,0.34285714285714286,0.5095238095238095,0.5095238095238095,0.5095238095238095,0.5095238095238095,0.5095238095238095,0.6345238095238095,0.5027777777777778,0.5317460317460317,0.4968253968253968,0.47896825396825393,0.4698773448773449,0.5166666666666666,0.5206349206349206,0.4095238095238095,0.4095238095238095,0.4095238095238095,0.4095238095238095,0.39166666666666666,0.38257575757575757,0.38257575757575757,0.38257575757575757,0.38257575757575757,0.38257575757575757,0.46590909090909094,0.20833333333333331,0.125,0.125,0.125,0.125,0.125,0.125,0.125,0.125,0.125,0.125,0.125,0.125,0.125,0.125,0.125,0.125,0.125,0.125,0.14285714285714285,0.14285714285714285,0.14285714285714285,0.14285714285714285,0.16666666666666666,0.2,0.2,0.2,0.2,0.2,0.2,0.2,0.2,0.2,0.25,0.2,0.2,0.2,0,0,0,0,0,0,0,0,0,0,0,0,0,0,0,0,0,0,0,0,0,0,0,0,0,0,0,0,0,0,0,0,0,0,0,0,0,0,0,0,0,0,0,0,0,0,0,0,0,0,0,0,0,0,0,0,0,0,0,0,0,0,0,0,0,0,0,0,0,0,0,0,0,0,0,0,0,0,0,0,0,0,0,0,0,0,0,0,0,0,0,0,0,0,0,0,0,0,0,0,0,0
0,0,0,0,0,0,0,0,0,0,0,0,0,0,0,0,0,0,0,0,0,0,0,0,0,0,0,0,0,0,0,0,0,0,0,0,0,0,0,0,0,0,0,0,0,0,0,0,0,0,0,0,0,0,0,0,0,0,0,0,0,0,0,0,0,0,0,0,0,0,0,0,0,0,0,0,0,0,0,0,0,0,0,0,0,0,0,0,0,0,0,0,0,0,0,0,0,0,0,0,0,0,0,0,0,0,0,0,0,0,0,0,0,0,0,0,0,0,0,0,0,0,0,0,1.7499999999999998,0,0,0,0,0,0,0,0,0,0,0,0,0,0,0,0,0,0,0,0,0,0,0,0,0,0,0,0,0,0,0,0,0,0,0,0,0,0,0,0,0,0,0,0,0,0,0,0,0,0,0,0,0,0,0,0,0,0,0,0,0,0,0,0,0,0,0,0,0,0,0,0,0,0,0,0,0,0,0,0,0,0,0,0,0,0,0,0,0,0,0,0,0,0,0,0,0,0,0,0,0,0,0,0,0,0,0,0,0,0,0,0,0,0,0,0,0,0,0,0,0,0,0,0,0,0,0,0,0,0,0,0,0,0,0,0,0,0,0,0,0,0,0,0,0,0,0,0,0,0,0,0,0,0,0,0,0,0,0,0,0,0,0,0,0,0,0,0,0,0,0,0,0,0,0,0,0,0,0,0,0,0,0,0,0,0,0,0,0,0,0,0,0,0,0,0,0,0,0
0,0,0,0,0,0,0,0,0,0,0,0,0,0,0,0,0,0,0,0,0,0,0,0,0,0,0,0,0,0,0,0,0,0,0,0,0,0,0,0,0,0,0,0,0,0,0,0,0,0,0,0,0,0,0,0,0,0,0,0,0,0,0,0,0,0,0,0,0,0,0,0,0,0,0,0,0,0,0,0,0,0,0,0,0,0,0,0,0,0,0,0,0,0,0,0,0,0,0,0,0,0,0,0,0,0,0,0,0,0,0,0,0,0,0,0,0,0,0,0,0,0,0,0,0,0,0,0,0,0,0,0,0,0,0,0,0,0,0,0,0,0,0,0,0,0,0,0,0,0,0,0,0,0,0,0,0,0,0,0,0,0,0,0,0,0,0,0,0,0,0,0,0,0,0,0,0,0,0,0,0,0,0,0,0,0,0,0,0,0,0,0,0,0,0,0,0,0.3686868686868687,0.3611111111111111,0.3611111111111111,0.25,0.25,0.25,0.3611111111111111,0.38257575757575757,0.38257575757575757,0.4095238095238095,0.5873015873015872,0.47619047619047616,0.5095238095238095,0.5095238095238095,0.5333333333333333,0.5333333333333333,0.5666666666666667,0.5666666666666667,0.3666666666666667,0.3666666666666667,0.41666666666666663,0.41666666666666663,0.41666666666666663,0.41666666666666663,0.41666666666666663,0.5595238095238095,0.5595238095238095,0.7,0.5333333333333333,0.5333333333333333,0.5833333333333333,0.5833333333333333,0.5833333333333333,0.25,0.41666666666666663,0.41666666666666663,0.41666666666666663,0.41666666666666663,0.41666666666666663,0.41666666666666663,0.41666666666666663,0.41666666666666663,0.75,0.75,0.5833333333333333,0.5833333333333333,0.5833333333333333,0.5833333333333333,0.5833333333333333,0.5833333333333333,0.5833333333333333,0,0,0,0,0,0,0,0,0,0,0,0,0,0,0,0,0,0,0,0,0,0,0,0,0,0,0,0,0,0,0,0,0,0,0,0,0,0,0,0,0,0,0,0,0,0,0,0,0,0,0,0,0,0,0,0,0,0,0,0,0,0,0,0,0,0,0,0,0,0,0,0,0,0,0,0
0,0,0,0,0,0,0,0,0,0,0,0,0,0,0,0,0,0,0,0,0,0,0,0,0,0,0,0,0,0,0,0,0,0,0,0,0,0,0,0,0,0,0,0,0,0,0,0,0,0,0,0,0,0,0,0,0,0,0,0,0,0,0,0,0,0,0,0,0,0,0,0,0,0,0,0,0,0,0,0,0,0,0,0,0,0,1.9119047619047616,1.9119047619047616,1.8595238095238096,1.8595238095238096,1.8595238095238096,1.8595238095238096,1.8595238095238096,1.8595238095238096,1.8595238095238096,2.283333333333333,2.55,0.2,0,0,0,0,0,0,0,0,0,0,0,0,0,0,0,0,0,0,0,0,0,0,0,0,0,0,0,0,0,0,0,0,0,0,0,0,0,0,0,0,0,0,0,0,0,0,0,0,0,0,0,0,0,0,0,0,0,0,0,0,0,0,0,0,0,0,0,0,0,0,0,0,0,0,0,0,0,0,0,0,0,0,0,0,0,0,0,0,0,0,0,0,0,0,0,0,0,0,0,0,0,0,0,0,0,0,0,0,0,0,0,0,0,0,0,0,0,0,0,0,0,0,0,0,0,0,0,0,0,0,0,0,0,0,0,0,0,0,0,0,0,0,0,0,0,0,0,0,0,0,0,0,0,0,0,0,0,0,0,0,0,0,0,0,0,0,0,0,0,0,0,0,0,0,0,0,0,0,0,0,0,0,0,0,0,0,0,0,0,0,0,0,0,0,0,0,0,0,0,0,0,0,0,0,0,0,0,0,0,0,0,0,0,0,0,0,0,0,0,0,0,0,0,0,0,0
0,0,0,0,0,0,0,0,0,0,0,0,0,0,0,0,0,0,0,0,0,0,0,0,0,0,0,0,0,0,0,0,0,0,0,0,0,0,0,0,0,0,0,0,0,0,0,0,0,0,0,0,0,0,0,0,0,0,0,0,0,0,0,0,0,0,0,0,0,0,0,0,0,0,0,0,0,0,0,0,0,0,0,0,0,0,0,0,0,0,0,0,0,0,0,0,0,0,0,0,0,0,0,0,0,0,0,0,0,0,0,0,0,0,0,0,0,0,0,0,0,0,0,0,0,0,0,0,0,0,0,0,0,0,0,0,0,0,0,0,0,0,0,0,0,0,0,0,0,0.9027777777777777,0.95,0.95,0.95,0.95,0.836111111111111,0.836111111111111,0.7544011544011544,0.6634920634920635,0.6456349206349206,0.6345238095238095,0.6345238095238095,0.6345238095238095,0.6345238095238095,0.5095238095238095,0.5095238095238095,0.4095238095238095,0.4095238095238095,0.3916666666666666,0.3111111111111111,0.24285714285714285,0.225,0.4159090909090909,0.4111111111111111,0.42500000000000004,0.42500000000000004,0.42500000000000004,0.42500000000000004,0.42500000000000004,0.37777777777777777,0.33376623376623377,0.33376623376623377,0.33376623376623377,0.3246753246753247,0.23376623376623376,0.22619047619047616,0.30952380952380953,0.26785714285714285,0.26785714285714285,0.26785714285714285,0.26785714285714285,0.26785714285714285,0.26785714285714285,0.26785714285714285,0.26785714285714285,0.2361111111111111,0.2361111111111111,0.2361111111111111,0.2361111111111111,0.2111111111111111,0.225,0.225,0.225,0.225,0.225,0.225,0.225,0.25396825396825395,0.29166666666666663,0.30952380952380953,0.34285714285714286,0.34285714285714286,0.41666666666666663,0.41666666666666663,0.41666666666666663,0.41666666666666663,0.41666666666666663,0.41666666666666663,0.5333333333333333,0.5833333333333333,0.5833333333333333,0.5833333333333333,0.5833333333333333,0.5833333333333333,0.5833333333333333,0.6666666666666666,0.6666666666666666,0.6666666666666666,0.6666666666666666,0.6666666666666666,0.6666666666666666,0.6666666666666666,0.3333333333333333,0.3333333333333333,0,0,0,0,0,0,0,0,0,0,0,0,0,0,0,0,0,0,0,0,0,0,0,0,0,0,0,0,0,0,0,0,0,0,0,0,0,0,0,0,0,0,0,0,0,0,0,0,0,0,0,0,0,0,0,0,0,0,0,0,0,0,0,0,0,0,0,0,0,0,0,0,0,0,0,0,0,0,0,0,0,0,0,0,0,0,0,0,0,0,0
0,0,0,0,0,0,0,0,0,0,0,0,0,0,0,0,0,0,0,0,0,0,0,0,0,0,0,0,0,0,0,0,0,0,0,0,0,0,0,0,0,0,0,0,0,0,0,0,0,0,0,0,0,0,0,0,0,0,0,0,0,0,0,0,0,0,0,0,0,0,0,0,0,0,0,0,0,0,0,0,0,0,0,2.6166666666666663,2.283333333333333,2.283333333333333,2.0785714285714283,2.0785714285714283,2.276190476190476,2.276190476190476,2.276190476190476,2.276190476190476,2.276190476190476,2.276190476190476,2.276190476190476,2.25,2.5999999999999996,2.2666666666666666,2.0666666666666664,2.0666666666666664,2.0666666666666664,2.033333333333333,2.033333333333333,2.033333333333333,2.283333333333333,2.25,2.083333333333333,1.5833333333333333,1.7833333333333332,1.5833333333333333,1.3333333333333333,1.1761904761904762,1.1761904761904762,1.1083333333333332,1.1083333333333332,1.3583333333333332,1.3583333333333332,1.5095238095238095,1.4261904761904762,1.4261904761904762,1.4261904761904762,0.5833333333333333,0.5833333333333333,0.5833333333333333,0.5833333333333333,0.7261904761904762,0.4444444444444444,0.4444444444444444,0.4206349206349206,0.4206349206349206,0.39285714285714285,0.39285714285714285,0.39285714285714285,0.39285714285714285,0.5928571428571429,0.5416666666666666,0.5416666666666666,0.5416666666666666,0.5416666666666666,0.5277777777777778,0.5277777777777778,0.7277777777777779,0.5611111111111111,0.5611111111111111,0.5611111111111111,0.5611111111111111,0.5611111111111111,0.1111111111111111,0.1111111111111111,0.1111111111111111,0.125,0.125,0.125,0.125,0.1,0.1,0.09090909090909091,0,0,0,0,0,0,0,0,0,0,0,0,0,0,0,0,0,0,0,0,0,0,0,0,0,0,0,0,0,0,0,0,0,0,0,0,0,0,0,0,0,0,0,0,0,0,0,0,0,0,0,0,0,0,0,0,0,0,0,0,0,0,0,0,0,0,0,0,0,0,0,0,0,0,0,0,0,0,0,0,0,0,0,0,0,0,0,0,0,0,0,0,0,0,0,0,0,0,0,0,0,0,0,0,0,0,0,0,0,0,0,0,0,0,0,0,0,0,0,0,0,0,0,0,0,0,0,0,0,0,0,0,0,0,0,0,0,0,0,0,0,0,0,0,0,0,0,0,0,0,0,0,0,0,0,0,0,0,0,0,0,0,0,0,0,0,0
0,0,0,0,0,0,0,0,0,0,0,0,0,0,0,0,0,0,0,0,0,0,0,0,0,0,0,0,0,0,0,0,0,0,0,0,0,0,0,0,0,0,0,0,0,0,0,0,0,0,0,0,0,0,0,0,0,0,0,0,0,0,0,0,0,0,0,0,0,0,0,0,0,0,0,0,0,0,0,0,0,0,0,0,0,0,0,0,0,0,0,0,0,0,0,0,0,0,0,0,0,0,0,0,0,0,0,0,0,0,0,0,0,0,0,0,0,0,0,0,0,0,0,0,0,0,0,0,0,0,0,0,0,0,0,0,0,0,0,0,0,0,0,0,0,0,0,0,0,0,0,0,0,0,0,0,0,0,0,0,0,0,0,0,0,0,0,0,0,0,0,0,0,0,0,0,0,0,0,0,0,0,0,0,0,0,0,0,0,0,0,0,0,0,0,0,0,0,0,0,0,0,0,0,0,0,0,0,0,0,0,0,0,0,0,0,0,0,0,0,0,0,0,0,0,0,0,0,0,0,0,0,0,0,0,0,0,0,0,0,0,0,0,0,0,0,0,0,0,0,0,0.65,0.65,0.7,0.95,0.95,0.95,0.95,0.95,0.95,0.95,0.95,1.7833333333333332,1.9166666666666665,1.9166666666666665,1.9166666666666665,1.9166666666666665,2.5,2.5,2.1666666666666665,2.1666666666666665,2.1666666666666665,2.1666666666666665,2.1666666666666665,2.1666666666666665,2.1666666666666665,2.1666666666666665,1.6666666666666665,1.6666666666666665,1.6666666666666665,1.6666666666666665,1.6666666666666665,1.6666666666666665,1.6666666666666665,1.6666666666666665,1.6666666666666665,1.6666666666666665,1.6666666666666665,1.6666666666666665,1.6666666666666665,2.1666666666666665,2.1666666666666665,2.1666666666666665,2.1666666666666665,2.1666666666666665,2.1666666666666665,1.1666666666666665,1.1666666666666665,1.1666666666666665,1.1666666666666665,0.3333333333333333,0.3333333333333333,0.3333333333333333,0.3333333333333333,0.3333333333333333,0.3333333333333333,0.3333333333333333,0.3333333333333333,0.3333333333333333,0.3333333333333333,0.3333333333333333,0.3333333333333333,0.3333333333333333,0.3333333333333333,0.3333333333333333,0.3333333333333333,0.3333333333333333,0,0,0,0,0,0,0
0,0,0,0,0,0,0,0,0,0,0,0,0,0,0,0,0,0,0,0,0,0,0,0,0,0,0,0,0,0,0,0,0,0,0.3333333333333333,0.3333333333333333,0.3333333333333333,0.3333333333333333,0.3333333333333333,0.6666666666666666,0.6666666666666666,0.8666666666666667,0.8666666666666667,0.8666666666666667,0.8666666666666667,0.8666666666666667,0.8666666666666667,0.8666666666666667,1.2,1.5833333333333333,1.5833333333333333,0.3333333333333333,0.3333333333333333,0.3333333333333333,0.3333333333333333,0.3333333333333333,0.3333333333333333,0.3333333333333333,0.3333333333333333,0.3333333333333333,0.25,0.25,0.25,0.25,0.25,0.25,0.25,0.25,0.25,0.25,0.2,0,0,0,0,0,0,0,0,0,0,0,0,0,0,0,0,0,0,0,0,0,0,0,0,0,0,0,0,0,0,0,0,0,0,0,0,0,0,0,0,0,0,0,0,0,0,0,0,0,0,0,0,0,0,0,0,0,0,0,0,0,0,0,0,0,0,0,0,0,0,0,0,0,0,0,0,0,0,0,0,0,0,0,0,0,0,0,0,0,0,0,0,0,0,0,0,0,0,0,0,0,0,0,0,0,0,0,0,0,0,0,0,0,0,0,0,0,0,0,0,0,0,0,0,0,0,0,0,0,0,0,0,0,0,0,0,0,0,0,0,0,0,0,0,0,0,0,0,0,0,0,0,0,0,0,0,0,0,0,0,0,0,0,0,0,0,0,0,0,0,0,0,0,0,0,0,0,0,0,0,0,0,0,0,0,0,0,0,0,0,0,0,0,0,0,0,0,0,0,0,0,0,0,0,0,0,0,0,0,0,0,0,0,0,0,0,0,0,0,0,0,0,0,0,0,0,0,0,0,0,0,0,0,0,0,0,0,0,0,0,0,0,0,0,0,0,0,0,0,0,0,0,0
0,0,0,0,0,0,0,0,0,0,0,0,0,0,0,0,0,0,0,0,0,0,0,0,0,0,0,0,0,0,0,0,0,0,0,0,0,0,0,0,0,0,0,0,0,0,0,0,0,0,0,0,0,0,0,0,0,0,0,0,0,0,0,0,0,0,0,0,0,0,0,0,3.6833333333333336,3.6833333333333336,3.8833333333333337,0,0,0,0,0,0,0,0,0,0,0,0,0,0,0,0,0,0,0,0,0,0,0,0,0,0,0,0,0,0,0,0,0,0,0,0,0,0,0,0,0,0,0,0,0,0,0,0,0,0,0,0,0,0,0,0,0,0,0,0,0,0,0,0,0,0,0,0,0,0,0,0,0,0,0,0,0,0,0,0,0,0,0,0,0,0,0,0,0,0,0,0,0,0,0,0,0,0,0,0,0,0,0,0,0,0,0,0,0,0,0,0,0,0,0,0,0,0,0,0,0,0,0,0,0,0,0,0,0,0,0,0,0,0,0,0,0,0,0,0,0,0,0,0,0,0,0,0,0,0,0,0,0,0,0,0,0,0,0,0,0,0,0,0,0,0,0,0,0,0,0,0,0,0,0,0,0,0,0,0,0,0,0,0,0,0,0,0,0,0,0,0,0,0,0,0,0,0,0,0,0,0,0,0,0,0,0,0,0,0,0,0,0,0,0,0,0,0,0,0,0,0,0,0,0,0,0,0,0,0,0,0,0,0,0,0,0,0,0,0,0,0,0,0,0,0,0,0,0
0,0,0,0,0,0,0,0,0,0,0,0,0,0,0,0,0,0,0,0,0,0,0,0,0,0,0,0,0,0,0,0,0,0,0,0,0,0,0,0,0,0.2,0.2,0.2,0.2,0.2,0.2,0.2,0.2,0.25,0.25,0.6666666666666666,0.3333333333333333,0.3333333333333333,0.3333333333333333,0.6666666666666666,1.1666666666666665,1.1666666666666665,1.1666666666666665,1.5,1.3333333333333333,1.3333333333333333,1.2333333333333334,1.2333333333333334,1.2333333333333334,1.4833333333333332,1.8166666666666667,2.0166666666666666,1.8166666666666664,1.8166666666666664,2.95,2.333333333333333,1.9333333333333331,1.9333333333333331,2.133333333333333,2.583333333333333,2.2666666666666666,1.9,1.9,1.9,1.9,1.9,1.9,1.7833333333333334,2.116666666666667,2.1166666666666667,1.8523809523809522,1.8523809523809522,2.0928571428571425,2.5928571428571425,2.5928571428571425,2.5928571428571425,2.5928571428571425,2.5928571428571425,2.5928571428571425,3.9499999999999997,3.7166666666666663,3.916666666666667,3.716666666666667,3.716666666666667,3.716666666666667,3.783333333333333,3.283333333333333,3.283333333333333,3.4833333333333334,2.9500000000000006,2.7833333333333337,2.5333333333333337,2.733333333333334,2.4,2.6500000000000004,2.5095238095238095,0.7,0.75,0.75,0.75,0.75,0.5833333333333333,0.5833333333333333,0.3333333333333333,0.3333333333333333,0.3333333333333333,0.3333333333333333,0.3333333333333333,0.25,0.3333333333333333,0.3333333333333333,0.3333333333333333,0.3333333333333333,0.3333333333333333,0.25,0.25,0.25,0.25,0.25,0.25,0.25,0.25,0.25,0.25,0.25,0.25,0.25,0,0,0,0,0,0,0,0,0,0,0,0,0,0,0,0,0,0,0,0,0,0,0,0,0,0,0,0,0,0,0,0,0,0,0,0,0,0,0,0,0,0,0,0,0,0,0,0,0,0,0,0,0,0,0,0,0,0,0,0,0,0,0,0,0,0,0,0,0,0,0,0,0,0,0,0,0,0,0,0,0,0,0,0,0,0,0,0,0,0,0,0,0,0,0,0,0,0,0,0,0,0,0,0,0,0,0,0,0,0,0,0,0,0,0,0,0,0,0,0,0,0,0,0,0,0,0,0,0,0,0,0,0,0,0,0,0,0,0,0,0,0,0,0,0,0,0,0,0,0,0,0,0,0,0,0,0,0,0,0,0,0,0,0,0,0,0,0,0,0,0,0,0,0,0,0,0,0,0,0,0
0,0,0,0,0,0,0,0,0,0,0,0,0,0,0,0,0,0,0,0,0,0,0,0,0,0,0,0,0,0,0,0,0,0,0,0,0,0,0,0,0,0,0,0,0,0,0,0,0,0,0,0,0,0,0,0,0,0,0,0,0,0,0,0,0,0,0,0,0,0,0,0,0,0,0,0,0,0,0,0,0,0,0,0,0,0,0,0,0,0,0,0,0,0,0,0,0,0,0,0,0,0,0,0,0,0,0,0,0,0,0,0,0,0,0,0,0,0,0,0,0,0,0,0,0,0,0,0,0,0,0,0,0,0,0,0,0,0,0,0.3111111111111111,0.5111111111111111,0.711111111111111,0.711111111111111,0.711111111111111,0.6777777777777778,0.6777777777777778,0.6777777777777778,0.6777777777777778,0.6777777777777778,0.7694444444444444,0.7833333333333332,0.7833333333333332,0.6166666666666667,0.6166666666666667,0.5777777777777777,0.5777777777777777,0.5575757575757576,0.4666666666666667,0.43333333333333335,0.26666666666666666,0.26666666666666666,0.26666666666666666,0.26666666666666666,0.26666666666666666,0.26666666666666666,0.43333333333333335,0.43333333333333335,0.43333333333333335,0.47777777777777775,0.3857142857142857,0.35,0.5409090909090909,0.5361111111111112,0.5678571428571428,0.5678571428571428,0.5678571428571428,0.5678571428571428,0.5678571428571428,0.5027777777777778,0.45876623376623377,0.45876623376623377,0.45876623376623377,0.4496753246753247,0.2159090909090909,0.20833333333333331,0.125,0.125,0.125,0.125,0.125,0.125,0.125,0.25,0.25,0.2361111111111111,0.2361111111111111,0.2361111111111111,0.2361111111111111,0.225,0.225,0.225,0.225,0.225,0.225,0.24285714285714285,0.24285714285714285,0.45396825396825397,0.46785714285714286,0,0,0,0,0,0,0,0,0,0,0,0,0,0,0,0,0,0,0,0,0,0,0,0,0,0,0,0,0,0,0,0,0,0,0,0,0,0,0,0,0,0,0,0,0,0,0,0,0,0,0,0,0,0,0,0,0,0,0,0,0,0,0,0,0,0,0,0,0,0,0,0,0,0,0,0,0,0,0,0,0,0,0,0,0,0,0,0,0,0,0,0,0,0,0,0,0,0,0,0,0,0,0,0,0,0,0,0,0,0,0,0,0,0,0,0
0,0,0,0,0,0,0,0,0,0,0,0,0,0,0,0,0,0,0,0,0,0,0,0,0,0,0,0,0,0,0,0,0,0,0,0,0,0,0,0,0,0,0,0,0,0,0,0,0,0,0,0,0,0,0,0,0,0,0,0,0,0,0,0,0,0,0,0,0,0,0,0,0,0,0,0,0,0,0,0,0,0,0,0,0,0,0,0,0,0,0,0,0,0,0,0,0,0,0,0,0,0,0,0,0,0,0,0,0,0,0,2.0428571428571427,1.8928571428571428,1.775,1.775,1.775,1.775,0,0,0,0,0,0,0,0,0,0,0,0,0,0,0,0,0,0,0,0,0,0,0,0,0,0,0,0,0,0,0,0,0,0,0,0,0,0,0,0,0,0,0,0,0,0,0,0,0,0,0,0,0,0,0,0,0,0,0,0,0,0,0,0,0,0,0,0,0,0,0,0,0,0,0,0,0,0,0,0,0,0,0,0,0,0,0,0,0,0,0,0,0,0,0,0,0,0,0,0,0,0,0,0,0,0,0,0,0,0,0,0,0,0,0,0,0,0,0,0,0,0,0,0,0,0,0,0,0,0,0,0,0,0,0,0,0,0,0,0,0,0,0,0,0,0,0,0,0,0,0,0,0,0,0,0,0,0,0,0,0,0,0,0,0,0,0,0,0,0,0,0,0,0,0,0,0,0,0,0,0,0,0,0,0,0,0,0,0,0,0,0,0,0,0,0,0,0,0,0,0,0,0,0,0,0,0
0,0,0,0,0,0,0,0,0,0,0,0,0,0,0,0,0,0,0,0,0,0,0,0,0,0,0,0,0,0,0,0,0,0,0,0,0,0,0,0,0,0,0,0,0,0,0,0,0,0,0,0,0,0,0,0,0,0,0,0,0,0,0,0,0,0,0,0,0,0,0,0,0,0,0,0,0,0,0,0,0,0,0,0,0,0,0,0,0,0,0,0,0,0,0,0,0,0,0,0,0,0,0,0,0,0,0,0,0,0,0,0,0,0,0,0,0,0,0,0,0,0,0,0,0,0,0,0,0,0,0,0,0,0,0,0,0,0,0,0,0,0,0,0,0,0,0,0,0,0,0,0,0,0,0,0,0,0,0.4027777777777778,0.42500000000000004,0.42500000000000004,0.42500000000000004,0.5678571428571428,0.4428571428571429,0.4428571428571429,0.4666666666666667,0.5916666666666667,0.47777777777777775,0.47777777777777775,0.45396825396825397,0.2777777777777778,0.25396825396825395,0.29166666666666663,0.3111111111111111,0.2,0.2,0.2,0.2,0.2,0.16666666666666666,0.16666666666666666,0.16666666666666666,0.16666666666666666,0.16666666666666666,0.14285714285714285,0.14285714285714285,0.14285714285714285,0.14285714285714285,0,0,0,0,0,0,0,0,0,0,0,0,0,0,0,0,0,0,0,0,0,0,0,0,0,0,0,0,0,0,0,0,0,0,0,0,0,0,0,0,0,0,0,0,0,0,0,0,0,0,0,0,0,0,0,0,0,0,0,0,0,0,0,0,0,0,0,0,0,0,0,0,0,0,0,0,0,0,0,0,0,0,0,0,0,0,0,0,0,0,0,0,0,0,0,0,0,0,0,0,0,0,0,0,0,0,0,0,0,0,0,0,0,0,0,0,0,0,0,0,0,0,0,0,0,0,0,0,0,0,0,0,0,0,0,0
0,0,0,0,0,0,0,0,0,0,0,0,0,0,0,0,0,0,0,0,0,0,0,0,0,0,0,0,0,0,0,0,0,0,0,0,0,0,0,0,0,0,0,0,0,0,0,0,0,0,0,0,0,0,0,0,0,0,0,0,0,0,0,0,0,0,0,0,0,0,0,0,0,0,0,0,0,0,0,0,0,0,0,0,0,0,0,0,0,0,0,0,0,0,0,0,0,0,0,0,0,0,0,0,0,0,0,0,0,0,0,0,0,0,0,0,0,0,0,0,0,0,0,0,0,0,0,0,0,0,0,0,0,0,0,0,0,0,0,0,0,0,0,0,0,0,0,0,0,0,0,0,0,0,0,0,0,0,0,0,0,0,0,0,0,0,0,0,0,0,0,0,0,0,0,0,0,0,0,0,0,0,0,0,0.4599567099567099,0.369047619047619,0.35876623376623373,0.35876623376623373,0.38257575757575757,0.38257575757575757,0.38257575757575757,0.38257575757575757,0,0,0,0,0,0,0,0,0,0,0,0,0,0,0,0,0,0,0,0,0,0,0,0,0,0,0,0,0,0,0,0,0,0,0,0,0,0,0,0,0,0,0,0,0,0,0,0,0,0,0,0,0,0,0,0,0,0,0,0,0,0,0,0,0,0,0,0,0,0,0,0,0,0,0,0,0,0,0,0,0,0,0,0,0,0,0,0,0,0,0,0,0,0,0,0,0,0,0,0,0,0,0,0,0,0,0,0,0,0,0,0,0,0,0,0,0,0,0,0,0,0,0,0,0,0,0,0,0,0,0,0
0,0,0,0,0,0,0,0,0,0,0,0,0,0,0,0,0,0.5,0.5,0.5,0.5,0.5,0.5,1.0,1.0,1.0,1.0,1.0,1.0,1.0,1.0,0.5,0.5,0.5,0.5,0.5,0.5,0.5,0.5,0.8333333333333333,0.8333333333333333,1.0333333333333332,1.0333333333333332,1.0333333333333332,1.0333333333333332,1.0333333333333332,1.0333333333333332,1.0333333333333332,1.0333333333333332,1.0833333333333333,1.0833333333333333,1.4999999999999998,1.1666666666666665,1.1666666666666665,1.6666666666666665,1.9999999999999998,2.5,2.5,2.5,2.833333333333333,2.5833333333333335,2.5833333333333335,2.4833333333333334,2.4833333333333334,2.4833333333333334,2.9833333333333334,2.9833333333333334,3.183333333333333,2.9833333333333334,2.9833333333333334,0,0,0,0,0,0,0,0,0,0,0,0,0,0,0,0,0,0,0,0,0,0,0,0,0,0,0,0,0,0,0,0,0,0,0,0,0,0,0,0,0,0,0,0,0,0,0,0,0,0,0,0,0,0,0,0,0,0,0,0,0,0,0,0,0,0,0,0,0,0,0,0,0,0,0,0,0,0,0,0,0,0,0,0,0,0,0,0,0,0,0,0,0,0,0,0,0,0,0,0,0,0,0,0,0,0,0,0,0,0,0,0,0,0,0,0,0,0,0,0,0,0,0,0,0,0,0,0,0,0,0,0,0,0,0,0,0,0,0,0,0,0,0,0,0,0,0,0,0,0,0,0,0,0,0,0,0,0,0,0,0,0,0,0,0,0,0,0,0,0,0,0,0,0,0,0,0,0,0,0,0,0,0,0,0,0,0,0,0,0,0,0,0,0,0,0,0,0,0,0,0,0,0,0,0,0,0,0,0,0,0,0,0,0,0,0,0,0,0,0,0,0,0,0,0,0,0,0,0,0,0,0,0,0,0,0,0,0,0,0,0,0,0,0,0,0,0,0,0,0,0,0,0,0
0,0,0,0,0,0,0,0,0,0,0,0,0,0,0,0,0,0,0,0,0,0,0,0,0,0,0,0,0,0,0,0,0,0,0,0,0,0,0,0,0,0,0,0,0,0,0,0,0,0,0,0,0,0,0,0,0,0,0,0,0,0,0,0,0,0,0,0,0,0,0,0,0,0,0,0,0,0,0,0,0,0,0,0,0,0,0,0,0,0,0,0,0,0,0,0,0,0,0,0,0,0,0,0,0,0,0,0,0,0,0,0,0,0,0,0,0,0,0,0,0,0,0,0,0,0,0,0,0,0,0,0,0,0,0,0,0,0,0,0,0,0,0,0,0,0,0,0,0,0,0,0,0,0,0.5027777777777778,0.5027777777777778,0.4686868686868687,0.37777777777777777,0.37777777777777777,0.3666666666666667,0.3666666666666667,0.3666666666666667,0.5095238095238095,0.5095238095238095,0.5095238095238095,0.5333333333333333,0.6583333333333333,0.5444444444444444,0.5888888888888889,0.4968253968253968,0.33611111111111114,0.327020202020202,0.33611111111111114,0.33611111111111114,0.225,0.225,0.225,0.225,0.2111111111111111,0.19090909090909092,0.19090909090909092,0.19090909090909092,0.18181818181818182,0.09090909090909091,0.17424242424242425,0.08333333333333333,0.09090909090909091,0.09090909090909091,0.09090909090909091,0.09090909090909091,0.09090909090909091,0.09090909090909091,0.2111111111111111,0.2111111111111111,0.20202020202020202,0.20202020202020202,0.39166666666666666,0.3686868686868687,0.19444444444444442,0.19444444444444442,0.08333333333333333,0.08333333333333333,0.08333333333333333,0.19444444444444442,0.2159090909090909,0.2159090909090909,0.4428571428571429,0.6206349206349207,0.5595238095238095,0.5595238095238095,0.5595238095238095,0.5833333333333333,0.5833333333333333,0.7,0.7,0.5,0.5,0.6666666666666666,0.7,0.7,0.7,0.7,0.8428571428571427,0.8428571428571427,0.7333333333333334,0.5666666666666667,0.5666666666666667,0.6166666666666667,0.6166666666666667,0.6166666666666667,0.6166666666666667,0.7833333333333333,0.7833333333333333,0.7833333333333333,0.7833333333333333,0.7833333333333333,0.7833333333333333,0.7833333333333333,0.7833333333333333,0.25,0.25,0.25,0.25,0.25,0.25,0.25,0.25,0.25,0.25,0.25,0.25,0.25,0.25,0.25,0.25,0.25,0.25,0.25,0.25,0.25,0.25,0.25,0.25,0.25,0.25,0.25,0.25,0.3333333333333333,0.3333333333333333,0.3333333333333333,0.3333333333333333,0.3333333333333333,0.3333333333333333,0.3333333333333333,0.3333333333333333,0.3333333333333333,0.3333333333333333,0.3333333333333333,0.3333333333333333,0.3333333333333333,0.3333333333333333,0.3333333333333333,0.3333333333333333,0.3333333333333333,0.3333333333333333,0.3333333333333333,0.3333333333333333,0.3333333333333333,0.3333333333333333,0.3333333333333333,0.3333333333333333,0.3333333333333333,0.3333333333333333,0.3333333333333333,0.3333333333333333,0.3333333333333333,0.3333333333333333,0.3333333333333333,0.3333333333333333,0.3333333333333333,0,0,0,0,0,0,0,0,0,0,0,0,0,0,0,0,0,0,0,0,0,0,0,0
0,0,0,0,0,0,0,0,0,0,0,0,0,0,0,0,0,0,0,0,0,0,0,0,0,0,0,0,0,0,0,0,0,0,0,0,0,0,0,0,0,0,0,0,0,0,0,0,0,0,0,0,0,0,0,0,0,0,0,0,0,0,0,0,0,0,0,0,0,0,0,0,0,0,0,0,0,0,0,0,0,0,0,0,0,0,0,0,0,0,0,0,0,0,0,0,0,0,0,0,0,0,0,0,0,0,0,0,0,0,0,0,0,1.8583333333333332,1.8583333333333332,2.158333333333333,2.158333333333333,1.9261904761904762,1.9357142857142857,1.9357142857142857,1.9357142857142857,1.4261904761904762,1.4261904761904762,1.4261904761904762,1.5499999999999998,1.569047619047619,1.703968253968254,1.503968253968254,1.503968253968254,1.503968253968254,1.4345238095238093,1.4345238095238093,1.6845238095238095,1.6845238095238093,1.8845238095238095,2.075,2.075,2.075,2.075,2.011111111111111,1.961111111111111,2.161111111111111,1.7444444444444442,1.4944444444444442,1.461111111111111,1.461111111111111,1.461111111111111,1.461111111111111,1.461111111111111,1.436111111111111,1.4833333333333332,1.4833333333333332,1.3166666666666667,1.3166666666666667,1.2027777777777777,1.2027777777777777,1.144877344877345,1.053968253968254,1.0027777777777778,0.9416666666666665,0.9416666666666665,0.9416666666666665,0.9416666666666665,0.8166666666666665,0.8166666666666665,1.042857142857143,1.042857142857143,1.0361111111111112,1.0984126984126983,0.6968253968253968,0.6456349206349206,0.6127344877344877,0,0,0,0,0,0,0,0,0,0,0,0,0,0,0,0,0,0,0,0,0,0,0,0,0,0,0,0,0,0,0,0,0,0,0,0,0,0,0,0,0,0,0,0,0,0,0,0,0,0,0,0,0,0,0,0,0,0,0,0,0,0,0,0,0,0,0,0,0,0,0,0,0,0,0,0,0,0,0,0,0,0,0,0,0,0,0,0,0,0,0,0,0,0,0,0,0,0,0,0,0,0,0,0,0,0,0,0,0,0,0,0,0,0,0,0,0,0,0,0,0,0,0,0,0,0,0,0,0,0,0,0,0,0,0,0,0,0,0,0,0,0,0,0,0,0,0,0,0,0,0,0
0,0,0,0,0,0,0,0,0,0,0,0,0,0,0,0,0,0,0,0,0,0,0,0,0,0,0,0,0,0,0,0,0,0,0,0,0,0,0,0,0,0,0,0,0,0,0,0,0,0,0,0,0,0,0,0,0,0,0,0,0,0,0,0,0,0,0,0,0,0,0,0,0,0,0,0,0,0,0,0,0,0,0,0,0,0,0,0,0,0,0,0,0,0,0,0,0,0,0,0,0,0,0,0,0,0,0,0,0,0,0,0,0,0,0,0,0,0,0,0,0,0,0,0,0,0,0,0,0,0,0,0,0,0,0,0,0,0,0,0,0,0,0,0,0,0,0,0,0,0.29166666666666663,0.325,0.325,0.325,0.325,0.7027777777777777,0.7027777777777777,0.6448773448773449,0.553968253968254,0.5027777777777778,0.325,0.325,0.325,0.325,0.2,0.2,0.2,0.325,0.33611111111111114,0.36507936507936506,0.49682539682539684,0.47896825396825393,0.6698773448773448,0.7027777777777777,0.7027777777777777,0.5916666666666666,0.5916666666666666,0.5916666666666666,0.5916666666666666,0.5444444444444444,0.5004329004329005,0.5004329004329005,0.5004329004329005,0.49134199134199136,0.4004329004329004,0.48376623376623373,0.5595238095238095,0.5016233766233766,0.5016233766233766,0.5016233766233766,0.5016233766233766,0.5016233766233766,0.5016233766233766,0.6218253968253967,0.6218253968253968,0.4381313131313131,0.4381313131313131,0.6277777777777778,0.6047979797979799,0.40555555555555556,0.41944444444444445,0.30833333333333335,0.30833333333333335,0.30833333333333335,0.41944444444444445,0.4409090909090909,0.4409090909090909,0,0,0,0,0,0,0,0,0,0,0,0,0,0,0,0,0,0,0,0,0,0,0,0,0,0,0,0,0,0,0,0,0,0,0,0,0,0,0,0,0,0,0,0,0,0,0,0,0,0,0,0,0,0,0,0,0,0,0,0,0,0,0,0,0,0,0,0,0,0,0,0,0,0,0,0,0,0,0,0,0,0,0,0,0,0,0,0,0,0,0,0,0,0,0,0,0,0,0,0,0,0,0,0,0,0,0,0,0,0,0,0,0,0,0,0,0,0
0,0,0,0,0,0,0,0,0,0,0,0,0,0,0,0,0,0,0,0,0,0,0,0,0,0,0,0,0,0,0,0,0,0,0,0,0,0,0,0,0,0,0,0,0,0,0,0,0,0,0,0,0,0,0,0,0,0,0,0,0,0,0,0,0,0,0,0,0,0,0,5.666666666666667,3.1000000000000005,3.1000000000000005,3.3000000000000003,5.916666666666667,4.6000000000000005,3.4833333333333334,3.4833333333333334,3.6833333333333336,4.016666666666667,4.016666666666667,4.016666666666667,3.033333333333333,3.033333333333333,3.033333333333333,2.6952380952380954,2.6952380952380954,2.4595238095238092,2.4595238095238092,2.4595238095238092,2.4595238095238092,2.4595238095238092,2.4595238095238092,2.4595238095238092,2.6166666666666667,2.7333333333333334,2.15,1.9499999999999997,1.9499999999999997,1.9499999999999997,1.7833333333333332,1.7833333333333332,1.7833333333333332,2.2333333333333334,2.1166666666666667,1.95,1.45,1.65,1.45,1.7,1.2095238095238094,1.1928571428571428,1.1416666666666666,1.1416666666666666,0.9416666666666667,0.9416666666666667,1.5928571428571427,1.4857142857142858,1.4857142857142858,1.4857142857142858,1.1761904761904762,1.1761904761904762,1.1761904761904762,1.1,1.3190476190476188,1.0373015873015872,0.8373015873015872,0.9206349206349205,0.9206349206349205,0.8095238095238094,0.8095238095238094,0.8095238095238094,0.8095238095238094,1.0095238095238095,0.9916666666666667,0.9916666666666667,0.9916666666666667,0.9916666666666667,0.9777777777777779,0.9777777777777776,0.9777777777777776,0.8111111111111111,0.5611111111111111,0.5611111111111111,0.5611111111111111,0.5611111111111111,0.7611111111111111,0.7611111111111111,0.6444444444444444,0,0,0,0,0,0,0,0,0,0,0,0,0,0,0,0,0,0,0,0,0,0,0,0,0,0,0,0,0,0,0,0,0,0,0,0,0,0,0,0,0,0,0,0,0,0,0,0,0,0,0,0,0,0,0,0,0,0,0,0,0,0,0,0,0,0,0,0,0,0,0,0,0,0,0,0,0,0,0,0,0,0,0,0,0,0,0,0,0,0,0,0,0,0,0,0,0,0,0,0,0,0,0,0,0,0,0,0,0,0,0,0,0,0,0,0,0,0,0,0,0,0,0,0,0,0,0,0,0,0,0,0,0,0,0,0,0,0,0,0,0,0,0,0,0,0,0,0,0,0,0,0,0,0,0,0,0,0,0,0,0,0,0,0,0,0,0,0,0,0,0,0,0,0
0,0,0,0,0,0,0,0,0,0,0,0,0,0,0,0,0,0.5,0.5,0.5,0.5,0.5,0.5,0,0,0,0,0,0,0,0,0,0,0,0,0,0,0,0,0,0,0,0,0,0,0,0,0,0,0,0,0,0,0,0,0,0,0,0,0,0,0,0,0,0,0,0,0,0,0,0,0,0,0,0,0,0,0,0,0,0,0,0,0,0,0,0,0,0,0,0,0,0,0,0,0,0,0,0,0,0,0,0,0,0,0,0,0,0,0,0,0,0,0,0,0,0,0,0,0,0,0,0,0,0,0,0,0,0,0,0,0,0,0,0,0,0,0,0,0,0,0,0,0,0,0,0,0,0,0,0,0,0,0,0,0,0,0,0,0,0,0,0,0,0,0,0,0,0,0,0,0,0,0,0,0,0,0,0,0,0,0,0,0,0,0,0,0,0,0,0,0,0,0,0,0,0,0,0,0,0,0,0,0,0,0,0,0,0,0,0,0,0,0,0,0,0,0,0,0,0,0,0,0,0,0,0,0,0,0,0,0,0,0,0,0,0,0,0,0,0,0,0,0,0,0,0,0,0,0,0,0,0,0,0,0,0,0,0,0,0,0,0,0,0,0,0,0,0,0,0,0,0,0,0,0,0,0,0,0,0,0,0,0,0,0,0,0,0,0,0,0,0,0,0,0,0,0,0,0,0,0,0,0,0,0,0,0,0,0,0,0,0,0,0,0,0,0,0,0,0,0,0,0
0,0,0,0,0,0,0,0,0,0,0,0,0,0,0,0,0,0,0,0,0,0,0,0,0,0,0,0,0,0,0,0,0,0,0.3333333333333333,0.3333333333333333,0.3333333333333333,0.3333333333333333,0.3333333333333333,0.3333333333333333,0.3333333333333333,0.5333333333333333,0.5333333333333333,0.5333333333333333,0.5333333333333333,0.5333333333333333,0.5333333333333333,0.5333333333333333,0.8666666666666667,0,0,0,0,0,0,0,0,0,0,0,0,0,0,0,0,0,0,0,0,0,0,0,0,0,0,0,0,0,0,0,0,0,0,0,0,0,0,0,0,0,0,0,0,0,0,0,0,0,0,0,0,0,0,0,0,0,0,0,0,0,0,0,0,0,0,0,0,0,0,0,0,0,0,0,0,0,0,0,0,0,0,0,0,0,0,0,0,0,0,0,0,0,0,0,0,0,0,0,0,0,0,0,0,0,0,0,0,0,0,0,0,0,0,0,0,0,0,0,0,0,0,0,0,0,0,0,0,0,0,0,0,0,0,0,0,0,0,0,0,0,0,0,0,0,0,0,0,0,0,0,0,0,0,0,0,0,0,0,0,0,0,0,0,0,0,0,0,0,0,0,0,0,0,0,0,0,0,0,0,0,0,0,0,0,0,0,0,0,0,0,0,0,0,0,0,0,0,0,0,0,0,0,0,0,0,0,0,0,0,0,0,0,0,0,0,0,0,0,0,0,0,0,0,0,0,0,0,0,0,0,0,0,0,0,0,0,0,0,0,0,0,0,0,0,0,0,0,0,0,0,0,0,0,0,0,0,0,0,0,0,0,0,0,0,0,0,0,0,0,0,0,0,0,0
0,0,0,0,0,0,0,0,0,0,0,0,0,0,0,0,0,0,0,0,0,0,0,0,0,0,0,0,0,0,0,0,0,0,0,0,0,0,0,0,0,0,0,0,0,0,0,0,0,0,0,0,0,0,0,0,0,0,0,0,0,0,0,0,0,0,0,0,0,0,0,0,0,0,0,0,0,0,0,0,0,0,0,0,0,0,0,0,0,0,0,0,0,0,0,0,0,0,0,0,0,0,0,0,0,0,0,0,0,0,0,0,0,0,0,0,0,0,0,0,0,0,0,0,0,0,0.2777777777777778,0.2777777777777778,0.25396825396825395,0.25396825396825395,0.39285714285714285,0.39285714285714285,0.39285714285714285,0.39285714285714285,0.6428571428571428,0.5416666666666666,0.5416666666666666,0.5416666666666666,0.5416666666666666,0.5277777777777778,0.7277777777777779,0.7277777777777779,0.5611111111111111,0.5611111111111111,0.5111111111111111,0.5111111111111111,0.5111111111111111,0.4,0.4,0.4583333333333333,0.4583333333333333,0.4583333333333333,0.4583333333333333,0.4583333333333333,0.4444444444444444,0.4444444444444444,0.4095238095238095,0.4095238095238095,0.4095238095238095,0.4095238095238095,0.4095238095238095,0.4095238095238095,0.4095238095238095,0.4095238095238095,0.4095238095238095,0.4095238095238095,0.4095238095238095,0.3916666666666666,0,0,0,0,0,0,0,0,0,0,0,0,0,0,0,0,0,0,0,0,0,0,0,0,0,0,0,0,0,0,0,0,0,0,0,0,0,0,0,0,0,0,0,0,0,0,0,0,0,0,0,0,0,0,0,0,0,0,0,0,0,0,0,0,0,0,0,0,0,0,0,0,0,0,0,0,0,0,0,0,0,0,0,0,0,0,0,0,0,0,0,0,0,0,0,0,0,0,0,0,0,0,0,0,0,0,0,0,0,0,0,0,0,0,0,0,0,0,0,0,0,0,0,0,0,0,0,0,0,0,0,0,0,0,0,0,0,0,0,0,0,0,0,0,0,0,0,0,0,0,0,0,0,0,0,0
0,0,0,0,0,0,0,0,0,0,0,0,0,0,0,0,0,0,0,0,0,0,0,0,0,0,0,0,0,0,0,0,0,0,0,0,0,0,0,0,0,0,0,0,0,0,0,0,0,0,0,0,0,0,0,0,0,0,0,0,0,0,0,0,0,0,0,0,0,0,0,0,0,0,0,0,0,0,0,0,0,0,0,0,0,0,0,0,0,0,0,0,0,0,0,0,0,0,0,0,0,0,0,0,0,0,0,0,0,0,0,0,0,0,0,0,0,0,0,0,0,0,0,0,0,0,0,0,0,0,0,0,0,0,0,0,0,0,0,0,0,0,0,0,0,0,0,0,0,0,0,0,0,0,0,0,0.5877344877344878,0.49682539682539684,0.47896825396825393,0.46785714285714286,0.46785714285714286,0.6345238095238095,0.7773809523809523,0.6523809523809523,0.6523809523809523,0.5761904761904761,0.7011904761904761,0.5583333333333333,0.5873015873015872,0.5285714285714285,0.3678571428571429,0.23376623376623376,0.26666666666666666,0.26666666666666666,0.26666666666666666,0.7666666666666666,0.7666666666666666,0.7666666666666666,0.7666666666666666,0.5909090909090908,0.5909090909090908,0.5909090909090908,0.5075757575757576,0.5075757575757576,0.5,0.5833333333333333,0.5357142857142857,0.5357142857142857,0.5357142857142857,0.5357142857142857,0.5357142857142857,0.5357142857142857,0.5357142857142857,0.5357142857142857,0.325,0.325,0.29166666666666663,0.29166666666666663,0.3111111111111111,0,0,0,0,0,0,0,0,0,0,0,0,0,0,0,0,0,0,0,0,0,0,0,0,0,0,0,0,0,0,0,0,0,0,0,0,0,0,0,0,0,0,0,0,0,0,0,0,0,0,0,0,0,0,0,0,0,0,0,0,0,0,0,0,0,0,0,0,0,0,0,0,0,0,0,0,0,0,0,0,0,0,0,0,0,0,0,0,0,0,0,0,0,0,0,0,0,0,0,0,0,0,0,0,0,0,0,0,0,0,0,0,0,0,0,0,0,0,0,0,0,0,0,0,0
0,0,0,0,0,0,0,0,0,0,0,0,0,0,0,0,0,0,0,0,0,0,0,0,0,0,0,0,0,0,0,0,0,0,0,0,0,0,0,0,0,0,0,0,0,0,0,0,0,0,0,0,0,0,0,0,0,0,0,0,0,0,0,0,0,0,0,0,0,0,0,0,0,0,0,0,0,0,0,0,0,0,0,0,0,0,0,0,0,0,0,0,0,0,0,0,0,0,0,0,0,0,0,0,0,0,0,0,0,0,0,0,0,0,0,0,0,0,0,0,0,0,0,0,0,0,0,0,0,0,0,0,0,0,0,0,0,0,0,0,0,0,0,0,0,0,0,0,0,0,0,0,0,0,0,0,0,0,0,0,0,0,0,0,0,0,0,0,0,0,0,0,0,0,0,0,0,0,0,0,0,0,0,0,0,0,0,0,0,0,0,0,0,0,0,0,0,0,0,0,0,0,0,0,0,0,0,0,0,0,0,0,0,0,0,0,0,0,0,0,0,0,0,0,0,0,0,0,0,0,0,0,0,0,0,0,0,0,0,0,0,0.5333333333333333,0.8666666666666667,0.8666666666666667,0.8666666666666667,0.8666666666666667,0.8666666666666667,0.8666666666666667,1.0333333333333332,1.0333333333333332,1.0333333333333332,1.2333333333333332,1.2333333333333332,0.2,0.2,0.2,0.2,0.2,0.2,0.2,0.2,0.2,0.2,0.25,0.25,0.25,0.25,0.3333333333333333,0.3333333333333333,0.3333333333333333,0.3333333333333333,0.3333333333333333,0.3333333333333333,0.3333333333333333,0.3333333333333333,0.3333333333333333,0.3333333333333333,0.3333333333333333,0.3333333333333333,0.3333333333333333,0.3333333333333333,0.3333333333333333,0.3333333333333333,0.3333333333333333,0.3333333333333333,0.3333333333333333,0.3333333333333333,0.3333333333333333,0.3333333333333333,0.3333333333333333,0.3333333333333333,0.3333333333333333,0.3333333333333333,0.3333333333333333,0.3333333333333333,0.3333333333333333,0.3333333333333333,0.3333333333333333,0.3333333333333333,0.3333333333333333,0.3333333333333333,0.3333333333333333,0.3333333333333333,0.3333333333333333,0.3333333333333333,0.3333333333333333,0.3333333333333333,0.3333333333333333,0.3333333333333333,0.3333333333333333,0.3333333333333333,0.3333333333333333,0.3333333333333333,0.3333333333333333,0.3333333333333333,0.3333333333333333,0.3333333333333333,0,0,0,0,0,0,0
0,0,0,0,0,0,0,0,0,0,0,0,0,0,0,0,0,0,0,0,0,0,0,0,0,0,0,0,0,0,0,0.5,0.5,0.5,0.8333333333333333,0.8333333333333333,0.8333333333333333,0.8333333333333333,0.8333333333333333,1.1666666666666665,1.1666666666666665,1.3666666666666665,1.3666666666666665,1.3666666666666665,1.3666666666666665,1.3666666666666665,1.3666666666666665,1.3666666666666665,2.7,3.083333333333333,3.083333333333333,3.0,2.6666666666666665,2.6666666666666665,3.1666666666666665,3.0,3.0,3.0,3.0,3.3333333333333335,2.5833333333333335,2.5833333333333335,2.3166666666666664,2.3166666666666664,2.3166666666666664,2.816666666666667,4.65,4.85,4.65,4.65,4.783333333333333,3.5,3.183333333333333,3.183333333333333,3.3833333333333333,3.75,3.766666666666667,3.483333333333334,3.483333333333334,3.6833333333333336,4.016666666666667,4.0166666666666675,4.0166666666666675,3.5333333333333328,3.5333333333333328,3.5333333333333328,3.1952380952380954,3.1952380952380954,3.109523809523809,3.109523809523809,3.109523809523809,3.109523809523809,3.109523809523809,3.109523809523809,3.109523809523809,0.25,0.25,0.25,0.25,0.25,0.25,0.2,0.2,0.2,0.2,0.16666666666666666,0,0,0,0,0,0,0,0,0,0,0,0,0,0,0,0,0,0,0,0,0,0,0,0,0,0,0,0,0,0,0,0,0,0,0,0,0,0,0,0,0,0,0,0,0,0,0,0,0,0,0,0,0,0,0,0,0,0,0,0,0,0,0,0,0,0,0,0,0,0,0,0,0,0,0,0,0,0,0,0,0,0,0,0,0,0,0,0,0,0,0,0,0,0,0,0,0,0,0,0,0,0,0,0,0,0,0,0,0,0,0,0,0,0,0,0,0,0,0,0,0,0,0,0,0,0,0,0,0,0,0,0,0,0,0,0,0,0,0,0,0,0,0,0,0,0,0,0,0,0,0,0,0,0,0,0,0,0,0,0,0,0,0,0,0,0,0,0,0,0,0,0,0,0,0,0,0,0,0,0,0,0,0,0,0,0,0,0,0,0,0,0,0,0,0,0,0,0,0,0,0,0,0,0,0,0,0,0,0,0,0,0,0,0,0,0,0,0
0,0,0,0,0,0,0,0,0,0,0,0,0,0,0,0,0,0,0,0,0,0,0,0,0,0,0,0,0,0,0,0,0,0,0,0,0,0,0,0,0,0,0,0,0,0,0,0,0,0,0,0,0,0,0,0,0,0,0,0,0,0,0,0,0,0,0,0,0,0,0,0,0,0,0,0,0,0,0,0,0,0,0,0,0,0,0,0,0,0,0,0,0,0,0,0,0,0,0,0,0,0,0,0,0,0,0,0,0,0,0,0,0,0,0,0,0,0,0,0,0,0,0,0,0,0,0,0,0,0,0,0,0,0,0,0,0,0,0,0,0,0,0,0,0,0,0,0,0,0,0,0,0,0,0,0,0,0,0,0,0,0,0,0,0,0,0,0,0,0,0,0,0,0,0,0,0,0,0,0,0,0,0,0,0,0.6666666666666666,0.6266233766233766,0.6266233766233766,0.6266233766233766,0.6266233766233766,0.6266233766233766,0.6266233766233766,0.6357142857142857,0.6357142857142857,0.4159090909090909,0.4159090909090909,0.3916666666666666,0.38257575757575757,0.39444444444444443,0.4583333333333333,0.4583333333333333,0.4583333333333333,0.4583333333333333,0.4583333333333333,0.46590909090909094,0.46590909090909094,0.4928571428571429,0.4444444444444444,0.3333333333333333,0.5333333333333333,0.5333333333333333,0.5833333333333333,0.5833333333333333,0.6166666666666667,0.6166666666666667,0.41666666666666663,0.41666666666666663,0.5,0.5333333333333333,0.5333333333333333,0.5333333333333333,0.5333333333333333,0.6761904761904762,0.6761904761904762,0.8999999999999999,0.8999999999999999,0.8999999999999999,0.95,0.95,0.95,0.95,0.7833333333333333,0.7833333333333333,0.7833333333333333,0.7833333333333333,0.7833333333333333,0.7833333333333333,0.7833333333333333,0.7833333333333333,0,0,0,0,0,0,0,0,0,0,0,0,0,0,0,0,0,0,0,0,0,0,0,0,0,0,0,0,0,0,0,0,0,0,0,0,0,0,0,0,0,0,0,0,0,0,0,0,0,0,0,0,0,0,0,0,0,0,0,0,0,0,0,0,0,0,0,0,0,0,0,0,0,0,0,0,0,0,0,0,0,0,0,0,0
0,0,0,0,0,0,0,0,0,0,0,0,0,0,0,0,0,0,0,0,0,0,0,0,0,0,0,0,0,0,0,0,0,0,0,0,0,0,0,0,0,0,0,0,0,0,0,0,0,0,0,0,0,0,0,0,0,0,0,0,0,0,0,0,0,0,0,0,0,0,0,0,0,0,0,0,0,0,0,0,0,0,0,0,0,0,0,0,0,0,0,0,0,0,0,0,0,0,0,0,0,0,0,0,0,0,0,0,0,0,0,0,0,0,0,0,0,0,0,0,0,0,0,0,0,0,0,0,0,0,0,0,0,0,0,0,0,0,0,0,0,0,0,0,0,0,0,0,0,0,0,0,0,0,0,0,0,0,0,0,0,0,0,0,0,0,0,0,0,0,0,0,0,0,0,0,0,0,0.8527777777777777,0.7345238095238096,0.7345238095238096,0.7345238095238096,0.7254329004329003,0.6345238095238095,0.7016233766233767,0.6940476190476191,0.6837662337662338,0.6837662337662338,0.7075757575757576,0.7075757575757576,0.7075757575757576,0.7075757575757576,0.861111111111111,0.8611111111111112,0.8381313131313131,0.8381313131313131,0.861111111111111,0.8047979797979798,0.7527777777777778,0.7527777777777778,0.6416666666666666,0.6416666666666666,0.6416666666666666,0.7527777777777778,0.7920995670995671,0.6254329004329005,0.6634920634920636,0.6884920634920635,0.6190476190476191,0.8523809523809522,0.8523809523809524,0.8999999999999999,0.8999999999999999,0.8999999999999999,0.8999999999999999,0.8999999999999999,0.8999999999999999,0.9833333333333333,0.16666666666666666,0.16666666666666666,0.16666666666666666,0.16666666666666666,0.16666666666666666,0.16666666666666666,0.16666666666666666,0,0,0,0,0,0,0,0,0,0,0,0,0,0,0,0,0,0,0,0,0,0,0,0,0,0,0,0,0,0,0,0,0,0,0,0,0,0,0,0,0,0,0,0,0,0,0,0,0,0,0,0,0,0,0,0,0,0,0,0,0,0,0,0,0,0,0,0,0,0,0,0,0,0,0,0,0,0,0,0,0,0,0,0,0,0,0,0,0,0,0,0,0,0,0,0,0,0,0
0,0,0,0,0,0,0,0,0,0,0,0,0,0,0,0,0,0,0,0,0,0,0,0,0,0,0,0,0,0,0,0,0,0,0,0,0,0,0,0,0,0,0,0,0,0,0,0,0,0,0,0,0,0,0,0,0,0,0,0,0,0,0,0,0,0,0,0,0,0,0,0,0,0,0,0,0,0,0,0,0,0,0,0,0,0,0,0,1.6595238095238096,1.6595238095238096,1.6595238095238096,1.6595238095238096,1.6595238095238096,1.6595238095238096,1.6595238095238096,1.7,2.35,2.6333333333333333,2.6333333333333333,2.6333333333333333,2.6333333333333333,2.583333333333333,2.083333333333333,2.083333333333333,2.283333333333333,1.95,1.9499999999999997,1.7,1.7,1.7,1.45,1.3095238095238095,1.3428571428571427,1.1916666666666667,1.1916666666666667,0.9916666666666666,0.9916666666666666,0.8928571428571428,0.8690476190476191,0.8690476190476191,0.8690476190476191,0.726190476190476,0.726190476190476,0.726190476190476,0.7333333333333334,0.8690476190476191,0.753968253968254,0.753968253968254,0.5873015873015872,0.5873015873015872,0.5595238095238095,0.5595238095238095,0.8095238095238094,0.8095238095238095,1.0095238095238095,0.125,0.125,0.125,0.125,0.1111111111111111,0.1111111111111111,0.1111111111111111,0.1111111111111111,0.1111111111111111,0.1111111111111111,0.1111111111111111,0.1111111111111111,0.1111111111111111,0.1111111111111111,0.1111111111111111,0.125,0.125,0.125,0.125,0.1,0.1,0.09090909090909091,0,0,0,0,0,0,0,0,0,0,0,0,0,0,0,0,0,0,0,0,0,0,0,0,0,0,0,0,0,0,0,0,0,0,0,0,0,0,0,0,0,0,0,0,0,0,0,0,0,0,0,0,0,0,0,0,0,0,0,0,0,0,0,0,0,0,0,0,0,0,0,0,0,0,0,0,0,0,0,0,0,0,0,0,0,0,0,0,0,0,0,0,0,0,0,0,0,0,0,0,0,0,0,0,0,0,0,0,0,0,0,0,0,0,0,0,0,0,0,0,0,0,0,0,0,0,0,0,0,0,0,0,0,0,0,0,0,0,0,0,0,0,0,0,0,0,0,0,0,0,0,0,0,0,0,0,0,0,0,0,0,0,0,0,0,0,0
0,0,0,0,0,0,0,0,0,0,0,0,0,0,0,0,0,0,0,0,0,0,0,0,0,0,0,0,0,0,0,0,0,0,0,0,0,0,0,0,0,0,0,0,0,0,0,0,0,0,0,0,0,0,0,0,0,0,0,0,0,0,0,0,0,0,0,0,0,0,0,0,0,0,0,0,0,0,0,0,0,0,0,0,0,0,0,0,0,0,0,0,0,0,0,0,0,0,0,0,0,0,0,0,0,0,0,0,0,0,0,0,0,0,0,0,0,0,0,0,0.5833333333333333,0.25,0.25,0.25,0.2,0.25,0.25,0.25,0.25,0.25,0.375,0.375,0.375,0.375,0.375,0.25,0.25,0.25,0.25,0.2,0.4,0.6000000000000001,0.6000000000000001,0.6000000000000001,0.5666666666666667,0.5666666666666667,0.5666666666666667,0.5666666666666667,0.5666666666666667,0.6583333333333333,0.6583333333333333,0.6583333333333333,0.4916666666666667,0.4916666666666667,0.4777777777777778,0.4777777777777778,0.4666666666666667,0.4666666666666667,0.43333333333333335,0.4666666666666667,0.4666666666666667,0.6333333333333333,0.7761904761904761,0.7761904761904761,0.7761904761904761,0.7999999999999999,0.9249999999999999,0.7999999999999999,0.8444444444444443,0.7285714285714284,0.8499999999999999,0.6087662337662337,0.6416666666666666,0.8873015873015873,0.7761904761904762,0.7761904761904762,0.7761904761904762,0.7761904761904762,0.675,0.5825757575757575,0.5825757575757575,0.5825757575757575,0.5825757575757575,0.5825757575757575,0.6420995670995672,0.7178571428571429,0.6107142857142858,0.6107142857142858,0.6345238095238095,0.6345238095238095,0.6345238095238095,0.6345238095238095,0.7789682539682539,0.7789682539682541,0.7611111111111111,0.7611111111111111,0.775,0.7277777777777779,0.6805555555555556,0.6944444444444444,0.5833333333333333,0.5833333333333333,0.5833333333333333,0.5833333333333333,0.6011904761904762,0.4345238095238095,0.4523809523809524,0.47619047619047616,0.5,0,0,0,0,0,0,0,0,0,0,0,0,0,0,0,0,0,0,0,0,0,0,0,0,0,0,0,0,0,0,0,0,0,0,0,0,0,0,0,0,0,0,0,0,0,0,0,0,0,0,0,0,0,0,0,0,0,0,0,0,0,0,0,0,0,0,0,0,0,0,0,0,0,0,0,0,0,0,0,0,0,0,0,0,0,0,0,0,0,0,0,0,0,0,0,0,0,0,0,0,0,0,0,0,0,0,0,0,0,0,0,0,0,0,0
0,0,0,0,0,0,0,0,0,0,0,0,0,0,0,0,0,0,0,0,0,0,0,0,0,0,0,0,0,0,0,0,0,0,0,0,0,0,0,0,0,0,0,0,0,0,0,0,0,0,0,0,0,0,0,0,0,0,0,0,0,0,0,0,0,0,0,0,0,0,0,0,0,0,0,0,1.95,1.95,1.95,2.15,2.4833333333333334,2.4833333333333334,2.4833333333333334,2.083333333333333,2.4166666666666665,2.4166666666666665,2.2357142857142858,2.2357142857142858,0,0,0,0,0,0,0,0,0,0,0,0,0,0,0,0,0,0,0,0,0,0,0,0,0,0,0,0,0,0,0,0,0,0,0,0,0,0,0,0,0,0,0,0,0,0,0,0,0,0,0,0,0,0,0,0,0,0,0,0,0,0,0,0,0,0,0,0,0,0,0,0,0,0,0,0,0,0,0,0,0,0,0,0,0,0,0,0,0,0,0,0,0,0,0,0,0,0,0,0,0,0,0,0,0,0,0,0,0,0,0,0,0,0,0,0,0,0,0,0,0,0,0,0,0,0,0,0,0,0,0,0,0,0,0,0,0,0,0,0,0,0,0,0,0,0,0,0,0,0,0,0,0,0,0,0,0,0,0,0,0,0,0,0,0,0,0,0,0,0,0,0,0,0,0,0,0,0,0,0,0,0,0,0,0,0,0,0,0,0,0,0,0,0,0,0,0,0,0,0,0,0,0,0,0,0,0,0,0,0,0,0,0,0,0,0,0,0,0,0,0,0,0,0,0,0,0,0,0,0,0,0,0,0,0,0
0,0,0,0,0,0,0,0,0,0,0,0,0,0,0,0,0,0,0,0,0,0,0,0,0,0,0,0,0,0,0,0,0,0,0,0,0,0,0,0,0,0,0,0,0,0,0,0,0,0,0,0,0,0,0,0,0,0,0,0,0,0,0,0,0,0,0,0,0,0,0,0,0,0,0,0,0,0,0,0,0,0,0,0,0,0,0,0,0,0,0,0,0,0,0,0,0,0,0,0,0,0,0,0,0,0,0,0,0,0,0,0,0,0,0,0,0,0,0,0,0,0,0,0,0,0,0,0,0,0,0,0,0,0,0,0,0,0,0,0,0,0,0,0,0,0,0,0,0,0,0,0,0,0,0,0,0,0,0,0,0,0,0,0,0,0,0,0,0,0,0,0,0,0,0,0,0,0,0,0,0,0,0,0,0,0,0,0,0,0,0,0,0,0,0.527020202020202,0.527020202020202,0.5027777777777778,0.49368686868686873,0.4944444444444444,0.5583333333333333,0.5583333333333333,0.5583333333333333,0.5583333333333333,0.6694444444444445,0.6909090909090909,0.6909090909090909,0.7468253968253968,0.7123015873015872,0.6190476190476191,0.6523809523809523,0.6523809523809523,0.7499999999999999,0.7499999999999999,0.7833333333333333,0.7833333333333333,0.5833333333333333,0.5833333333333333,0.7,0.5833333333333333,0.5833333333333333,0.5833333333333333,0.5833333333333333,0.5833333333333333,0.5833333333333333,0.6666666666666666,0.6666666666666666,0.6666666666666666,0.6666666666666666,0.6666666666666666,0.6666666666666666,0.6666666666666666,0.5,0.5,0.16666666666666666,0.16666666666666666,0.16666666666666666,0.16666666666666666,0.16666666666666666,0.16666666666666666,0.25,0.25,0.25,0.5833333333333333,0.5833333333333333,0.5833333333333333,0.5833333333333333,0.5833333333333333,0.5833333333333333,0.6666666666666666,0.6666666666666666,0.6666666666666666,0.5333333333333333,0.5333333333333333,0.7,0.95,0.95,0.95,0.95,0.95,0.95,0.95,0.95,0.7833333333333333,0,0,0,0,0,0,0,0,0,0,0,0,0,0,0,0,0,0,0,0,0,0,0,0,0,0,0,0,0,0,0,0,0,0,0,0,0,0,0,0,0,0,0,0,0,0,0,0,0,0,0,0,0,0,0,0,0,0,0,0,0
0,0,0,0,0,0,0,0,0,0,0,0,0,0,0,0,0,0,0,0,0,0,0,0,0,0,0,0,0,0,0,0,0,0,0,0,0,0,0,0,0,0,0,0,0,0,0,0,0,0,0,0,0,0,0,0,0,0,0,0,0,0,0,0,0,0,0,0,0,0,0,0,0,0,0,0,0,0,0,0,0,0,0,0,0,0,0,0,0,0,0,0,0,0,0,0,0,0,0,0,0,0,0,0,0,0,0,0,0,0,0,0,0,0,0,0,0,0,0,0,0,0,0,0,0,0,0,0,0,0,0,0,0,0,0,0,0,0,0,0,0,0,0,0,0,0,0,0,0,0,0,0,0,0,0,0,0,0,0,0,0,0,0,0,0,0,0,0,0,0,0,0,0,0,0,0,0,0,0,0,0,0,0,0,0,0,0.5016233766233766,0.5016233766233766,0.5016233766233766,0.5016233766233766,0.5016233766233766,0.5016233766233766,0.6218253968253967,0.6218253968253968,0.4381313131313131,0.4381313131313131,0.46111111111111114,0.4381313131313131,0.40555555555555556,0.41944444444444445,0.30833333333333335,0.30833333333333335,0.30833333333333335,0.41944444444444445,0.4409090909090909,0.4409090909090909,0.4968253968253968,0.5456349206349206,0.4523809523809524,0.4857142857142857,0.4857142857142857,0,0,0,0,0,0,0,0,0,0,0,0,0,0,0,0,0,0,0,0,0,0,0,0,0,0,0,0,0,0,0,0,0,0,0,0,0,0,0,0,0,0,0,0,0,0,0,0,0,0,0,0,0,0,0,0,0,0,0,0,0,0,0,0,0,0,0,0,0,0,0,0,0,0,0,0,0,0,0,0,0,0,0,0,0,0,0,0,0,0,0,0,0,0,0,0,0,0,0,0,0,0,0,0,0,0,0,0,0,0,0,0,0
0,0,0,0,0,0,0,0,0,0,0,0,0,0,0,0,0,0,0,0,0,0,0,0,0,0,0,0,0,0,0,0,0,0,0,0,0,0,0,0,0,0,0,0,0,0,0,0,0,0,0,0,0,0,0,0,0,0,0,0,0,0,0,0,0,0,0,0,0,0,0,0,0,0,0,0,0,0,0,0,0,0,0,0,0,0,0,0,0,0,0,0,0,0,0,0,0,0,0,0,0,0,0,0,0,0,0,0,0,0,0,0,0,0,0,0,0,0,0,0,0,0,0,0,0,0,0,0,0,0,0,0,0,0,0,0,0,0,0,0,0,0,0,0,0,0,0,0,0,0,0,0,0,0,0,0,0,0,0,0,0,0,0,0,0,0,0,0,0,0,0,0,0,0,0,0,0,0,0,0,0,0,0.34090909090909094,0.25,0.25,0.25,0.25,0.25,0.25,0.25,0.25,0.25,0.25,0.25,0.2,0.2,0.16666666666666666,0.16666666666666666,0.2,0.25,0.25,0.25,0.25,0.25,0.25,0.25,0.45,0.3666666666666667,0.41666666666666663,0.41666666666666663,0.41666666666666663,0.41666666666666663,0.41666666666666663,0,0,0,0,0,0,0,0,0,0,0,0,0,0,0,0,0,0,0,0,0,0,0,0,0,0,0,0,0,0,0,0,0,0,0,0,0,0,0,0,0,0,0,0,0,0,0,0,0,0,0,0,0,0,0,0,0,0,0,0,0,0,0,0,0,0,0,0,0,0,0,0,0,0,0,0,0,0,0,0,0,0,0,0,0,0,0,0,0,0,0,0,0,0,0,0,0,0,0,0,0,0,0,0,0,0,0,0,0,0,0
0,0,0,0,0,0,0,0,0,0,0,0,0,0,0,0,0,0,0,0,0,0,0,0,0,0,0,0,0,0,0,0,0,0,0,0,0,0,0,0,0,0,0,0,0,0,0,0,0,0,0,0,0,0,0,0,0,0,0,0,0,0,0,0,0,0,0,0,0,0,0,0,0,0,0,0,0,0,0,0,0,0,0,0,0,0,0,0,0,0,0,0,0,0,0,0,0,0,0,0,0,0,0,0,0,0,0,0,0,0,0,0,0,0,0,0,0,0,0,0,0,0,0,0,0,0,0,0,0,0,0,0,0,0,0,0,0,0,0,0,0,0,0,0,0,0,0,0,0,0,0,0,0,0,0,0,0,0,0,0,0,0,0,0,0,0,0,0,0,0,0,0,0,0,0,0,0,0,1.0337662337662337,1.0337662337662337,1.0337662337662337,1.0337662337662337,0.9413419913419914,0.8504329004329004,0.819047619047619,0.6523809523809523,0.6107142857142858,0.6107142857142858,0.6345238095238095,0.6345238095238095,0.6345238095238095,0.6345238095238095,0.6678571428571429,0.6678571428571429,0.6361111111111111,0.6361111111111111,0.6361111111111111,0.6027777777777777,0.5444444444444444,0.5583333333333332,0.5583333333333332,0.5583333333333332,0.5583333333333332,0.5583333333333332,0.5583333333333333,0.3916666666666666,0.42063492063492064,0.4583333333333333,0.47619047619047616,0.7095238095238094,0.7095238095238096,0.7833333333333333,0.7833333333333333,0.7833333333333333,0.7833333333333333,0.7833333333333333,0.7833333333333333,0,0,0,0,0,0,0,0,0,0,0,0,0,0,0,0,0,0,0,0,0,0,0,0,0,0,0,0,0,0,0,0,0,0,0,0,0,0,0,0,0,0,0,0,0,0,0,0,0,0,0,0,0,0,0,0,0,0,0,0,0,0,0,0,0,0,0,0,0,0,0,0,0,0,0,0,0,0,0,0,0,0,0,0,0,0,0,0,0,0,0,0,0,0,0,0,0,0,0,0,0,0,0,0,0,0,0
0,0,0,0,0,0,0,0,0,0,0,0,0,0,0,0,0,0,0,0,0,0,0,0,0,0,0,0,0,0,0,0,0,0,0,0,0,0,0,0,0,0,0,0,0,0,0,0,0,0,0,0,0,0,0,0,0,0,0,0,0,0,0,0,0,0,0,0,0,0,0,0,0,0,0,0,0,0,0,0,0,0,0,0,0,0,0,0,0,0,0,0,0,0,0,0,0,0,0,0,0,0,0,0,0,0,0,0,0,0,0,0,0,0,0,0,0,0,0,0,0,0,0,0,0,0,0,0,0,0,0,0,0,0,0,0,0,0,0,0,0,0,0,0,0,0,0,0,0,0,0,0,0,0,0,0,0,0,0,0,0,0,0,0,0,0,0,0.1111111111111111,0.1111111111111111,0.1111111111111111,0.1111111111111111,0.3111111111111111,0.325,0.3111111111111111,0.2,0.2,0.2,0.2,0.16666666666666666,0.14285714285714285,0.14285714285714285,0.14285714285714285,0.14285714285714285,0.14285714285714285,0.14285714285714285,0.14285714285714285,0.125,0.125,0.125,0.125,0.125,0.125,0.125,0.125,0.1111111111111111,0.1111111111111111,0.1111111111111111,0.1111111111111111,0.1,0.1,0.1,0.1,0.1,0.2111111111111111,0.225,0.225,0.45396825396825397,0.6345238095238095,0.7023809523809523,0.8690476190476191,0.869047619047619,0.9166666666666666,0.9166666666666666,1.0333333333333334,1.0333333333333334,0.8333333333333333,0.8333333333333333,0.8666666666666666,0.95,0.95,0.95,0.95,0.95,0.95,0.8666666666666667,0.7,0.7,0.7,0.7,0.7,0.7,0.8666666666666667,0.8666666666666666,0.5333333333333333,0.5333333333333333,0.5333333333333333,0.5333333333333333,0.5333333333333333,0.5333333333333333,0.75,0.75,0.7,0.7,0.7,0.7,0.7,0.7,0.7,0.7833333333333333,0.7833333333333333,0.7833333333333333,0.65,0.65,0.7,0.95,0.95,0.95,0.95,0.95,0.95,0.95,0.95,0.95,1.4166666666666665,1.4166666666666665,1.4166666666666665,1.4166666666666665,0,0,0,0,0,0,0,0,0,0,0,0,0,0,0,0,0,0,0,0,0,0,0,0,0,0,0,0,0,0,0,0,0,0,0,0,0,0,0,0,0,0,0,0,0,0,0,0,0,0,0,0,0,0,0,0,0
